Abbreviation,Log Name_x,Veri. SMILES,a0,a1,a2,a3,a4,H_f_0K,S_300K ,SMILES,Molecule,Log Name_y,Log Path,Unnamed: 0,Log Mol. Objects
,,[O]C(O)(F)[C@](F)(OC(F)(F)C(F)(F)C(F)(F)F)C(F)(F)F,,,,,,,,[O]C([C@@](C(F)(F)F)(OC(C(C(F)(F)F)(F)F)(F)F)F)(F)O,C6HF12O3,frd_903_cof_OH,/qchem_data/log_to_pdb_in/frd_903_cof_OH.log,1,<rdkit.Chem.rdchem.Mol object at 0x7fe2d7a920a0>
,,C=C(F)C(F)(F)C(F)(F)F,,,,,,,,FC(=C)C(C(F)(F)F)(F)F,C4H2F6,31_butene,/qchem_data/log_to_pdb_in/31_butene.log,11,<rdkit.Chem.rdchem.Mol object at 0x7fe2d7a91fc0>
,,F.O=C(F)[C](F)C(F)(F)F,,,,,,,,FC(=O)[C](C(F)(F)F)F.F,C3HF6O,hfp_1oh_2rad_scanhf,/qchem_data/log_to_pdb_in/hfp_1oh_2rad_scanhf.log,15,<rdkit.Chem.rdchem.Mol object at 0x7fe2d7a92260>
,,C=C(F)C(F)(F)C(F)(F)C(F)(F)F,,,,,,,,FC(=C)C(C(C(F)(F)F)(F)F)(F)F,C5H2F8,41_pentene,/qchem_data/log_to_pdb_in/41_pentene.log,22,<rdkit.Chem.rdchem.Mol object at 0x7fe2d7a91af0>
,,OCCC(F)(F)C(F)(F)F,,,,,,,,OCCC(C(F)(F)F)(F)F,C4H5F5O,22ftoh,/qchem_data/log_to_pdb_in/22ftoh.log,24,<rdkit.Chem.rdchem.Mol object at 0x7fe2d7a91a10>
,,O=S(=O)(O)C(F)(F)C(F)(F)C(F)(F)C(F)(F)C(F)(F)C(F)(F)C(F)(F)F,,,,,,,,FC(C(C(C(C(C(C(F)(F)F)(F)F)(F)F)(F)F)(F)F)(F)F)(S([O])(O)[O])F,C7HF15O3S,pfhps,/qchem_data/log_to_pdb_in/pfhps.log,26,<rdkit.Chem.rdchem.Mol object at 0x7fe2d7a91930>
,,NS(=O)(=O)C(F)(F)C(F)(F)C(F)(F)C(F)(F)F,,,,,,,,FC(C(C(S(=O)(=O)N)(F)F)(F)F)(C(F)(F)F)F,C4H2F9NO2S,fbsa,/qchem_data/log_to_pdb_in/fbsa.log,28,<rdkit.Chem.rdchem.Mol object at 0x7fe2d7a91850>
,,C=CC(F)(F)C(F)(F)C(F)(F)C(F)(F)C(F)(F)F,,,,,,,,C=CC(C(C(C(C(F)(F)F)(F)F)(F)F)(F)F)(F)F,C7H3F11,52_heptene,/qchem_data/log_to_pdb_in/52_heptene.log,29,<rdkit.Chem.rdchem.Mol object at 0x7fe2d7a917e0>
,,F/C(=C(/F)C(F)(F)C(F)(F)F)C(F)(F)F.[F],,,,,,,,F/C(=C(\C(C(F)(F)F)(F)F)/F)/C(F)(F)F.[F],C5F11,c5_sec_tert_rad_isots,/qchem_data/log_to_pdb_in/c5_sec_tert_rad_isots.log,30,<rdkit.Chem.rdchem.Mol object at 0x7fe2d7a91770>
,,[O]C(F)(F)OC(F)(F)F,,,,,,,,[O]C(OC(F)(F)F)(F)F,C2F5O2,cf3o_cf2o_prod,/qchem_data/log_to_pdb_in/cf3o_cf2o_prod.log,31,<rdkit.Chem.rdchem.Mol object at 0x7fe2d7a91cb0>
,,FC(F)C(F)(F)C(F)(F)C(F)(F)C(F)(F)C(F)(F)C(F)(F)C(F)(F)C(F)(F)C(F)(F)C(F)(F)C(F)(F)F,,,,,,,,FC(C(C(C(C(C(C(C(C(C(C(C(F)(F)F)(F)F)(F)F)(F)F)(F)F)(F)F)(F)F)(F)F)(F)F)(F)F)(F)F)F,C12HF25,1H_dodecane,/qchem_data/log_to_pdb_in/1H_dodecane.log,33,<rdkit.Chem.rdchem.Mol object at 0x7fe2d7a91700>
,,CCC(F)(F)C(F)(F)C(F)(F)C(F)(F)F,,,,,,,,CCC(C(C(C(F)(F)F)(F)F)(F)F)(F)F,C6H5F9,42rh,/qchem_data/log_to_pdb_in/42rh.log,34,<rdkit.Chem.rdchem.Mol object at 0x7fe2d7a91690>
,,NS(=O)(=O)C(F)(F)C(F)(F)C(F)(F)C(F)(F)C(F)(F)C(F)(F)C(F)(F)C(F)(F)F,,,,,,,,FC(C(C(C(C(S(=O)(=O)N)(F)F)(F)F)(F)F)(F)F)(C(C(C(F)(F)F)(F)F)(F)F)F,C8H2F17NO2S,fosa,/qchem_data/log_to_pdb_in/fosa.log,35,<rdkit.Chem.rdchem.Mol object at 0x7fe2d7a91540>
,,NS(=O)(=O)CCC(F)(F)C(F)(F)C(F)(F)C(F)(F)C(F)(F)F,,,,,,,,NS(=O)(=O)CCC(C(C(C(C(F)(F)F)(F)F)(F)F)(F)F)(F)F,C7H6F11NO2S,52_ftsa,/qchem_data/log_to_pdb_in/52_ftsa.log,38,<rdkit.Chem.rdchem.Mol object at 0x7fe2d7a913f0>
,,F[C]C(F)(F)F,,,,,,,,F[C]C(F)(F)F,C2F4,cf3cf_carbene,/qchem_data/log_to_pdb_in/cf3cf_carbene.log,42,<rdkit.Chem.rdchem.Mol object at 0x7fe2d7a91230>
,,C=CC(F)(F)C(F)(F)C(F)(F)C(F)(F)F,,,,,,,,C=CC(C(C(C(F)(F)F)(F)F)(F)F)(F)F,C6H3F9,42_hexene,/qchem_data/log_to_pdb_in/42_hexene.log,43,<rdkit.Chem.rdchem.Mol object at 0x7fe2d7a912a0>
,,OC(F)(F)[C](F)C(F)(F)F,,,,,,,,F[C](C(F)(F)F)C(F)(F)O,C3HF6O,hfp_1oh_2nd,/qchem_data/log_to_pdb_in/hfp_1oh_2nd.log,45,<rdkit.Chem.rdchem.Mol object at 0x7fe2d7a910e0>
,,FC(F)C(F)(F)C(F)(F)C(F)(F)C(F)(F)C(F)(F)C(F)(F)C(F)(F)C(F)(F)C(F)(F)F,,,,,,,,FC(C(C(C(C(C(C(C(C(C(F)(F)F)(F)F)(F)F)(F)F)(F)F)(F)F)(F)F)(F)F)(F)F)F,C10HF21,1H_decane,/qchem_data/log_to_pdb_in/1H_decane.log,46,<rdkit.Chem.rdchem.Mol object at 0x7fe2d7a91070>
,,O=S(=O)(O)CCC(F)(F)C(F)(F)F,,,,,,,,FC(C(F)(F)F)(CCS([O])([O])O)F,C4H5F5O3S,22_fts,/qchem_data/log_to_pdb_in/22_fts.log,47,<rdkit.Chem.rdchem.Mol object at 0x7fe2d7a91000>
,,FC(F)=C(F)C(F)(F)F.[OH],,,,,,,,FC(=C(C(F)(F)F)F)F.[OH],C3HF6O,hfp_1oh_2rad_scan,/qchem_data/log_to_pdb_in/hfp_1oh_2rad_scan.log,53,<rdkit.Chem.rdchem.Mol object at 0x7fe2d7a90d60>
,,F.O=C1O[C@]1(OC(F)(F)C(F)(F)C(F)(F)F)C(F)(F)F,,,,,,,,O=C1O[C@]1(OC(C(C(F)(F)F)(F)F)(F)F)C(F)(F)F.F,C6HF11O3,frd_903_0HFAts_prod,/qchem_data/log_to_pdb_in/frd_903_0HFAts_prod.log,54,<rdkit.Chem.rdchem.Mol object at 0x7fe2d7a91150>
,,FC(F)C(F)(F)C(F)(F)C(F)(F)C(F)(F)C(F)(F)C(F)(F)C(F)(F)C(F)(F)F,,,,,,,,FC(C(C(C(C(C(C(C(C(F)(F)F)(F)F)(F)F)(F)F)(F)F)(F)F)(F)F)(F)F)F,C9HF19,1H_nonane,/qchem_data/log_to_pdb_in/1H_nonane.log,56,<rdkit.Chem.rdchem.Mol object at 0x7fe2d7a90cf0>
,,O=S(=O)(O)C(F)(F)F,,,,,,,,FC(S(O)([O])[O])(F)F,CHF3O3S,triflic,/qchem_data/log_to_pdb_in/triflic.log,59,<rdkit.Chem.rdchem.Mol object at 0x7fe2d7a90ac0>
,,FC(F)C(F)(F)C(F)(F)C(F)(F)C(F)(F)C(F)(F)C(F)(F)C(F)(F)C(F)(F)C(F)(F)C(F)(F)F,,,,,,,,FC(C(C(C(C(C(C(C(C(C(C(F)(F)F)(F)F)(F)F)(F)F)(F)F)(F)F)(F)F)(F)F)(F)F)(F)F)F,C11HF23,1H_undecane,/qchem_data/log_to_pdb_in/1H_undecane.log,60,<rdkit.Chem.rdchem.Mol object at 0x7fe2d7a90a50>
,,O=S(=O)(O)C(F)(F)C(F)(F)C(F)(F)F,,,,,,,,FC(C(C(S(O)([O])[O])(F)F)(F)F)(F)F,C3HF7O3S,pfprs,/qchem_data/log_to_pdb_in/pfprs.log,61,<rdkit.Chem.rdchem.Mol object at 0x7fe2d7a909e0>
,,O=C(O)CCC(F)(F)C(F)(F)C(F)(F)C(F)(F)C(F)(F)F,,,,,,,,OC(=O)CCC(C(C(C(C(F)(F)F)(F)F)(F)F)(F)F)(F)F,C8H5F11O2,53_ftca,/qchem_data/log_to_pdb_in/53_ftca.log,63,<rdkit.Chem.rdchem.Mol object at 0x7fe2d7a90120>
,,F[CH]C(F)(F)F,,,,,,,,F[CH]C(F)(F)F,C2HF4,cf3chf,/qchem_data/log_to_pdb_in/cf3chf.log,67,<rdkit.Chem.rdchem.Mol object at 0x7fe2d7a90660>
,,O=S(=O)(O)C(F)(F)C(F)(F)F,,,,,,,,FC(C(F)(F)F)(S([O])([O])O)F,C2HF5O3S,pfets,/qchem_data/log_to_pdb_in/pfets.log,68,<rdkit.Chem.rdchem.Mol object at 0x7fe2d7a906d0>
,,O[C](C(F)(F)F)C(F)(F)F,,,,,,,,O[C](C(F)(F)F)C(F)(F)F,C3HF6O,hfp_2oh_2rad_prod,/qchem_data/log_to_pdb_in/hfp_2oh_2rad_prod.log,69,<rdkit.Chem.rdchem.Mol object at 0x7fe2d7a90900>
,,O=S(=O)(O)CCC(F)(F)C(F)(F)C(F)(F)C(F)(F)F,,,,,,,,FC(C(C(C(F)(F)F)(F)F)(F)F)(CCS([O])([O])O)F,C6H5F9O3S,42_fts,/qchem_data/log_to_pdb_in/42_fts.log,70,<rdkit.Chem.rdchem.Mol object at 0x7fe2d7a92570>
,,F[C]C(F)(F)C(F)(F)C(F)(F)C(F)(F)C(F)(F)C(F)(F)F,,,,,,,,F[C]C(C(C(C(C(C(F)(F)F)(F)F)(F)F)(F)F)(F)F)(F)F,C7F14,1_octane_c7_carbene,/qchem_data/log_to_pdb_in/1_octane_c7_carbene.log,74,<rdkit.Chem.rdchem.Mol object at 0x7fe2d7ac52a0>
,,NS(=O)(=O)CCC(F)(F)C(F)(F)C(F)(F)F,,,,,,,,FC(C(C(F)(F)F)(F)F)(CCS(=O)(=O)N)F,C5H6F7NO2S,32_ftsa,/qchem_data/log_to_pdb_in/32_ftsa.log,78,<rdkit.Chem.rdchem.Mol object at 0x7fe2d7ac5380>
,,O=S(=O)(O)C(F)(F)C(F)(F)C(F)(F)C(F)(F)C(F)(F)C(F)(F)C(F)(F)C(F)(F)F,,,,,,,,FC(C(C(C(C(C(F)(F)F)(F)F)(F)F)(F)F)(F)F)(C(C(S([O])(O)[O])(F)F)(F)F)F,C8HF17O3S,pfos,/qchem_data/log_to_pdb_in/pfos.log,79,<rdkit.Chem.rdchem.Mol object at 0x7fe2d7ac53f0>
,,O=C(O)CCC(F)(F)C(F)(F)F,,,,,,,,OC(=O)CCC(C(F)(F)F)(F)F,C5H5F5O2,23_ftca,/qchem_data/log_to_pdb_in/23_ftca.log,81,<rdkit.Chem.rdchem.Mol object at 0x7fe2d7ac54d0>
,,NS(=O)(=O)C(F)(F)C(F)(F)C(F)(F)F,,,,,,,,FC(C(C(S(=O)(=O)N)(F)F)(F)F)(F)F,C3H2F7NO2S,fprsa,/qchem_data/log_to_pdb_in/fprsa.log,84,<rdkit.Chem.rdchem.Mol object at 0x7fe2d7ac5690>
,,O=C(O)OC(F)(F)C(F)(F)C(F)(F)F,,,,,,,,OC(=O)OC(C(C(F)(F)F)(F)F)(F)F,C4HF7O3,c3_oco2h,/qchem_data/log_to_pdb_in/c3_oco2h.log,85,<rdkit.Chem.rdchem.Mol object at 0x7fe2d7ac5700>
,,O[C](F)C(F)(F)C(F)(F)F,,,,,,,,O[C](C(C(F)(F)F)(F)F)F,C3HF6O,hfp_1oh_1rad_prod,/qchem_data/log_to_pdb_in/hfp_1oh_1rad_prod.log,86,<rdkit.Chem.rdchem.Mol object at 0x7fe2d7ac5770>
,,F[C](C(F)(F)C(F)(F)F)C(F)(F)C(F)(F)C(F)(F)C(F)(F)C(F)(F)F,,,,,,,,F[C](C(C(C(C(C(F)(F)F)(F)F)(F)F)(F)F)(F)F)C(C(F)(F)F)(F)F,C8F17,3_octyl,/qchem_data/log_to_pdb_in/3_octyl.log,87,<rdkit.Chem.rdchem.Mol object at 0x7fe2d7ac5620>
,,NS(=O)(=O)CCC(F)(F)C(F)(F)C(F)(F)C(F)(F)F,,,,,,,,FC(C(C(C(F)(F)F)(F)F)(F)F)(CCS(=O)(=O)N)F,C6H6F9NO2S,42_ftsa,/qchem_data/log_to_pdb_in/42_ftsa.log,89,<rdkit.Chem.rdchem.Mol object at 0x7fe2d7ac5850>
,,[O]C(O)(OC(F)(F)C(F)(F)C(F)(F)F)C(F)(F)F,,,,,,,,FC(C(OC(C(C(F)(F)F)(F)F)(F)F)(O)[O])(F)F,C5HF10O3,ester_oh,/qchem_data/log_to_pdb_in/ester_oh.log,90,<rdkit.Chem.rdchem.Mol object at 0x7fe2d7ac5930>
,,F/[C]=C(\F)C(F)(F)F,,,,,,,,F/[C]=C(/C(F)(F)F)\F,C3F5,propene_calpha_rad,/qchem_data/log_to_pdb_in/propene_calpha_rad.log,96,<rdkit.Chem.rdchem.Mol object at 0x7fe2d7ac5bd0>
,,O=C(O)CCC(F)(F)C(F)(F)C(F)(F)C(F)(F)F,,,,,,,,OC(=O)CCC(C(C(C(F)(F)F)(F)F)(F)F)(F)F,C7H5F9O2,43_ftca,/qchem_data/log_to_pdb_in/43_ftca.log,99,<rdkit.Chem.rdchem.Mol object at 0x7fe2d7ac5cb0>
,,O=S(=O)(O)CCC(F)(F)C(F)(F)C(F)(F)C(F)(F)C(F)(F)F,,,,,,,,[O]S(CCC(C(C(C(C(F)(F)F)(F)F)(F)F)(F)F)(F)F)(O)[O],C7H5F11O3S,52_fts,/qchem_data/log_to_pdb_in/52_fts.log,105,<rdkit.Chem.rdchem.Mol object at 0x7fe2d7ac5ee0>
,,O=S(=O)(O)C(F)(F)C(F)(F)C(F)(F)C(F)(F)C(F)(F)F,,,,,,,,[O]S(C(C(C(C(C(F)(F)F)(F)F)(F)F)(F)F)(F)F)(O)[O],C5HF11O3S,pfpes,/qchem_data/log_to_pdb_in/pfpes.log,111,<rdkit.Chem.rdchem.Mol object at 0x7fe2d7ac6260>
,,OCCC(F)(F)C(F)(F)C(F)(F)C(F)(F)C(F)(F)C(F)(F)F,,,,,,,,OCCC(C(C(C(C(C(F)(F)F)(F)F)(F)F)(F)F)(F)F)(F)F,C8H5F13O,62ftoh,/qchem_data/log_to_pdb_in/62ftoh.log,117,<rdkit.Chem.rdchem.Mol object at 0x7fe2d7ac6420>
,,NS(=O)(=O)C(F)(F)C(F)(F)C(F)(F)C(F)(F)C(F)(F)C(F)(F)C(F)(F)F,,,,,,,,FC(C(C(C(C(C(S(=O)(=O)N)(F)F)(F)F)(F)F)(F)F)(F)F)(C(F)(F)F)F,C7H2F15NO2S,fhpsa,/qchem_data/log_to_pdb_in/fhpsa.log,118,<rdkit.Chem.rdchem.Mol object at 0x7fe2d7ac6490>
,,F/[C]=C(/F)C(F)(F)F,,,,,,,,F/[C]=C(\C(F)(F)F)/F,C3F5,propene_talphaF_rad,/qchem_data/log_to_pdb_in/propene_talphaF_rad.log,120,<rdkit.Chem.rdchem.Mol object at 0x7fe2d7ac6570>
,,F[C]=C(F)F,,,,,,,,F[C]=C(F)F,C2F3,cf2cf,/qchem_data/log_to_pdb_in/cf2cf.log,121,<rdkit.Chem.rdchem.Mol object at 0x7fe2d7ac6730>
,,F[C](C(F)(F)C(F)(F)C(F)(F)F)C(F)(F)C(F)(F)C(F)(F)C(F)(F)F,,,,,,,,F[C](C(C(C(C(F)(F)F)(F)F)(F)F)(F)F)C(C(C(F)(F)F)(F)F)(F)F,C8F17,4_octyl,/qchem_data/log_to_pdb_in/4_octyl.log,124,<rdkit.Chem.rdchem.Mol object at 0x7fe2d7ac67a0>
,,OCCC(F)(F)C(F)(F)C(F)(F)C(F)(F)C(F)(F)F,,,,,,,,OCCC(C(C(C(C(F)(F)F)(F)F)(F)F)(F)F)(F)F,C7H5F11O,52ftoh,/qchem_data/log_to_pdb_in/52ftoh.log,126,<rdkit.Chem.rdchem.Mol object at 0x7fe2d7ac6880>
,,OCCC(F)(F)C(F)(F)C(F)(F)F,,,,,,,,OCCC(C(C(F)(F)F)(F)F)(F)F,C5H5F7O,32ftoh,/qchem_data/log_to_pdb_in/32ftoh.log,127,<rdkit.Chem.rdchem.Mol object at 0x7fe2d7ac6960>
,,[O]C(F)(F)C(F)(F)C(F)(F)F,,,,,,,,FC(C(F)(F)F)(C(F)(F)[O])F,C3F7O,c3f7o,/qchem_data/log_to_pdb_in/c3f7o.log,129,<rdkit.Chem.rdchem.Mol object at 0x7fe2d7ac6a40>
,,FC(F)=C(F)C(F)(F)C(F)(F)C(F)(F)F.[F],,,,,,,,FC(=C(C(C(C(F)(F)F)(F)F)(F)F)F)F.[F],C5F11,c5_prim_sec_rad_isots,/qchem_data/log_to_pdb_in/c5_prim_sec_rad_isots.log,135,<rdkit.Chem.rdchem.Mol object at 0x7fe2d7ac6c00>
,,F[C](F)C(F)=C(F)F,,,,,,,,F[C](C(=C(F)F)F)F,C3F5,allyl,/qchem_data/log_to_pdb_in/allyl.log,139,<rdkit.Chem.rdchem.Mol object at 0x7fe2d7ac6ea0>
,,[O]C(O)(F)C(F)(F)C(F)(F)F,,,,,,,,FC(C(F)(F)F)(C(F)(O)[O])F,C3HF6O2,c3f6oOH2nd,/qchem_data/log_to_pdb_in/c3f6oOH2nd.log,140,<rdkit.Chem.rdchem.Mol object at 0x7fe2d7ac6f10>
,,O=S(=O)(O)CCC(F)(F)C(F)(F)C(F)(F)F,,,,,,,,FC(C(C(F)(F)F)(F)F)(CCS(O)([O])[O])F,C5H5F7O3S,32_fts,/qchem_data/log_to_pdb_in/32_fts.log,143,<rdkit.Chem.rdchem.Mol object at 0x7fe2d7ac7060>
,,NS(=O)(=O)CCC(F)(F)C(F)(F)F,,,,,,,,FC(C(F)(F)F)(CCS(=O)(=O)N)F,C4H6F5NO2S,22_ftsa,/qchem_data/log_to_pdb_in/22_ftsa.log,144,<rdkit.Chem.rdchem.Mol object at 0x7fe2d7ac70d0>
,,CCC(F)(F)C(F)(F)C(F)(F)C(F)(F)C(F)(F)C(F)(F)F,,,,,,,,CCC(C(C(C(C(C(F)(F)F)(F)F)(F)F)(F)F)(F)F)(F)F,C8H5F13,62rh,/qchem_data/log_to_pdb_in/62rh.log,145,<rdkit.Chem.rdchem.Mol object at 0x7fe2d7ac7140>
,,CC,,,,,,,,CC,C2H6,c2h6,/qchem_data/log_to_pdb_in/c2h6.log,149,<rdkit.Chem.rdchem.Mol object at 0x7fe2d7ac6e30>
,,F[C](C(F)(F)C(F)(F)F)C(F)(F)C(F)(F)C(F)(F)F,,,,,,,,F[C](C(C(C(F)(F)F)(F)F)(F)F)C(C(F)(F)F)(F)F,C6F13,3_pentyl,/qchem_data/log_to_pdb_in/3_pentyl.log,151,<rdkit.Chem.rdchem.Mol object at 0x7fe2d7ac7370>
,,C=C(F)C(F)(F)C(F)(F)C(F)(F)C(F)(F)C(F)(F)F,,,,,,,,FC(=C)C(C(C(C(C(F)(F)F)(F)F)(F)F)(F)F)(F)F,C7H2F12,61_heptene,/qchem_data/log_to_pdb_in/61_heptene.log,153,<rdkit.Chem.rdchem.Mol object at 0x7fe2d7ac74c0>
,,F/C(=C(/F)C(F)(F)F)C(F)(F)F.[F],,,,,,,,F/C(=C(\C(F)(F)F)/F)/C(F)(F)F.[F],C4F9,c4_sec_sec_rad_isots,/qchem_data/log_to_pdb_in/c4_sec_sec_rad_isots.log,155,<rdkit.Chem.rdchem.Mol object at 0x7fe2d7ac75a0>
,,O=S(=O)(O)C(F)(F)C(F)(F)C(F)(F)C(F)(F)F,,,,,,,,FC(C(C(C(F)(F)F)(F)F)(F)F)(S(O)([O])[O])F,C4HF9O3S,pfbs,/qchem_data/log_to_pdb_in/pfbs.log,156,<rdkit.Chem.rdchem.Mol object at 0x7fe2d7ac73e0>
,,O[C@](F)([C](F)F)C(F)(F)F,,,,,,,,F[C]([C@@](C(F)(F)F)(F)O)F,C3HF6O,hfp_2oh,/qchem_data/log_to_pdb_in/hfp_2oh.log,157,<rdkit.Chem.rdchem.Mol object at 0x7fe2d7ac7610>
,,CCC(F)(F)C(F)(F)C(F)(F)C(F)(F)C(F)(F)F,,,,,,,,CCC(C(C(C(C(F)(F)F)(F)F)(F)F)(F)F)(F)F,C7H5F11,52rh,/qchem_data/log_to_pdb_in/52rh.log,158,<rdkit.Chem.rdchem.Mol object at 0x7fe2d7ac7680>
,,F[C](F)C(F)(F)[C](F)F,,,,,,,,F[C](C([C](F)F)(F)F)F,C3F6,cpropane_intts_prod,/qchem_data/log_to_pdb_in/cpropane_intts_prod.log,160,<rdkit.Chem.rdchem.Mol object at 0x7fe2d7ac77d0>
,,C=C(F)C(F)(F)F,,,,,,,,FC(=C)C(F)(F)F,C3H2F4,21_propene,/qchem_data/log_to_pdb_in/21_propene.log,161,<rdkit.Chem.rdchem.Mol object at 0x7fe2d7ac76f0>
,,CCC(F)(F)C(F)(F)C(F)(F)F,,,,,,,,CCC(C(C(F)(F)F)(F)F)(F)F,C5H5F7,32rh,/qchem_data/log_to_pdb_in/32rh.log,166,<rdkit.Chem.rdchem.Mol object at 0x7fe2d7ac7a70>
,,NS(=O)(=O)C(F)(F)F,,,,,,,,FC(S(=O)(=O)N)(F)F,CH2F3NO2S,triflate_amide,/qchem_data/log_to_pdb_in/triflate_amide.log,167,<rdkit.Chem.rdchem.Mol object at 0x7fe2d7ac7ae0>
,,F[C](C(F)(F)C(F)(F)C(F)(F)F)C(F)(F)C(F)(F)C(F)(F)F,,,,,,,,F[C](C(C(C(F)(F)F)(F)F)(F)F)C(C(C(F)(F)F)(F)F)(F)F,C7F15,4_heptyl,/qchem_data/log_to_pdb_in/4_heptyl.log,169,<rdkit.Chem.rdchem.Mol object at 0x7fe2d7ac7b50>
,,C=C(F)C(F)(F)C(F)(F)C(F)(F)C(F)(F)C(F)(F)C(F)(F)F,,,,,,,,FC(=C)C(C(C(C(C(C(F)(F)F)(F)F)(F)F)(F)F)(F)F)(F)F,C8H2F14,71_octene,/qchem_data/log_to_pdb_in/71_octene.log,170,<rdkit.Chem.rdchem.Mol object at 0x7fe2d7ac7bc0>
,,C=CC(F)(F)C(F)(F)C(F)(F)F,,,,,,,,C=CC(C(C(F)(F)F)(F)F)(F)F,C5H3F7,32_pentene,/qchem_data/log_to_pdb_in/32_pentene.log,171,<rdkit.Chem.rdchem.Mol object at 0x7fe2d7ac7ca0>
,,O=S(=O)(O)C(F)(F)C(F)(F)C(F)(F)C(F)(F)C(F)(F)C(F)(F)F,,,,,,,,[O]S(C(C(C(C(C(C(F)(F)F)(F)F)(F)F)(F)F)(F)F)(F)F)(O)[O],C6HF13O3S,pfhxs,/qchem_data/log_to_pdb_in/pfhxs.log,172,<rdkit.Chem.rdchem.Mol object at 0x7fe2d7ac7d10>
,,O=C(OC(F)F)C(F)(F)F,,,,,,,,FC(OC(=O)C(F)(F)F)F,C3HF5O2,cf2_tfa_prod,/qchem_data/log_to_pdb_in/cf2_tfa_prod.log,173,<rdkit.Chem.rdchem.Mol object at 0x7fe2d7ac7d80>
,,O=C(O)CCC(F)(F)C(F)(F)C(F)(F)F,,,,,,,,OC(=O)CCC(C(C(F)(F)F)(F)F)(F)F,C6H5F7O2,33_ftca,/qchem_data/log_to_pdb_in/33_ftca.log,177,<rdkit.Chem.rdchem.Mol object at 0x7fe2d7ac7ed0>
,,[O]C(O)(F)C(F)(F)F,,,,,,,,FC(C(F)([O])O)(F)F,C2HF4O2,tfcof_oh,/qchem_data/log_to_pdb_in/tfcof_oh.log,179,<rdkit.Chem.rdchem.Mol object at 0x7fe2d7ac7c30>
,,C=CC(F)(F)C(F)(F)F,,,,,,,,C=CC(C(F)(F)F)(F)F,C4H3F5,22_butene,/qchem_data/log_to_pdb_in/22_butene.log,181,<rdkit.Chem.rdchem.Mol object at 0x7fe2d7acc120>
,,NS(=O)(=O)C(F)(F)C(F)(F)C(F)(F)C(F)(F)C(F)(F)C(F)(F)F,,,,,,,,FC(C(C(C(C(C(S(=O)(=O)N)(F)F)(F)F)(F)F)(F)F)(F)F)(F)F,C6H2F13NO2S,fhxsa,/qchem_data/log_to_pdb_in/fhxsa.log,183,<rdkit.Chem.rdchem.Mol object at 0x7fe2d7acc270>
,,CCC(F)(F)C(F)(F)F,,,,,,,,CCC(C(F)(F)F)(F)F,C4H5F5,22rh,/qchem_data/log_to_pdb_in/22rh.log,184,<rdkit.Chem.rdchem.Mol object at 0x7fe2d7acc2e0>
,,C=CC(F)(F)C(F)(F)C(F)(F)C(F)(F)C(F)(F)C(F)(F)F,,,,,,,,C=CC(C(C(C(C(C(F)(F)F)(F)F)(F)F)(F)F)(F)F)(F)F,C8H3F13,62_octene,/qchem_data/log_to_pdb_in/62_octene.log,185,<rdkit.Chem.rdchem.Mol object at 0x7fe2d7acc350>
,,OCCC(F)(F)C(F)(F)C(F)(F)C(F)(F)F,,,,,,,,OCCC(C(C(C(F)(F)F)(F)F)(F)F)(F)F,C6H5F9O,42ftoh,/qchem_data/log_to_pdb_in/42ftoh.log,192,<rdkit.Chem.rdchem.Mol object at 0x7fe2d7acc660>
,,FC(F)=C(F)F.F[C]F,,,,,,,,FC(=C(F)F)F.F[C]F,C3F6,cpropane_picomplex,/qchem_data/log_to_pdb_in/cpropane_picomplex.log,194,<rdkit.Chem.rdchem.Mol object at 0x7fe2d7acc740>
,,OC(F)(F)C(F)(F)C(F)(F)C(F)(F)C(F)(F)C(F)(F)C(F)(F)C(F)(F)F,,,,,,,,OC(C(C(C(C(C(C(C(F)(F)F)(F)F)(F)F)(F)F)(F)F)(F)F)(F)F)(F)F,C8HF17O,pfooh,/qchem_data/log_to_pdb_in/pfooh.log,197,<rdkit.Chem.rdchem.Mol object at 0x7fe2d7acc820>
,,NS(=O)(=O)C(F)(F)C(F)(F)F,,,,,,,,FC(S(=O)(=O)N)(C(F)(F)F)F,C2H2F5NO2S,fetsa,/qchem_data/log_to_pdb_in/fetsa.log,198,<rdkit.Chem.rdchem.Mol object at 0x7fe2d7acc900>
,,NS(=O)(=O)C(F)(F)C(F)(F)C(F)(F)C(F)(F)C(F)(F)F,,,,,,,,FC(C(C(C(C(S(=O)(=O)N)(F)F)(F)F)(F)F)(F)F)(F)F,C5H2F11NO2S,fpnsa,/qchem_data/log_to_pdb_in/fpnsa.log,199,<rdkit.Chem.rdchem.Mol object at 0x7fe2d7acc970>
,,CCC,,,,,,,,CCC,C3H8,propane,/qchem_data/log_to_pdb_in/propane.log,201,<rdkit.Chem.rdchem.Mol object at 0x7fe2d7acca50>
,,F[CH]C(F)(F)C(F)(F)F,,,,,,,,F[CH]C(C(F)(F)F)(F)F,C3HF6,cf3cf2chf,/qchem_data/log_to_pdb_in/cf3cf2chf.log,202,<rdkit.Chem.rdchem.Mol object at 0x7fe2d7accac0>
,,O[C@@](F)([C](F)F)C(F)(F)F,,,,,,,,F[C]([C@](C(F)(F)F)(F)O)F,C3HF6O,hfp_2oh_1rad_prod,/qchem_data/log_to_pdb_in/hfp_2oh_1rad_prod.log,203,<rdkit.Chem.rdchem.Mol object at 0x7fe2d7accb30>
,,F[C@H](C(F)(F)F)C(F)(F)C(F)(F)F,,,,,,,,F[C@@H](C(C(F)(F)F)(F)F)C(F)(F)F,C4HF9,2Hbutane,/qchem_data/log_to_pdb_in/2Hbutane.log,206,<rdkit.Chem.rdchem.Mol object at 0x7fe2d7accc10>
,,O/C(F)=C(/F)C(F)(F)F.[F],,,,,,,,O/C(=C(\C(F)(F)F)/F)/F.[F],C3HF6O,hfp_1oh_ts,/qchem_data/log_to_pdb_in/hfp_1oh_ts.log,208,<rdkit.Chem.rdchem.Mol object at 0x7fe2d7accd60>
,,F[C](C(F)(F)C(F)(F)F)C(F)(F)C(F)(F)C(F)(F)C(F)(F)F,,,,,,,,F[C](C(C(C(C(F)(F)F)(F)F)(F)F)(F)F)C(C(F)(F)F)(F)F,C7F15,3_heptyl,/qchem_data/log_to_pdb_in/3_heptyl.log,209,<rdkit.Chem.rdchem.Mol object at 0x7fe2d7accdd0>
,,C=C(F)C(F)(F)C(F)(F)C(F)(F)C(F)(F)F,,,,,,,,FC(=C)C(C(C(C(F)(F)F)(F)F)(F)F)(F)F,C6H2F10,51_hexene,/qchem_data/log_to_pdb_in/51_hexene.log,210,<rdkit.Chem.rdchem.Mol object at 0x7fe2d7acce40>
,,O=C(O)CNS(=O)(=O)C(F)(F)C(F)(F)C(F)(F)C(F)(F)F,,,,,,,,OC(=O)CNS(=O)(=O)C(C(C(C(F)(F)F)(F)F)(F)F)(F)F,C6H4F9NO4S,nmefosaa,/qchem_data/log_to_pdb_in/nmefosaa.log,211,<rdkit.Chem.rdchem.Mol object at 0x7fe2d7acceb0>
,,F[C](F)C(F)F,,,,,,,,FC([C](F)F)F,C2HF4,cf2hcf2,/qchem_data/log_to_pdb_in/cf2hcf2.log,214,<rdkit.Chem.rdchem.Mol object at 0x7fe2d7acd000>
,,O=S(=O)(O)CCC(F)(F)C(F)(F)C(F)(F)C(F)(F)C(F)(F)C(F)(F)F,,,,,,,,[O]S(CCC(C(C(C(C(C(F)(F)F)(F)F)(F)F)(F)F)(F)F)(F)F)([O])O,C8H5F13O3S,62_fts,/qchem_data/log_to_pdb_in/62_fts.log,215,<rdkit.Chem.rdchem.Mol object at 0x7fe2d7acd070>
,,NS(=O)(=O)CCC(F)(F)C(F)(F)C(F)(F)C(F)(F)C(F)(F)C(F)(F)F,,,,,,,,NS(=O)(=O)CCC(C(C(C(C(C(F)(F)F)(F)F)(F)F)(F)F)(F)F)(F)F,C8H6F13NO2S,62_ftsa,/qchem_data/log_to_pdb_in/62_ftsa.log,216,<rdkit.Chem.rdchem.Mol object at 0x7fe2d7acd0e0>
,,O=C(F)[C](F)C(F)(F)F,,,,,,,,FC(=O)[C](C(F)(F)F)F,C3F5O,c3f5co,/qchem_data/log_to_pdb_in/c3f5co.log,218,<rdkit.Chem.rdchem.Mol object at 0x7fe2d7acd1c0>
