,Molecule_x,a0_x,a1_x,a2_x,a3_x,a4_x,S(300K)_x,S(300K)_rnd,Molecule_y,a0_y,a1_y,a2_y,a3_y,a4_y,H_f_0K,S(300K)_y
0,1H_butane,7.38406918946341,0.157711491532217,-0.0001492866132044,6.61496890342887e-08,-1.1137863004479001e-11,108.498,108.5,1Hbutane,7.3837,0.15771,-0.00014929,6.615e-08,-1.1138e-11,0.0,108.5
1,1H_decane,17.9751994057561,0.387067228170413,-0.0003773739256687,1.70582479093685e-07,-2.91353760490387e-11,193.248,193.25,1Hdecane,17.974,0.38707,-0.00037737,1.7058e-07,-2.9135e-11,0.0,193.25
2,1H_dodecane,21.3730096048736,0.463956434964742,-0.0004539477422089,2.05684206954774e-07,-3.5190277291971397e-11,220.307,220.31,1Hdodecane,21.372,0.46396,-0.00045395,2.0568e-07,-3.519e-11,0.0,220.31
3,1H_ethane,4.12196659788539,0.0803993491004098,-7.21442010221198e-05,3.07125644817559e-08,-5.01263246064514e-12,79.742,79.74,1Hethane,4.1218,0.080399,-7.2144e-05,3.0713e-08,-5.0126e-12,0.0,79.742
4,1H_hexane,10.9703760173843,0.233953913663549,-0.0002250337221582,1.00802233137526e-07,-1.71055585021946e-11,136.859,136.86,1Hhexane,10.97,0.23395,-0.00022503,1.008e-07,-1.7106e-11,0.0,136.86
5,1H_pentane,9.37201436880346,0.195179454686309,-0.000186344759304,8.30411368303745e-08,-1.4038436951356499e-11,123.173,123.17,1Hpentane,9.3716,0.19518,-0.00018634,8.3041e-08,-1.4038e-11,0.0,123.17
6,1H_propane,5.9302607495274,0.118456638622028,-0.0001099919163503,4.80603827262932e-08,-8.00685105341799e-12,95.577,95.58,1Hpropane,5.93,0.11846,-0.00010999,4.806e-08,-8.0068e-12,0.0,95.578
7,1H_undecane,19.6781339629012,0.425406850645654,-0.0004154802568927,1.88023085646938e-07,-3.21400541798054e-11,206.63,206.63,1Hundecane,19.677,0.42541,-0.00041548,1.8802e-07,-3.214e-11,0.0,206.63
8,21_propene,2.34174653836424,0.0943197733050446,-8.65517897510371e-05,3.8156233993382e-08,-6.45026261599321e-12,80.046,80.05,21_propene,2.3416,0.09432,-8.6552e-05,3.8156e-08,-6.4503e-12,0.0,80.045
9,22_fts,5.80724673731535,0.184796237820584,-0.0001631384914755,6.98340995325359e-08,-1.1540136849909099e-11,116.653,116.65,22fts,5.8068,0.1848,-0.00016314,6.9834e-08,-1.154e-11,0.0,116.65
10,22_ftsa,4.89818531769549,0.192447421048854,-0.0001676286841213,7.13580105527573e-08,-1.1768007108638499e-11,117.547,117.55,22ftsa,4.8978,0.19245,-0.00016763,7.1358e-08,-1.1768e-11,0.0,117.55
11,22ftoh,5.32087054071986,0.1360153345303,-0.0001083903477121,4.25235576573405e-08,-6.534367731831829e-12,100.024,100.02,22ftoh,5.3206,0.13602,-0.00010839,4.2523e-08,-6.5343e-12,0.0,100.02
12,22rh,3.92029369523984,0.125566577431405,-9.80468064794751e-05,3.79324691520719e-08,-5.7819724354145695e-12,92.757,92.76,22rh,3.92,0.12557,-9.8047e-05,3.7932e-08,-5.782e-12,0.0,92.759
13,23_ftca,3.83746675635455,0.166770900878152,-0.0001389346158866,5.66516855938858e-08,-9.000774903868269e-12,110.951,110.95,23ftca,3.8371,0.16677,-0.00013893,5.6652e-08,-9.0007e-12,0.0,110.95
14,31_butene,4.19234698011865,0.13201714327688,-0.0001238194563601,5.51521287555252e-08,-9.371403337221389e-12,95.363,95.36,31_butene,4.1921,0.13202,-0.00012382,5.5152e-08,-9.3714e-12,0.0,95.365
15,32_fts,7.32390446336758,0.223774465966057,-0.000202038383001,8.76924606598533e-08,-1.4623827358019598e-11,132.058,132.06,32fts,7.3234,0.22377,-0.00020204,8.7692e-08,-1.4624e-11,0.0,132.06
16,32_ftsa,6.52423472942065,0.231192513176198,-0.0002063003930886,8.91138440603e-08,-1.48345330661674e-11,132.862,132.86,32ftsa,6.5237,0.23119,-0.0002063,8.9114e-08,-1.4835e-11,0.0,132.86
17,32_pentene,5.09885219127788,0.161402569781818,-0.0001473223003759,6.43322914971436e-08,-1.0771169603071e-11,105.826,105.83,32_pentene,5.0985,0.1614,-0.00014732,6.4332e-08,-1.0771e-11,0.0,105.83
18,32ftoh,7.15415607722085,0.173639589765825,-0.0001453773355126,5.93170008224079e-08,-9.41194535487352e-12,118.367,118.37,32ftoh,7.1538,0.17364,-0.00014538,5.9317e-08,-9.4119e-12,0.0,118.37
19,32rh,5.75024724358818,0.163601097989793,-0.000135829012802,5.52101785698567e-08,-8.75592820166941e-12,108.8,108.8,32rh,5.7499,0.1636,-0.00013583,5.521e-08,-8.7559e-12,0.0,108.8
20,33_ftca,5.65924123064633,0.204793799563049,-0.0001766753256552,7.3899374957146e-08,-1.19679733439393e-11,127.082,127.08,33ftca,5.6588,0.20479,-0.00017668,7.3899e-08,-1.1968e-11,0.0,127.08
21,42_fts,8.98795652742177,0.262300050020243,-0.0002404019126724,1.05276830458135e-07,-1.76568242225948e-11,145.438,145.44,42fts,8.9874,0.2623,-0.0002404,1.0528e-07,-1.7657e-11,0.0,145.44
22,42_ftsa,8.21929978642446,0.269508833127552,-0.0002443501454258,1.06517316064288e-07,-1.7831472557035197e-11,146.033,146.03,42ftsa,8.2187,0.26951,-0.00024435,1.0652e-07,-1.7831e-11,0.0,146.03
23,42ftoh,8.72308596468291,0.212477096808538,-0.0001841296603829,7.71081661596294e-08,-1.2484460297755e-11,128.552,128.55,42ftoh,8.7226,0.21248,-0.00018413,7.7108e-08,-1.2484e-11,0.0,128.55
24,42rh,7.31598211788852,0.202455070374313,-0.0001746044241648,7.30152829426237e-08,-1.18314595055122e-11,121.66,121.66,42rh,7.3155,0.20246,-0.0001746,7.3015e-08,-1.1831e-11,0.0,121.66
25,43_ftca,7.28491489448645,0.243487983461934,-0.0002152775399374,9.16201329554483e-08,-1.5028340867887298e-11,140.153,140.15,43fta,7.2844,0.24349,-0.00021528,9.162e-08,-1.5028e-11,0.0,140.15
26,51_hexene,7.68464151109761,0.208557896223028,-0.0001999209470716,8.99867860779827e-08,-1.5373091522547698e-11,124.024,124.02,51_hexene,7.6842,0.20856,-0.00019992,8.9987e-08,-1.5373e-11,0.0,124.02
27,52_heptene,8.74416186527076,0.237521344479502,-0.0002229454721359,9.89254416225221e-08,-1.6728016219143598e-11,134.235,134.24,52_heptene,8.7437,0.23752,-0.00022295,9.8925e-08,-1.6728e-11,0.0,134.24
28,52rh,9.10330329643015,0.240608898828047,-0.0002125301177524,9.03735438663528e-08,-1.48219394848452e-11,135.866,135.87,52rh,9.1028,0.24061,-0.00021253,9.0373e-08,-1.4822e-11,0.0,135.87
29,53_ftca,8.89658359765292,0.282280769938013,-0.000254021576925,1.09419994736874e-07,-1.81040866942662e-11,153.887,153.89,53ftca,8.896,0.28228,-0.00025402,1.0942e-07,-1.8104e-11,0.0,153.89
30,61_heptene,9.33230691077879,0.247248010658594,-0.0002385518764194,1.07730847848177e-07,-1.8438593691156298e-11,137.792,137.79,61_heptene,9.3318,0.24725,-0.00023855,1.0773e-07,-1.8439e-11,0.0,137.79
31,62_fts,12.4215473285624,0.339139911751346,-0.0003169508814028,1.40374730643732e-07,-2.3712040931533298e-11,173.151,173.15,62fts,12.421,0.33914,-0.00031695,1.4037e-07,-2.3712e-11,0.0,173.15
32,62_ftsa,11.6393795012958,0.346480128518413,-0.0003211056286171,1.41736544183021e-07,-2.39112039914312e-11,173.914,173.91,62ftsa,11.639,0.34648,-0.00032111,1.4174e-07,-2.3911e-11,0.0,173.91
33,62_octene,10.4162402308375,0.276039864728333,-0.000261317020771,1.16520630164559e-07,-1.97641016102226e-11,147.991,147.99,62_octene,10.416,0.27604,-0.00026132,1.1652e-07,-1.9764e-11,0.0,147.99
34,62ftab,7.12144242131571,0.528497131094404,-0.0004210595029842,1.65602006495406e-07,-2.55821385782624e-11,224.933,224.93,62ftab,7.1203,0.5285,-0.00042106,1.656e-07,-2.5582e-11,0.0,224.93
35,62ftoh,12.1459775604203,0.289301622094133,-0.000260629066756,1.12171084842242e-07,-1.85320692448342e-11,156.237,156.24,62ftoh,12.145,0.2893,-0.00026063,1.1217e-07,-1.8532e-11,0.0,156.24
36,62rh,10.8214262901848,0.278997067304467,-0.0002507493212453,1.0788808045072e-07,-1.7842329318571698e-11,149.636,149.64,62rh,10.821,0.279,-0.00025075,1.0789e-07,-1.7842e-11,0.0,149.64
37,71_octene,11.2213487455261,0.285052511715887,-0.0002760403449499,1.24856761559818e-07,-2.13848533711147e-11,152.357,152.36,71_octene,11.221,0.28505,-0.00027604,1.2486e-07,-2.1385e-11,0.0,152.36
38,butylallyl,9.49906231274021,0.119842819998787,-0.0001169911210188,5.29715305365534e-08,-9.06685252713609e-12,106.349,106.35,C4F7,9.4988,0.11984,-0.00011699,5.2971e-08,-9.0669e-12,-274.97,106.35
39,c2f4,5.72383653271453,0.0581708732103092,-5.62412118482618e-05,2.5471621191362e-08,-4.37864242229018e-12,74.103,74.1,c2f4,5.7237,0.058171,-5.6241e-05,2.5472e-08,-4.3786e-12,0.0,74.103
40,c2f4o,5.19718938777494,0.0731912692169911,-7.05164756634325e-05,3.16736862473439e-08,-5.39301690573828e-12,79.898,79.9,C2F4O_CFO,5.197,0.073191,-7.0516e-05,3.1674e-08,-5.393e-12,-246.94,79.899
41,fbsa,11.2339767540292,0.221246767903771,-0.0002190578343242,1.01092786115521e-07,-1.75933832141251e-11,131.185,131.19,fbsa,11.233,0.22125,-0.00021906,1.0109e-07,-1.7593e-11,0.0,131.19
42,fetsa,7.80237616842876,0.144416535501712,-0.0001425113459242,6.59878345013528e-08,-1.15352353486265e-11,104.167,104.17,fetsa,7.802,0.14442,-0.00014251,6.5988e-08,-1.1535e-11,0.0,104.17
43,fhpsa,16.0368307682676,0.337430938316896,-0.0003348602390888,1.54208246285908e-07,-2.6759698377038297e-11,172.271,172.27,fhpsa,16.036,0.33743,-0.00033486,1.5421e-07,-2.676e-11,0.0,172.27
44,nmefosaa,11.7431650827422,0.276132537974519,-0.0002575414774578,1.14081212480054e-07,-1.928699422746e-11,153.137,153.14,nmefosaa,11.743,0.27613,-0.00025754,1.1408e-07,-1.9287e-11,0.0,153.14
45,pfbcof,8.78769092818602,0.149268459338973,-0.0001460142426034,6.61925835929024e-08,-1.1336160683472699e-11,109.982,109.98,pfbcof,8.7874,0.14927,-0.00014601,6.6193e-08,-1.1336e-11,0.0,109.98
46,pfboh,8.27299756791735,0.176399177353653,-0.0001740666667296,7.97127378090893e-08,-1.3763303616996799e-11,113.586,113.59,pfboh,8.2726,0.1764,-0.00017407,7.9713e-08,-1.3763e-11,0.0,113.59
47,pfbs,11.1754516139221,0.215190539573657,-0.0002154171878263,9.96728271854215e-08,-1.73438685082805e-11,129.892,129.89,pfbs,11.175,0.21519,-0.00021542,9.9673e-08,-1.7344e-11,0.0,129.89
48,pfeoh,4.6899304247481,0.100286717973968,-9.85796905037158e-05,4.5230831366243e-08,-7.832421056110529e-12,84.568,84.57,pfetoh,4.6897,0.10029,-9.858e-05,4.5231e-08,-7.8324e-12,0.0,84.567
49,pfets,7.86228570679831,0.137698272220388,-0.0001379024102106,6.40232369880016e-08,-1.1179606579069299e-11,101.57,101.57,pfets,7.862,0.1377,-0.0001379,6.4023e-08,-1.118e-11,0.0,101.57
50,pfhpa,12.7050889810553,0.274732172322735,-0.0002692684761412,1.22557791710661e-07,-2.10632610319777e-11,151.734,151.73,pfhpa,12.704,0.27473,-0.00026927,1.2256e-07,-2.1063e-11,0.0,151.73
51,pfhpoh,13.3743865181141,0.291742343800281,-0.0002889508833926,1.32381715618726e-07,-2.2849505893445298e-11,155.321,155.32,pfhpoh,13.374,0.29174,-0.00028895,1.3238e-07,-2.2849e-11,0.0,155.32
52,pfhps,16.2519305811943,0.330394077707744,-0.0003300072083536,1.52161460114668e-07,-2.6394053866114397e-11,172.057,172.06,pfhps,16.251,0.33039,-0.00033001,1.5216e-07,-2.6394e-11,0.0,172.06
53,pfhxa,10.9727721262858,0.236419919506264,-0.0002311604975987,1.0510699697279e-07,-1.8055645668974197e-11,137.721,137.72,pfhxa,10.972,0.23642,-0.00023116,1.0511e-07,-1.8056e-11,0.0,137.72
54,pfhxcof,12.2861443815734,0.225807074803073,-0.0002221378930417,1.01048780852645e-07,-1.73432101658844e-11,137.548,137.55,pfhxcof,12.286,0.22581,-0.00022214,1.0105e-07,-1.7343e-11,0.0,137.55
55,pfhxoh,11.6262043940364,0.253457684420742,-0.0002508630988926,1.14937570545782e-07,-1.98426023493232e-11,141.242,141.24,pfhxoh,11.626,0.25346,-0.00025086,1.1494e-07,-1.9843e-11,0.0,141.24
56,pfhxs,14.7846805395571,0.291184133563142,-0.0002907671501903,1.34101396995831e-07,-2.3268704729224798e-11,158.459,158.46,pfhxs,14.784,0.29118,-0.00029077,1.341e-07,-2.3269e-11,0.0,158.46
57,pfoa,14.427269217785,0.313104227692195,-0.000307473029139,1.40067541388083e-07,-2.4083285637641696e-11,165.667,165.67,pfoa,14.427,0.3131,-0.00030747,1.4007e-07,-2.4083e-11,0.0,165.67
58,pfocof,14.0798504394959,0.263934412770236,-0.0002600234956185,1.18382202237681e-07,-2.0328378049318e-11,151.881,151.88,pfocof,14.079,0.26393,-0.00026002,1.1838e-07,-2.0328e-11,0.0,151.88
59,pfooh,14.7737165394826,0.331207776686553,-0.0003285247932516,1.50625079438481e-07,-2.6010740899325696e-11,168.239,168.24,pfooh,14.773,0.33121,-0.00032852,1.5062e-07,-2.6011e-11,0.0,168.24
60,pfpeoh,9.96371060284604,0.214914946279663,-0.0002124645865249,9.73291889147161e-08,-1.6804191395478597e-11,127.536,127.54,pfpnoh,9.9632,0.21492,-0.00021246,9.7329e-08,-1.6804e-11,0.0,127.54
61,pfpes,12.9397390285632,0.253233453437959,-0.0002531019400487,1.16884683059398e-07,-2.0305697219308098e-11,144.31,144.31,pfpns,12.939,0.25323,-0.0002531,1.1688e-07,-2.0306e-11,0.0,144.31
62,pfpncof,10.4959083525232,0.187658279556438,-0.0001842154772806,8.3691068729556e-08,-1.4352591193132699e-11,123.371,123.37,pfpncof,10.495,0.18766,-0.00018422,8.3691e-08,-1.4353e-11,0.0,123.37
63,pfpra,5.728546176403,0.121560456457228,-0.0001168779656448,5.27577798183522e-08,-9.030624705888129e-12,96.242,96.24,pfpra,5.7283,0.12156,-0.00011688,5.2758e-08,-9.0306e-12,0.0,96.243
64,pfprcof,7.01482431170193,0.111099636220399,-0.0001080794275804,4.88296625522989e-08,-8.344492248947179e-12,95.56,95.56,pfprcof,7.0146,0.1111,-0.00010808,4.883e-08,-8.3445e-12,0.0,95.561
65,pfproh,6.82136921751067,0.137147773041608,-0.0001347893173583,6.16392524870513e-08,-1.06364459560862e-11,101.574,101.57,pfets,7.862,0.1377,-0.0001379,6.4023e-08,-1.118e-11,0.0,101.57
66,pfprs,9.53570332310659,0.176336259342476,-0.0001765000510078,8.17617686008144e-08,-1.4245847095444399e-11,116.915,116.92,pfprs,9.5353,0.17634,-0.0001765,8.1762e-08,-1.4246e-11,0.0,116.92
67,propene,4.41907550660414,0.0990532460372677,-9.6612242476917e-05,4.37718938533688e-08,-7.50027380648405e-12,84.441,84.44,propene,4.4189,0.099053,-9.6612e-05,4.3772e-08,-7.5002e-12,0.0,84.442
68,tfa,1.85197139815904,0.0837956561454363,-7.94170306963797e-05,3.56303121915694e-08,-6.08128519909625e-12,75.177,75.18,tfa,1.8518,0.083796,-7.9417e-05,3.563e-08,-6.0813e-12,0.0,75.178
69,tfcof,5.19692159008784,0.0731933327006083,-7.05236074977039e-05,3.16796699989828e-08,-5.39449280039892e-12,79.91,79.91,tfcof,5.1967,0.073193,-7.0524e-05,3.168e-08,-5.3945e-12,0.0,79.91
70,triflate_amide,5.75708807425743,0.107058623433367,-0.0001055108809212,4.91018460203465e-08,-8.63282271626857e-12,87.728,87.73,triflate_amide,5.7568,0.10706,-0.00010551,4.9102e-08,-8.6328e-12,0.0,87.728
71,triflic,6.09560322803163,0.0997487298140731,-0.0001003925537819,4.69339791313906e-08,-8.246251803791699e-12,87.01,87.01,triflic,6.0954,0.099749,-0.00010039,4.6934e-08,-8.2463e-12,0.0,87.011
