,Molecule,a0,a1,a2,a3,a4,H_f_0K,S_300K ,Unnamed: 0,S(300K)
0,O,4.9682,0.0,0.0,0.0,0.0,58.997,36.469,,
1,F,4.9682,0.0,0.0,0.0,0.0,18.47,36.176,,
2,HF,7.0265,-0.00037026,2.86e-07,3.51e-10,-1.43e-13,-65.18,41.525,,
3,O2,6.4985,0.0010753,2.07e-06,-1.91e-09,4.44e-13,0.0,48.998,,
4,CO2,4.7791,0.016904,-1.32e-05,5.17e-09,-8.06e-13,0.0,52.42,,
5,CF2,4.717,0.02003,-1.84e-05,7.84e-09,-1.27e-12,-46.34,57.490866,,
6,CFO,6.2029,0.012742,-9.09e-06,3.07e-09,-3.97e-13,-42.21,59.494,,
7,CF2O2,5.1022,0.046575,-4.5e-05,2.03e-08,-3.48e-12,-41.1,69.181,,
8,OH,7.075,-0.00071119,9.5e-07,-2.55e-11,-7.49e-14,8.91,42.602,,
9,H2O,7.7961,-0.0003717,3.9e-06,-1.99e-09,3.16e-13,-57.1,46.425211,,
10,CF2_OH,3.997,0.043748,-4.08e-05,1.81e-08,-3.07e-12,-109.79,13.856,,
11,CF2_H2O,14.805,0.024927,-2.07e-05,9.06e-09,-1.56e-12,-104.47,81.788,,
12,CF2H2O,2.7417,0.048881,-3.95e-05,1.58e-08,-2.47e-12,-159.19,65.583,,
13,CF2_2H2O,16.729,0.054232,-5.16e-05,2.5e-08,-4.63e-12,-167.11,97.532,,
14,CF22H2O,14.805,0.024927,-2.07e-05,9.06e-09,-1.56e-12,-238.46,81.788,,
15,CF4,2.1845,0.056239,-5.59e-05,2.55e-08,-4.39e-12,-221.71,62.561,,
16,CF2O,3.5356,0.033932,-3.07e-05,1.32e-08,-2.16e-12,-144.2,61.794995,,
17,CF2O_H2O,13.759,0.038391,-3.25e-05,1.41e-08,-2.39e-12,-205.55,84.355874,,
18,CF2OH2O,2.7915,0.070727,-6.84e-05,3.16e-08,-5.52e-12,-217.61,70.838,,
19,CF2O_2H2O,16.608,0.066137,-6.25e-05,2.99e-08,-5.47e-12,-275.55,97.532,,
20,CF2O2H2O,8.1811,0.088948,-8.59e-05,4.05e-08,-7.26e-12,-295.56,88.046,,
21,CF3,3.5673,0.037178,-3.56e-05,1.57e-08,-2.64e-12,-111.17,65.368433,,
22,CF3O,3.3106,0.054168,-5.43e-05,2.5e-08,-4.31e-12,-101.42,69.645,,
23,C2F4,4.9648,0.061892,-6.2e-05,2.9e-08,-5.13e-12,-160.29,73.976691,,
24,C2F4_OH,5.5231,0.083345,-8.1e-05,3.69e-08,-6.35e-12,-210.36,24.195,,
25,C2F4O2,7.0756,0.085872,-8.46e-05,3.85e-08,-6.59e-12,-145.69,88.684,,
26,C2F4O_epox,2.7566,0.081434,-7.99e-05,3.63e-08,-6.21e-12,-230.5,76.054,,
27,C3F6O_epox,4.2664,0.11981,-0.00011762,5.33e-08,-9.12e-12,-337.64,91.474,,
28,C3F6O2_dioxane,4.2387,0.13347,-0.00013031,5.87e-08,-9.98e-12,0.0,95.386,,
29,C3F6O2_1st,8.4398,0.12567,-0.00012458,5.69e-08,-9.78e-12,0.0,106.04,,
30,C4F7O,8.9241,0.13439,-0.00013079,5.91e-08,-1.01e-11,-300.33,106.98,,
31,C2F3O,7.1063,0.052812,-4.91e-05,2.15e-08,-3.61e-12,-146.25,76.899,,
32,CF3CFOH,5.4323,0.083676,-8.14e-05,3.71e-08,-6.4e-12,-231.88,83.107,,
33,CF2OH,4.0407,0.043616,-4.06e-05,1.8e-08,-3.05e-12,-109.79,67.02,,
34,C2F5,5.8156,0.073558,-7.11e-05,3.18e-08,-5.36e-12,-213.0,81.437321,,
35,C3F7,7.0521,0.11421,-0.00011277,5.1348,-8.8107e-12,-312.05,96.762,,
36,C4F9,8.816,0.15248,-0.00015088,6.88e-08,-1.18e-11,-409.98,114.89,,
37,C5F11,12.509,0.1821,-0.00017635,7.89e-08,-1.33e-11,-507.44,124.440708,,
38,C6F13,14.833,0.21805,-0.00021118,9.44e-08,-1.59e-11,-605.04,138.77868,,
39,C7F15,16.979,0.25448,-0.00024654,1.1e-07,-1.86e-11,-702.8,152.659706,,
40,C8F17,15.505,0.30662,-0.00030447,1.39e-07,-2.4e-11,-800.34,166.66,,
41,C3F4,6.1059,0.069647,-6.67e-05,3e-08,-5.12e-12,-119.08,81.873,,
42,C3F5,10.973,0.071301,-6.68e-05,2.93e-08,-4.92e-12,-160.82,90.468,,
43,butylallyl,9.4988,0.11984,-0.00011699,5.3e-08,-9.07e-12,-274.97,106.35,,
44,PFOA,14.415,0.31312,-0.00030747,1.4e-07,2.41e-11,-824.72,165.64,,
45,C7F15OH,13.438,0.29164,-0.0002889,1.32e-07,-2.28e-11,-803.55,155.44,,
46,C6F13OH,11.677,0.2534,-0.00025085,1.15e-07,-1.98e-11,-705.78,141.33,,
47,C5F11OH,10.013,0.21486,-0.00021245,9.73e-08,-1.68e-11,-608.21,127.61,,
48,C4F9OH,8.3241,0.17634,-0.00017406,7.97e-08,-1.38e-11,-510.19,113.68,,
49,C3F7OH,6.8733,0.13708,-0.0001347,6.16e-08,-1.06e-11,-412.21,101.53,,
50,C2F5OH,4.7496,0.1002,-9.85e-05,4.52e-08,-7.83e-12,-315.65,84.634,,
51,CF3OH,2.5913,0.063256,-6.19e-05,2.85e-08,-4.94e-12,-211.99,69.302,,
52,PFHpA,12.695,0.27476,-0.00026931,1.23e-07,-2.11e-11,-726.25,151.7,,
53,PFHxA,10.971,0.23643,-0.00023117,1.05e-07,-1.81e-11,-627.8,137.71,,
54,PFPnA,9.2229,0.19813,-0.00019306,8.77e-08,-1.5e-11,-529.33,123.69,,
55,PFBA,7.4932,0.15978,-0.00015489,7.02e-08,-1.2e-11,-430.68,110.04,,
56,PFPrA,5.734,0.12156,-0.00011689,5.28e-08,-9.03e-12,-331.96,96.214,,
57,TFA,3.9462,0.08361,-7.93e-05,3.56e-08,-6.09e-12,-250.52,80.676,,
58,C2F6,4.4745,0.092686,-9.19e-05,4.2e-08,-7.22e-12,-320.02,79.457408,,
59,C3F8,1.9759,0.054518,-1.01e-05,-6.9e-09,2.45e-12,-418.32,64.110605,,
60,C4F10,8.0151,0.16889,-0.00016744,7.65e-08,-1.32e-11,-516.57,112.543919,,
61,C5F12,9.7925,0.20703,-0.00020533,9.38e-08,-1.61e-11,-615.05,126.598051,,
62,C6F14,11.36,0.24597,-0.00024426,1.1171e-07,-1.9232e-11,-713.26,139.81,,
63,C7F16,13.078,0.28431,-0.00028241,1.29e-07,-2.22e-11,-811.67,153.808976,,
64,C8F18,14.412,0.32398,-0.00032223,1.48e-07,-2.54e-11,-909.28,166.526512,,
65,CF3H,2.8492,0.04023,-3.15e-05,1.18e-08,-1.71e-12,-164.85,62.105,,
66,C2F5H,4.1197,0.080406,-7.22e-05,3.07e-08,-5.01e-12,-263.33,79.748,,
67,C3F7H,5.9291,0.11846,-0.00011,4.81e-08,-8.01e-12,-361.38,95.555,,
68,C4F9H,7.3881,0.1577,-0.00014927,6.61e-08,-1.11e-11,-458.61,108.51,,
69,sC4F9H,6.6609,0.16006,-0.00015202,6.75e-08,-1.14e-11,-457.83,107.67,,
70,C5F11H,9.373,0.19517,-0.00018633,8.3e-08,-1.4e-11,-556.45,123.18,,
71,C6F13H,10.96,0.23396,-0.00022504,1.01e-07,-1.71e-11,-654.01,136.85,,
72,C7F15H,12.771,0.27204,-0.00026288,1.18e-07,-2.01e-11,-751.79,150.76,,
73,C8F17H,14.24,0.3113,-0.00030219,1.36e-07,-2.32e-11,-958.27,164.19,,
74,cC3F6,6.2633,0.099252,-9.6e-05,4.3e-08,-7.29e-12,-234.7,87.044,,
75,C3F6,6.3689,0.09903,-9.65e-05,4.37e-08,-7.48e-12,-264.42,89.765305,,
76,cC4F8,6.2333,0.14106,-0.00013679,6.14e-08,-1.04e-11,-370.51,96.448287,,
77,1C4F8,8.2447,0.13653,-0.00013345,6.05e-08,-1.04e-11,-371.81,104.398839,,
78,1C4F8_OH,8.959,0.16092,-0.00015895,7.29e-08,-1.26e-11,-419.97,44.901,,
79,2C4F8_OH,8.3784,0.16198,-0.00015979,7.32e-08,-1.27e-11,-414.97,44.591,,
80,2C4F8,7.1603,0.14015,-0.00013764,6.26e-08,-1.07e-11,-379.88,106.06,,
81,rC4F8,9.9754,0.13412,-0.00013135,5.94e-08,-1.01e-11,-296.79,107.9,,
82,1C5F10,10.062,0.17448,-0.00017105,7.77e-08,-1.33e-11,-470.07,119.44,,
83,2C5F10,9.1206,0.17742,-0.00017433,7.92e-08,-1.36e-11,-478.17,119.98,,
84,1C6F12,11.802,0.21282,-0.00020922,9.51e-08,-1.63e-11,-567.5,134.2,,
85,2C6F12,10.874,0.21558,-0.0002122,9.65e-08,-1.66e-11,-575.6,135.25,,
86,1C7F14,13.372,0.25169,-0.00024804,1.13e-07,-1.94e-11,-665.26,147.34,,
87,2C7F14,12.666,0.2538,-0.00025026,1.14e-07,-1.96e-11,-673.36,149.61,,
88,1C8F16,15.173,0.28984,-0.00028597,1.3e-07,-2.24e-11,-763.52,161.73,,
89,2C8F16,14.264,0.29254,-0.00028888,1.32e-07,-2.26e-11,-771.62,162.83,,
90,sC3F7,7.8084,0.11084,-0.00010769,4.83e-08,-8.17e-12,-318.55,99.051,,
91,sC4F9,8.7357,0.153,-0.00015161,6.92e-08,-1.19e-11,-417.63,113.918165,,
92,sC5F11,10.623,0.19066,-0.00018888,8.62e-08,-1.48e-11,-515.44,129.45,,
93,sC6F13,12.314,0.22917,-0.00022726,1.04e-07,-1.79e-11,-613.03,142.85,,
94,sC7F15,14.118,0.26726,-0.0002651,1.21e-07,-2.08e-11,-710.8,157.13,,
95,sC8F17,15.714,0.30607,-0.00030385,1.39e-07,-2.39e-11,-917.28,170.93,,
96,C2F4H2O,4.0754,0.088753,-7.97e-05,3.44e-08,-5.7e-12,-264.63,80.947,,
97,PFHPAL,14.026,0.26416,-0.00026033,1.19e-07,-2.04e-11,-723.56,151.43,,
98,PFHXAL,12.294,0.22583,-0.00022218,1.01e-07,-1.73e-11,-625.09,137.47,,
99,PFPNAL,10.555,0.18749,-0.00018403,8.36e-08,-1.43e-11,-526.63,123.47,,
100,PFBAL,8.7828,0.1493,-0.00014605,6.62e-08,-1.13e-11,-427.98,109.8,,
101,PFPAL,6.9898,0.11121,-0.00010823,4.89e-08,-8.36e-12,-329.38,95.557,,
102,TFAL,5.1988,0.073197,-7.05e-05,3.17e-08,-5.39e-12,-248.11,79.943,,
103,CFOH3,2.55,0.079268,-7.59e-05,3.52e-08,-6.19e-12,-207.12,71.934,,
104,CH2F,5.88,0.01476,-6.5e-06,1.08e-09,2.83e-15,-134.46,56.413,,
105,CF2OH2,2.252,0.072219,-7e-05,3.24e-08,-5.66e-12,-212.82,70.375,,
106,LACTONE,3.2354,0.064148,-6.22e-05,2.82e-08,-4.84e-12,-139.22,71.645,,
107,CH3,7.1829,0.0071344,9.56e-07,-1.68e-09,3.51e-13,35.82,50.1,,
108,CF2H,4.4063,0.023832,-1.61e-05,5.07e-09,-5.88e-13,-180.46,61.224,,
109,COOH2,1.5339,0.053254,-4.67e-05,2.02e-08,-3.39e-12,-145.57,64.209,,
110,CHO2H,3.6706,0.02813,-1.58e-05,4.02e-09,-3.26e-13,-88.67,59.346,,
111,CFHO,4.9136,0.018727,-8.94e-06,1.26e-09,1.18e-13,-199.45,58.965,,
112,CFOH,3.9553,0.027276,-2.21e-05,8.77e-09,-1.35e-12,-159.77,59.289,,
113,CFO2H,2.562,0.043465,-3.85e-05,1.66e-08,-2.75e-12,-147.28,63.717,,
114,CFO2,3.743,0.036252,-3.44e-05,1.52e-08,-2.53e-12,-80.0,64.74,,
115,CF2COHO,6.6578,0.060926,-5.53e-05,2.42e-08,-4.06e-12,-269.0,78.453,,
116,COOH,5.1135,0.022545,-1.7e-05,6.53e-09,-9.96e-13,-45.14,60.148,,
117,CO,7.1988,-0.0022294,5.64e-06,-3.46e-09,6.85e-13,-27.2,47.228,,
118,CF3CO,5.8249,0.059384,-5.84e-05,2.68e-08,-4.64e-12,-147.16,77.255,,
119,CHFO2,2.7681,0.043835,-3.97e-05,1.74e-08,-2.95e-12,0.0,63.927,,
120,CF2O_OH,2.885,0.063918,-6.36e-05,2.96e-08,-5.18e-12,0.0,70.725,,
121,TFCOF_OH,4.6524,0.10215,-0.0001018,4.72e-08,-8.23e-12,0.0,85.745,,
122,HFPO-DA,10.06,0.25241,-0.00024666,1.12e-07,-1.92e-11,0.0,143.52,,
123,HFPO-DAF,11.577,0.2409,-0.00023634,1.07e-07,-1.84e-11,0.0,144.76,,
124,HFPO-DAlac,9.2867,0.23195,-0.00022741,1.03e-07,-1.77e-11,0.0,138.47,,
125,HFPO-DAester,9.7623,0.20242,-0.00019772,8.94e-08,-1.53e-11,0.0,131.11,,
126,HFPO-DAest_OH,9.5262,0.23254,-0.00023163,1.07e-07,-1.85e-11,0.0,136.34,,
127,HFPO-DAF_OH,11.034,0.27026,-0.00026829,1.23e-07,-2.13e-11,0.0,148.82,,
128,E1,8.5402,0.21078,-0.00020132,8.97e-08,-1.51e-11,0.0,130.72,,
129,E1_minusH,9.656,0.20642,-0.00020377,9.27e-08,-1.59e-11,0.0,134.41,,
130,1H_butane,7.3837,0.15771,-0.00014929,6.615e-08,-1.1138e-11,0.0,,0.0,108.5
131,1H_decane,17.974,0.38707,-0.00037737,1.7058e-07,-2.9135e-11,0.0,,1.0,193.25
132,1H_dodecane,21.372,0.46396,-0.00045395,2.0568e-07,-3.519e-11,0.0,,2.0,220.31
133,1H_ethane,4.1218,0.080399,-7.2144e-05,3.0713e-08,-5.0126e-12,0.0,,3.0,79.742
134,1H_hexane,10.97,0.23395,-0.00022503,1.008e-07,-1.7106e-11,0.0,,4.0,136.86
135,1H_pentane,9.3716,0.19518,-0.00018634,8.3041e-08,-1.4038e-11,0.0,,5.0,123.17
136,1H_propane,5.93,0.11846,-0.00010999,4.806e-08,-8.0068e-12,0.0,,6.0,95.578
137,1H_undecane,19.677,0.42541,-0.00041548,1.8802e-07,-3.214e-11,0.0,,7.0,206.63
138,21_propene,2.3416,0.09432,-8.6552e-05,3.8156e-08,-6.4503e-12,0.0,,8.0,80.045
139,22_fts,5.8068,0.1848,-0.00016314,6.9834e-08,-1.154e-11,0.0,,9.0,116.65
140,22_ftsa,4.8978,0.19245,-0.00016763,7.1358e-08,-1.1768e-11,0.0,,10.0,117.55
141,22ftoh,5.3206,0.13602,-0.00010839,4.2523e-08,-6.5343e-12,0.0,,11.0,100.02
142,22rh,3.92,0.12557,-9.8047e-05,3.7932e-08,-5.782e-12,0.0,,12.0,92.759
143,23_ftca,3.8371,0.16677,-0.00013893,5.6652e-08,-9.0007e-12,0.0,,13.0,110.95
144,31_butene,4.1921,0.13202,-0.00012382,5.5152e-08,-9.3714e-12,0.0,,14.0,95.365
145,32_fts,7.3234,0.22377,-0.00020204,8.7692e-08,-1.4624e-11,0.0,,15.0,132.06
146,32_ftsa,6.5237,0.23119,-0.0002063,8.9114e-08,-1.4835e-11,0.0,,16.0,132.86
147,32_pentene,5.0985,0.1614,-0.00014732,6.4332e-08,-1.0771e-11,0.0,,17.0,105.83
148,32ftoh,7.1538,0.17364,-0.00014538,5.9317e-08,-9.4119e-12,0.0,,18.0,118.37
149,32rh,5.7499,0.1636,-0.00013583,5.521e-08,-8.7559e-12,0.0,,19.0,108.8
150,33_ftca,5.6588,0.20479,-0.00017668,7.3899e-08,-1.1968e-11,0.0,,20.0,127.08
151,42_fts,8.9874,0.2623,-0.0002404,1.0528e-07,-1.7657e-11,0.0,,21.0,145.44
152,42_ftsa,8.2187,0.26951,-0.00024435,1.0652e-07,-1.7831e-11,0.0,,22.0,146.03
153,42ftoh,8.7226,0.21248,-0.00018413,7.7108e-08,-1.2484e-11,0.0,,23.0,128.55
154,42rh,7.3155,0.20246,-0.0001746,7.3015e-08,-1.1831e-11,0.0,,24.0,121.66
155,43_ftca,7.2844,0.24349,-0.00021528,9.162e-08,-1.5028e-11,0.0,,25.0,140.15
156,51_hexene,7.6842,0.20856,-0.00019992,8.9987e-08,-1.5373e-11,0.0,,26.0,124.02
157,52_heptene,8.7437,0.23752,-0.00022295,9.8925e-08,-1.6728e-11,0.0,,27.0,134.24
158,52rh,9.1028,0.24061,-0.00021253,9.0373e-08,-1.4822e-11,0.0,,28.0,135.87
159,53_ftca,8.896,0.28228,-0.00025402,1.0942e-07,-1.8104e-11,0.0,,29.0,153.89
160,61_heptene,9.3318,0.24725,-0.00023855,1.0773e-07,-1.8439e-11,0.0,,30.0,137.79
161,62_fts,12.421,0.33914,-0.00031695,1.4037e-07,-2.3712e-11,0.0,,31.0,173.15
162,62_ftsa,11.639,0.34648,-0.00032111,1.4174e-07,-2.3911e-11,0.0,,32.0,173.91
163,62_octene,10.416,0.27604,-0.00026132,1.1652e-07,-1.9764e-11,0.0,,33.0,147.99
164,62ftab,7.1203,0.5285,-0.00042106,1.656e-07,-2.5582e-11,0.0,,34.0,224.93
165,62ftoh,12.145,0.2893,-0.00026063,1.1217e-07,-1.8532e-11,0.0,,35.0,156.24
166,62rh,10.821,0.279,-0.00025075,1.0789e-07,-1.7842e-11,0.0,,36.0,149.64
167,71_octene,11.221,0.28505,-0.00027604,1.2486e-07,-2.1385e-11,0.0,,37.0,152.36
168,butylallyl,9.4988,0.11984,-0.00011699,5.2971e-08,-9.0669e-12,-274.97,,38.0,106.35
169,c2f4,5.7237,0.058171,-5.6241e-05,2.5472e-08,-4.3786e-12,0.0,,39.0,74.103
170,c2f4o,5.197,0.073191,-7.0516e-05,3.1674e-08,-5.393e-12,-246.94,,40.0,79.899
171,fbsa,11.233,0.22125,-0.00021906,1.0109e-07,-1.7593e-11,0.0,,41.0,131.19
172,fetsa,7.802,0.14442,-0.00014251,6.5988e-08,-1.1535e-11,0.0,,42.0,104.17
173,fhpsa,16.036,0.33743,-0.00033486,1.5421e-07,-2.676e-11,0.0,,43.0,172.27
174,nmefosaa,11.743,0.27613,-0.00025754,1.1408e-07,-1.9287e-11,0.0,,44.0,153.14
175,pfbcof,8.7874,0.14927,-0.00014601,6.6193e-08,-1.1336e-11,0.0,,45.0,109.98
176,pfboh,8.2726,0.1764,-0.00017407,7.9713e-08,-1.3763e-11,0.0,,46.0,113.59
177,pfbs,11.175,0.21519,-0.00021542,9.9673e-08,-1.7344e-11,0.0,,47.0,129.89
178,pfeoh,4.6897,0.10029,-9.858e-05,4.5231e-08,-7.8324e-12,0.0,,48.0,84.567
179,pfets,7.862,0.1377,-0.0001379,6.4023e-08,-1.118e-11,0.0,,49.0,101.57
180,pfhpa,12.704,0.27473,-0.00026927,1.2256e-07,-2.1063e-11,0.0,,50.0,151.73
181,pfhpoh,13.374,0.29174,-0.00028895,1.3238e-07,-2.2849e-11,0.0,,51.0,155.32
182,pfhps,16.251,0.33039,-0.00033001,1.5216e-07,-2.6394e-11,0.0,,52.0,172.06
183,pfhxa,10.972,0.23642,-0.00023116,1.0511e-07,-1.8056e-11,0.0,,53.0,137.72
184,pfhxcof,12.286,0.22581,-0.00022214,1.0105e-07,-1.7343e-11,0.0,,54.0,137.55
185,pfhxoh,11.626,0.25346,-0.00025086,1.1494e-07,-1.9843e-11,0.0,,55.0,141.24
186,pfhxs,14.784,0.29118,-0.00029077,1.341e-07,-2.3269e-11,0.0,,56.0,158.46
187,pfoa,14.427,0.3131,-0.00030747,1.4007e-07,-2.4083e-11,0.0,,57.0,165.67
188,pfocof,14.079,0.26393,-0.00026002,1.1838e-07,-2.0328e-11,0.0,,58.0,151.88
189,pfooh,14.773,0.33121,-0.00032852,1.5062e-07,-2.6011e-11,0.0,,59.0,168.24
190,pfpeoh,9.9632,0.21492,-0.00021246,9.7329e-08,-1.6804e-11,0.0,,60.0,127.54
191,pfpes,12.939,0.25323,-0.0002531,1.1688e-07,-2.0306e-11,0.0,,61.0,144.31
192,pfpncof,10.495,0.18766,-0.00018422,8.3691e-08,-1.4353e-11,0.0,,62.0,123.37
193,pfpra,5.7283,0.12156,-0.00011688,5.2758e-08,-9.0306e-12,0.0,,63.0,96.243
194,pfprcof,7.0146,0.1111,-0.00010808,4.883e-08,-8.3445e-12,0.0,,64.0,95.561
195,pfproh,7.862,0.1377,-0.0001379,6.4023e-08,-1.118e-11,0.0,,65.0,101.57
196,pfprs,9.5353,0.17634,-0.0001765,8.1762e-08,-1.4246e-11,0.0,,66.0,116.92
197,propene,4.4189,0.099053,-9.6612e-05,4.3772e-08,-7.5002e-12,0.0,,67.0,84.442
198,tfa,1.8518,0.083796,-7.9417e-05,3.563e-08,-6.0813e-12,0.0,,68.0,75.178
199,tfcof,5.1967,0.073193,-7.0524e-05,3.168e-08,-5.3945e-12,0.0,,69.0,79.91
200,triflate_amide,5.7568,0.10706,-0.00010551,4.9102e-08,-8.6328e-12,0.0,,70.0,87.728
201,triflic,6.0954,0.099749,-0.00010039,4.6934e-08,-8.2463e-12,0.0,,71.0,87.011
