Molecule,SMILES,C,F,sp3 Total Bond Count,Pair Count sp3 C-F,Pair Count sp3 C-C,sp2 Total Bond Count,Pair Count sp2 C-C,C-C-C-C,C-C-C-F,F-C-C-C,F-C-C-F,Number of Rot. Bonds,O,H,Pair Count sp3 H-O,Pair Count sp3 C-O,H-O-C-F,H-O-C-C,O-C-C-C,O-C-C-F,F-C-C-O,C-C-C-O,C-C-O-H,F-C-O-H,Pair Count sp2 C-O,Pair Count sp3 C-H,F-C-C-H,O-C-C-H,Pair Count sp3 O-O,C-C-O-O,F-C-O-O,C-C-C-H,H-C-O-H,O-C-O-H,H-O-C-O,C-C-O-C,F-C-O-C,C-O-C-H,C-O-C-F,C-O-C-C,H-C-C-F,O-C-C-O,C-O-C-O,O-C-O-C,H-C-C-C,H-C-C-O,H-C-C-H
butene,FC(F)=C(F)C(F)(F)C(F)(F)F,4,8,10,46,9,1,1,1,5,1,8,2,,,,,,,,,,,,,,,,,,,,,,,,,,,,,,,,,,,
butene_OH,OC(F)(F)[C](F)C(F)(F)C(F)(F)F,4,8,13,65,21,,,1,5,3,10,4,1,1,2,3,2,1,1,1,,,,,,,,,,,,,,,,,,,,,,,,,,,
pentene,FC(F)=C(F)C(F)(F)C(F)(F)C(F)(F)F,5,10,13,72,19,1,1,2,7,3,12,3,,,,,,,,,,,,,,,,,,,,,,,,,,,,,,,,,,,
hexene,FC(F)=C(F)C(F)(F)C(F)(F)C(F)(F)C(F)(F)F,6,12,16,110,26,1,1,3,8,6,16,4,,,,,,,,,,,,,,,,,,,,,,,,,,,,,,,,,,,
heptene,FC(F)=C(F)C(F)(F)C(F)(F)C(F)(F)C(F)(F)C(F)(F)F,7,14,19,155,35,1,1,4,10,8,20,5,,,,,,,,,,,,,,,,,,,,,,,,,,,,,,,,,,,
octene,FC(F)=C(F)C(F)(F)C(F)(F)C(F)(F)C(F)(F)C(F)(F)C(F)(F)F,8,16,22,198,55,1,1,5,12,10,24,6,,,,,,,,,,,,,,,,,,,,,,,,,,,,,,,,,,,
butene_2OH,O[C@](F)([C](F)F)C(F)(F)C(F)(F)F,4,8,13,50,16,,,1,4,4,10,4,1,1,13,12,,,,,4,1,2,1,,,,,,,,,,,,,,,,,,,,,,,
2_pentene,F/C(=C(/F)C(F)(F)C(F)(F)F)C(F)(F)F,5,10,13,71,20,1,1,1,7,2,11,3,,,,,,,,,,,,,,,,,,,,,,,,,,,,,,,,,,,
2_hexene,F/C(=C(/F)C(F)(F)C(F)(F)C(F)(F)F)C(F)(F)F,6,12,16,114,22,1,1,2,9,4,15,4,,,,,,,,,,,,,,,,,,,,,,,,,,,,,,,,,,,
2_heptene,F/C(=C(/F)C(F)(F)C(F)(F)C(F)(F)C(F)(F)F)C(F)(F)F,7,14,19,141,49,1,1,3,11,6,19,5,,,,,,,,,,,,,,,,,,,,,,,,,,,,,,,,,,,
2_octene,F/C(=C(/F)C(F)(F)C(F)(F)C(F)(F)C(F)(F)C(F)(F)F)C(F)(F)F,8,16,22,191,62,1,1,4,13,8,23,6,,,,,,,,,,,,,,,,,,,,,,,,,,,,,,,,,,,
c2f3_o,O=C(F)[C](F)F,2,3,4,6,4,1,,,,,2,1,1,,,,,,,,2,,,,1,,,,,,,,,,,,,,,,,,,,,,
c2f4h2o_prod,OC(F)(F)C(F)F,2,4,8,15,4,,,,,,4,2,1,2,8,7,,,,2,,,1,2,,2,2,1,,,,,,,,,,,,,,,,,,,
c2f4o2,[O]OC(F)(F)[C](F)F,2,4,7,15,2,,,,,,4,2,2,,,6,,,,,2,,,,,,,,5,1,2,,,,,,,,,,,,,,,,
c2f4_oh,OC(F)(F)[C](F)F,2,4,7,13,2,,,,,,4,2,1,1,6,7,,,,,2,,1,2,,,,,,,,,,,,,,,,,,,,,,,
c2f5oh,OC(F)(F)C(F)(F)F,2,5,8,21,3,,,,,,6,2,1,1,8,4,,,,3,,,1,2,,,,,,,,,,,,,,,,,,,,,,,
c3f6o2_1st,[O]OC(F)(F)[C](F)C(F)(F)F,3,6,10,40,4,,,,5,,5,3,2,,,4,,,,,1,1,,,,,,,7,1,2,,,,,,,,,,,,,,,,
c3f7,F[C](F)C(F)(F)C(F)(F)F,3,7,9,36,9,,,,2,3,10,2,,,,,,,,,,,,,,,,,,,,,,,,,,,,,,,,,,,
propane1H,FC(F)C(F)(F)C(F)(F)F,3,7,10,36,9,,,,2,3,10,2,,1,,,,,,,,,,,,10,2,,,,,1,,,,,,,,,,,,,,,
c3f7oh,OC(F)(F)C(F)(F)C(F)(F)F,3,7,11,36,9,,,,2,3,10,3,1,1,11,10,,,,,2,1,1,2,,,,,,,,,,,,,,,,,,,,,,,
butane,FC(F)(F)C(F)(F)C(F)(F)C(F)(F)F,4,10,13,72,19,,,1,5,5,16,3,,,,,,,,,,,,,,,,,,,,,,,,,,,,,,,,,,,
c4f7_o,O=C(F)[C](F)C(F)(F)C(F)(F)F,4,7,10,41,14,1,,1,6,1,9,3,1,,,,,,,,1,1,,,1,,,,,,,,,,,,,,,,,,,,,,
c4_rad,F[C](F)C(F)(F)C(F)(F)C(F)(F)F,4,9,12,61,17,,,1,7,2,14,3,,,,,,,,,,,,,,,,,,,,,,,,,,,,,,,,,,,
butane1H,FC(F)C(F)(F)C(F)(F)C(F)(F)F,4,9,13,57,21,,,1,4,5,14,3,,1,,,,,,,,,,,,13,2,,,,,1,,,,,,,,,,,,,,,
c4f9oh,OC(F)(F)C(F)(F)C(F)(F)C(F)(F)F,4,9,14,61,17,,,1,5,4,14,4,1,1,13,14,,,1,2,,,1,2,,,,,,,,,,,,,,,,,,,,,,,
c5_rad,F[C](F)C(F)(F)C(F)(F)C(F)(F)C(F)(F)F,5,11,15,94,26,,,2,9,4,18,4,,,,,,,,,,,,,,,,,,,,,,,,,,,,,,,,,,,
pentane1H,FC(F)C(F)(F)C(F)(F)C(F)(F)C(F)(F)F,5,11,16,95,29,,,2,9,4,18,4,,1,,,,,,,,,,,,12,2,,,,,1,,,,,,,,,,,,,,,
c5f11oh,OC(F)(F)C(F)(F)C(F)(F)C(F)(F)C(F)(F)F,5,11,17,98,22,,,2,9,4,18,5,1,1,17,16,,,,,2,1,1,2,,,,,,,,,,,,,,,,,,,,,,,
pentane,FC(F)(F)C(F)(F)C(F)(F)C(F)(F)C(F)(F)F,5,12,16,102,34,,,2,7,7,20,4,,,,,,,,,,,,,,,,,,,,,,,,,,,,,,,,,,,
c6_rad,F[C](F)C(F)(F)C(F)(F)C(F)(F)C(F)(F)C(F)(F)F,6,13,18,132,39,,,3,11,6,22,5,,,,,,,,,,,,,,,,,,,,,,,,,,,,,,,,,,,
hexane1H,FC(F)C(F)(F)C(F)(F)C(F)(F)C(F)(F)C(F)(F)F,6,13,19,142,36,,,3,11,6,22,5,,1,,,,,,,,,,,,12,2,,,,,1,,,,,,,,,,,,,,,
c6f13oh,OC(F)(F)C(F)(F)C(F)(F)C(F)(F)C(F)(F)C(F)(F)F,6,13,20,144,29,,,3,11,6,22,6,1,1,18,19,,,,,2,1,1,2,,,,,,,,,,,,,,,,,,,,,,,
hexane,FC(F)(F)C(F)(F)C(F)(F)C(F)(F)C(F)(F)C(F)(F)F,6,14,19,151,39,,,3,9,9,24,5,,,,,,,,,,,,,,,,,,,,,,,,,,,,,,,,,,,
1_octane_c7_rad,F[C](F)C(F)(F)C(F)(F)C(F)(F)C(F)(F)C(F)(F)C(F)(F)F,7,15,21,178,53,,,4,13,8,26,6,,,,,,,,,,,,,,,,,,,,,,,,,,,,,,,,,,,
heptane1H,FC(F)C(F)(F)C(F)(F)C(F)(F)C(F)(F)C(F)(F)C(F)(F)F,7,15,22,181,61,,,4,13,8,26,6,,1,,,,,,,,,,,,11,2,,,,,1,,,,,,,,,,,,,,,
c7f15oh,OC(F)(F)C(F)(F)C(F)(F)C(F)(F)C(F)(F)C(F)(F)C(F)(F)F,7,15,23,184,47,,,4,13,8,26,7,1,1,22,23,,,,,2,1,1,2,,,,,,,,,,,,,,,,,,,,,,,
heptane,FC(F)(F)C(F)(F)C(F)(F)C(F)(F)C(F)(F)C(F)(F)C(F)(F)F,7,16,22,194,59,,,4,11,11,28,6,,,,,,,,,,,,,,,,,,,,,,,,,,,,,,,,,,,
1_octane_c8_rad,F[C](F)C(F)(F)C(F)(F)C(F)(F)C(F)(F)C(F)(F)C(F)(F)C(F)(F)F,8,17,24,224,76,,,5,15,10,30,7,,,,,,,,,,,,,,,,,,,,,,,,,,,,,,,,,,,
octane1H,FC(F)C(F)(F)C(F)(F)C(F)(F)C(F)(F)C(F)(F)C(F)(F)C(F)(F)F,8,17,25,230,85,,,5,15,10,30,7,,1,,,,,,,,,,,,10,2,,,,,1,,,,,,,,,,,,,,,
n_octane_twisted,FC(F)(F)C(F)(F)C(F)(F)C(F)(F)C(F)(F)C(F)(F)C(F)(F)C(F)(F)F,8,18,25,268,57,,,5,13,13,32,7,,,,,,,,,,,,,,,,,,,,,,,,,,,,,,,,,,,
cf2_2h2o_prod,O.OC(F)F,1,2,7,4,,,,,,,,1,2,4,16,2,,,,,,,,2,,6,,,,,,,1,,,,,,,,,,,,,,
cf2coho,O=C(O)[C](F)F,2,2,5,3,3,1,,,,,,2,2,1,5,4,,,,,4,,1,,1,,,,,,,,,1,,,,,,,,,,,,,
cf2_h2o_ts_prod,OC(F)F,1,2,5,5,,,,,,,,1,1,2,4,5,,,,,,,,2,,1,,,,,,,1,,,,,,,,,,,,,,
cf2o2_rad,[O]O[C](F)F,1,2,4,5,,,,,,,,1,2,,,1,,,,,,,,,,,,,4,,2,,,,,,,,,,,,,,,,
cf2o_2h2oprod,O.OC(O)(F)F,1,2,8,3,,,,,,,,2,3,4,24,9,,,,,,,,4,,,,,,,,,,2,,,,,,,,,,,,,
cf2oh,O[C](F)F,1,2,4,5,,,,,,,,1,1,1,1,4,2,,,,,,,,,,,,,,,,,,,,,,,,,,,,,,
cf2oh2,OC(O)(F)F,1,2,6,5,,,,,,,,2,2,2,10,6,,,,,,,,4,,,,,,,,,,2,,,,,,,,,,,,,
cf2o_oh,[O]C(O)(F)F,1,2,5,6,,,,,,,,1,2,1,2,7,2,,,,,,,,,,,,,,,,,,1,,,,,,,,,,,,
cf3cfoh,O[C](F)C(F)(F)F,2,4,7,17,1,,,,,,3,2,1,1,7,3,,,,3,,,1,1,,,,,,,,,,,,,,,,,,,,,,,
cfoh_cis,O[C]F,1,1,3,1,,,,,,,,1,1,1,3,2,,,,,,,,1,,,,,,,,,,,,,,,,,,,,,,,
cfoh3,OC(O)(O)F,1,1,7,3,,,,,,,,3,3,3,17,8,,,,,,,,3,,,,,,,,,,6,,,,,,,,,,,,,
co2h,O=[C]O,1,,2,,,1,,,,,,1,2,1,2,1,,,,,,,,,1,,,,,,,,,1,,,,,,,,,,,,,
e1,F[C@@H](OC(F)(F)C(F)(F)C(F)(F)F)C(F)(F)F,5,11,17,95,25,,,,2,3,13,5,1,1,,21,,,,3,2,1,,,,12,,,,,,,,,,1,2,1,1,1,3,,,,,,
e1_minusH,F[C](OC(F)(F)C(F)(F)C(F)(F)F)C(F)(F)F,5,11,16,92,24,,,,2,3,13,5,1,,,20,,,,3,2,1,,,,,,,,,,,,,,1,2,,1,1,,,,,,,
frd_903,O=C(O)[C@](F)(OC(F)(F)C(F)(F)C(F)(F)F)C(F)(F)F,6,11,19,102,36,1,,,5,3,13,7,3,1,16,36,,,,3,4,3,1,,1,,,,,,,,,1,,1,2,,1,2,,2,,,,,
frd_903_carbF,O=C(F)[C@](F)(OC(F)(F)C(F)(F)C(F)(F)F)C(F)(F)F,6,12,18,117,31,1,,,6,3,14,6,2,,,23,,,,4,3,2,,,1,,,,,,,,,,,1,2,,1,2,,1,,,,,
frd_903_carbF_OH,[O]C(O)(F)[C@](F)(OC(F)(F)C(F)(F)C(F)(F)F)C(F)(F)F,6,12,21,110,42,,,,6,3,14,7,3,1,21,58,,,,4,4,3,1,1,,,,,,,,,,1,,1,2,,1,2,,2,,,,,
ester_oh,[O]C(O)(OC(F)(F)C(F)(F)C(F)(F)F)C(F)(F)F,5,10,18,78,23,,,,2,3,10,6,3,1,17,53,,,,,11,1,1,,,,,,,,,,,2,,1,2,,,1,,,2,,,,
ester,O=C(OC(F)(F)C(F)(F)C(F)(F)F)C(F)(F)F,5,10,15,79,20,1,,,2,3,10,5,2,,,21,,,,6,2,1,,,1,,,,,,,,,,,1,2,,,1,,,1,,,,
frd_903_0HFAts_prod_minusHF,O=C1O[C@]1(OC(F)(F)C(F)(F)C(F)(F)F)C(F)(F)F,6,10,18,87,34,1,,,5,3,10,5,3,,,50,,,,6,2,1,,,1,,,,,,,,,,,1,2,,,2,,,1,,,,
1_butane,O=C(O)C(F)(F)C(F)(F)C(F)(F)F,4,7,12,35,20,1,,1,2,5,10,4,2,1,12,11,,,,,4,2,1,,1,,,,,,,,,1,,,,,,,,,,,,,
pfbal,O=C(F)C(F)(F)C(F)(F)C(F)(F)F,4,8,11,55,11,1,,1,3,5,12,3,1,,,,,,,,2,1,,,1,,,,,,,,,,,,,,,,,,,,,,
pfhpal,O=C(F)C(F)(F)C(F)(F)C(F)(F)C(F)(F)C(F)(F)C(F)(F)F,7,14,20,160,50,1,,4,12,8,24,6,1,,,,,,,,2,1,,,1,,,,,,,,,,,,,,,,,,,,,,
pfhxal,O=C(F)C(F)(F)C(F)(F)C(F)(F)C(F)(F)C(F)(F)F,6,12,17,117,36,1,,3,10,6,20,5,1,,,,,,,,2,1,,,1,,,,,,,,,,,,,,,,,,,,,,
1_heptane,O=C(O)C(F)(F)C(F)(F)C(F)(F)C(F)(F)C(F)(F)C(F)(F)F,7,13,21,151,60,1,,4,11,8,22,7,2,1,11,9,,,,,4,2,1,,1,,,,,,,,,1,,,,,,,,,,,,,
1_hexane,O=C(O)C(F)(F)C(F)(F)C(F)(F)C(F)(F)C(F)(F)F,6,11,18,109,39,1,,3,9,6,18,6,2,1,12,11,,,,,4,2,1,,1,,,,,,,,,1,,,,,,,,,,,,,
1_octane,O=C(O)C(F)(F)C(F)(F)C(F)(F)C(F)(F)C(F)(F)C(F)(F)C(F)(F)F,8,15,24,200,80,1,,5,13,10,26,8,2,1,11,9,,,,,4,2,1,,1,,,,,,,,,1,,,,,,,,,,,,,
pfpal,O=C(F)C(F)(F)C(F)(F)F,3,6,8,28,8,1,,,1,3,8,2,1,,,,,,,,2,1,,,1,,,,,,,,,,,,,,,,,,,,,,
pfpnal,O=C(F)C(F)(F)C(F)(F)C(F)(F)C(F)(F)F,5,10,14,83,22,1,,2,8,4,16,4,1,,,,,,,,2,1,,,1,,,,,,,,,,,,,,,,,,,,,,
1_pentane,O=C(O)C(F)(F)C(F)(F)C(F)(F)C(F)(F)F,5,9,15,71,28,1,,2,7,4,14,5,2,1,11,10,,,,,4,2,1,,1,,,,,,,,,1,,,,,,,,,,,,,
1_propane,O=C(O)OC(F)(F)C(F)(F)C(F)(F)F,4,7,13,34,11,1,,,2,3,10,5,3,1,12,34,,,,,2,1,,,1,,,,,,,,,2,,1,2,,,,,,,2,,,
tfcof_oh,[O]C(O)(F)C(F)(F)F,2,4,8,12,5,,,,,,3,2,2,1,8,11,,,,,6,,1,1,,,,,,,,,,1,,,,,,,,,,,,,
butylallyl,F[C](C(F)=C(F)F)C(F)(F)F,4,7,9,34,11,1,1,1,4,1,4,2,,,,,,,,,,,,,,,,,,,,,,,,,,,,,,,,,,,
cbutane_diradical,F[C](F)C(F)(F)C(F)(F)[C](F)F,4,8,11,54,12,,,1,2,6,12,3,,,,,,,,,,,,,,,,,,,,,,,,,,,,,,,,,,,
c4_secondary_rad,F[C](C(F)(F)F)C(F)(F)C(F)(F)F,4,9,12,62,16,,,1,7,2,11,3,,,,,,,,,,,,,,,,,,,,,,,,,,,,,,,,,,,
c4f9H_secondary,F[C@@H](C(F)(F)F)C(F)(F)C(F)(F)F,4,9,13,48,30,,,1,4,5,11,3,,1,,,,,,,,,,,,13,5,,,,,1,,,,,,,,,,,,,,,
c5_secondary_rad,F[C](C(F)(F)F)C(F)(F)C(F)(F)C(F)(F)F,5,11,15,97,23,,,2,9,4,15,4,,,,,,,,,,,,,,,,,,,,,,,,,,,,,,,,,,,
c6_secondary_rad,F[C](C(F)(F)F)C(F)(F)C(F)(F)C(F)(F)C(F)(F)F,6,13,18,134,37,,,3,11,6,19,5,,,,,,,,,,,,,,,,,,,,,,,,,,,,,,,,,,,
c7_secondary_rad,F[C](C(F)(F)F)C(F)(F)C(F)(F)C(F)(F)C(F)(F)C(F)(F)F,7,15,21,178,53,,,4,13,8,23,6,,,,,,,,,,,,,,,,,,,,,,,,,,,,,,,,,,,
c8_secondary_rad,F[C](C(F)(F)F)C(F)(F)C(F)(F)C(F)(F)C(F)(F)C(F)(F)C(F)(F)F,8,17,24,224,76,,,5,15,10,27,7,,,,,,,,,,,,,,,,,,,,,,,,,,,,,,,,,,,
1H_butane,FC(F)C(F)(F)C(F)(F)C(F)(F)F,4,9,13,67,20,,,1,5,4,14,3,,1,,,,,,,,,,,,4,,,,,,,,,,,,,,,2,,,,1,,
1H_decane,FC(F)C(F)(F)C(F)(F)C(F)(F)C(F)(F)C(F)(F)C(F)(F)C(F)(F)C(F)(F)C(F)(F)F,10,21,31,355,131,,,7,19,14,38,9,,1,,,,,,,,,,,,10,2,,,,,1,,,,,,,,,,,,,,,
1H_dodecane,FC(F)C(F)(F)C(F)(F)C(F)(F)C(F)(F)C(F)(F)C(F)(F)C(F)(F)C(F)(F)C(F)(F)C(F)(F)C(F)(F)F,12,25,37,507,189,,,9,23,18,46,11,,1,,,,,,,,,,,,7,2,,,,,1,,,,,,,,,,,,,,,
1H_hexane,FC(F)C(F)(F)C(F)(F)C(F)(F)C(F)(F)C(F)(F)F,6,13,19,144,27,,,3,8,9,22,5,,1,,,,,,,,,,,,19,2,,,,,1,,,,,,,,,,,,,,,
1H_pentane,FC(F)C(F)(F)C(F)(F)C(F)(F)C(F)(F)F,5,11,16,92,30,,,2,6,7,18,4,,1,,,,,,,,,,,,14,2,,,,,1,,,,,,,,,,,,,,,
1H_propane,FC(F)C(F)(F)C(F)(F)F,3,7,10,34,11,,,,2,3,10,2,,1,,,,,,,,,,,,10,2,,,,,1,,,,,,,,,,,,,,,
1H_undecane,FC(F)C(F)(F)C(F)(F)C(F)(F)C(F)(F)C(F)(F)C(F)(F)C(F)(F)C(F)(F)C(F)(F)C(F)(F)F,11,23,34,425,160,,,8,21,16,42,10,,1,,,,,,,,,,,,10,2,,,,,1,,,,,,,,,,,,,,,
22ftoh,OCCC(F)(F)C(F)(F)F,4,5,14,22,14,,,1,,5,6,4,1,5,14,11,,,,,,1,1,,,44,4,,,,,4,2,,,,,,,,,,,,,2,4
22rh,CCC(F)(F)C(F)(F)F,4,5,13,34,11,,,1,,5,6,3,,5,,,,,,,,,,,,46,4,,,,,5,,,,,,,,,,,,,,,6
23_ftca,O=C(O)CCC(F)(F)C(F)(F)F,5,5,15,45,20,1,,2,3,2,6,5,2,5,12,11,,,,,,2,1,,1,32,4,,,,,4,,1,,,,,,,,,,,2,4,4
31_butene,C=C(F)C(F)(F)C(F)(F)F,4,6,10,29,7,1,1,1,4,2,8,2,,2,,,,,,,,,,,,19,,,,,,,,,,,,,,,,,,,,,
32_pentene,C=CC(F)(F)C(F)(F)C(F)(F)F,5,7,13,45,10,1,1,2,5,4,10,3,,3,,,,,,,,,,,,36,2,,,,,1,,,,,,,,,,,,,,,
32ftoh,OCCC(F)(F)C(F)(F)C(F)(F)F,5,7,17,50,22,,,2,5,4,10,5,1,5,17,14,,,,,,1,1,,,50,4,,,,,4,2,,,,,,,,,,,,,2,4
32rh,CCC(F)(F)C(F)(F)C(F)(F)F,5,7,16,41,25,,,2,2,7,10,4,,5,,,,,,,,,,,,70,4,,,,,5,,,,,,,,,,,,,,,6
33_ftca,O=C(O)CCC(F)(F)C(F)(F)C(F)(F)F,6,7,18,83,33,1,,3,5,4,10,6,2,5,12,11,,,,,,2,1,,1,32,4,,,,,4,,1,,,,,,,,,,,2,4,4
42ftoh,OCCC(F)(F)C(F)(F)C(F)(F)C(F)(F)F,6,9,20,84,33,,,3,7,6,14,6,1,5,20,17,,,,,,1,1,,,56,4,,,,,4,2,,,,,,,,,,,,,2,4
42rh,CCC(F)(F)C(F)(F)C(F)(F)C(F)(F)F,6,9,19,66,39,,,3,4,9,14,5,,5,,,,,,,,,,,,85,4,,,,,5,,,,,,,,,,,,,,,6
43_ftca,O=C(O)CCC(F)(F)C(F)(F)C(F)(F)C(F)(F)F,7,9,21,116,48,1,,4,7,6,14,7,2,5,9,8,,,,,,2,1,,1,50,4,,,,,4,,1,,,,,,,,,,,2,4,4
51_hexene,C=C(F)C(F)(F)C(F)(F)C(F)(F)C(F)(F)F,6,10,16,84,23,1,1,3,8,6,16,4,,2,,,,,,,,,,,,29,,,,,,,,,,,,,,,,,,,,,
52_heptene,C=CC(F)(F)C(F)(F)C(F)(F)C(F)(F)C(F)(F)F,7,11,19,114,34,1,1,4,9,8,18,5,,3,,,,,,,,,,,,42,2,,,,,1,,,,,,,,,,,,,,,
52rh,CCC(F)(F)C(F)(F)C(F)(F)C(F)(F)C(F)(F)F,7,11,22,97,56,,,4,6,11,18,6,,5,,,,,,,,,,,,100,4,,,,,5,,,,,,,,,,,,,,,6
53_ftca,O=C(O)CCC(F)(F)C(F)(F)C(F)(F)C(F)(F)C(F)(F)F,8,11,24,159,67,1,,5,9,8,18,8,2,5,9,7,,,,,,2,1,,1,58,4,,,,,4,,1,,,,,,,,,,,2,4,4
61_heptene,C=C(F)C(F)(F)C(F)(F)C(F)(F)C(F)(F)C(F)(F)F,7,12,19,119,34,1,1,4,10,8,20,5,,2,,,,,,,,,,,,37,,,,,,,,,,,,,,,,,,,,,
62_octene,C=CC(F)(F)C(F)(F)C(F)(F)C(F)(F)C(F)(F)C(F)(F)F,8,13,22,160,51,1,1,5,11,10,22,6,,3,,,,,,,,,,,,42,2,,,,,1,,,,,,,,,,,,,,,
62ftoh,OCCC(F)(F)C(F)(F)C(F)(F)C(F)(F)C(F)(F)C(F)(F)F,8,13,26,168,66,,,5,11,10,22,8,1,5,26,23,,,,,,1,1,,,68,4,,,,,4,2,,,,,,,,,,,,,2,4
62rh,CCC(F)(F)C(F)(F)C(F)(F)C(F)(F)C(F)(F)C(F)(F)F,8,13,25,171,55,,,5,8,13,22,7,,5,,,,,,,,,,,,99,4,,,,,5,,,,,,,,,,,,,,,6
71_octene,C=C(F)C(F)(F)C(F)(F)C(F)(F)C(F)(F)C(F)(F)C(F)(F)F,8,14,22,165,51,1,1,5,12,10,24,6,,2,,,,,,,,,,,,37,,,,,,,,,,,,,,,,,,,,,
pfbcof,O=C(F)C(F)(F)C(F)(F)C(F)(F)F,4,8,11,52,14,1,,1,3,5,12,3,1,,,,,,,,2,1,,,1,,,,,,,,,,,,,,,,,,,,,,
pfboh,OC(F)(F)C(F)(F)C(F)(F)C(F)(F)F,4,9,14,66,14,,,1,4,5,14,4,1,1,12,13,,,,,2,1,1,2,,,,,,,,,,,,,,,,,,,,,,,
pfeoh,OC(F)(F)C(F)(F)F,2,5,8,22,3,,,,,,6,2,1,1,7,4,,,,,3,,1,2,,,,,,,,,,,,,,,,,,,,,,,
pfhpa,O=C(O)C(F)(F)C(F)(F)C(F)(F)C(F)(F)C(F)(F)C(F)(F)F,7,13,21,151,57,1,,4,11,8,22,7,2,1,12,11,,,,,4,2,1,,1,,,,,,,,,1,,,,,,,,,,,,,
pfhpoh,OC(F)(F)C(F)(F)C(F)(F)C(F)(F)C(F)(F)C(F)(F)C(F)(F)F,7,15,23,180,51,,,4,13,8,26,7,1,1,23,22,,,,,2,1,1,2,,,,,,,,,,,,,,,,,,,,,,,
pfhxa,O=C(O)C(F)(F)C(F)(F)C(F)(F)C(F)(F)C(F)(F)F,6,11,18,108,43,1,,3,9,6,18,6,2,1,11,9,,,,,4,2,1,,1,,,,,,,,,1,,,,,,,,,,,,,
pfhxcof,O=C(F)C(F)(F)C(F)(F)C(F)(F)C(F)(F)C(F)(F)F,6,12,17,117,36,1,,3,10,6,20,5,1,,,,,,,,2,1,,,1,,,,,,,,,,,,,,,,,,,,,,
pfhxoh,OC(F)(F)C(F)(F)C(F)(F)C(F)(F)C(F)(F)C(F)(F)F,6,13,20,136,35,,,3,11,6,22,6,1,1,20,19,,,,,2,1,1,2,,,,,,,,,,,,,,,,,,,,,,,
pfoa,O=C(O)C(F)(F)C(F)(F)C(F)(F)C(F)(F)C(F)(F)C(F)(F)C(F)(F)F,8,15,24,203,74,1,,5,13,10,26,8,2,1,12,11,,,,,4,2,1,,1,,,,,,,,,1,,,,,,,,,,,,,
pfocof,O=C(F)C(F)(F)C(F)(F)C(F)(F)C(F)(F)C(F)(F)C(F)(F)F,7,14,20,160,50,1,,4,12,8,24,6,1,,,,,,,,2,1,,,1,,,,,,,,,,,,,,,,,,,,,,
pfooh,OC(F)(F)C(F)(F)C(F)(F)C(F)(F)C(F)(F)C(F)(F)C(F)(F)C(F)(F)F,8,17,26,232,68,,,5,15,10,30,8,1,1,26,25,,,,,2,1,1,2,,,,,,,,,,,,,,,,,,,,,,,
pfpeoh,OC(F)(F)C(F)(F)C(F)(F)C(F)(F)C(F)(F)F,5,11,17,96,24,,,2,9,4,18,5,1,1,17,16,,,,,2,1,1,2,,,,,,,,,,,,,,,,,,,,,,,
pfpncof,O=C(F)C(F)(F)C(F)(F)C(F)(F)C(F)(F)F,5,10,14,83,22,1,,2,8,4,16,4,1,,,,,,,,2,1,,,1,,,,,,,,,,,,,,,,,,,,,,
pfpra,O=C(O)C(F)(F)C(F)(F)F,3,5,9,18,10,1,,,,3,6,3,2,1,9,8,,,,,4,2,1,,1,,,,,,,,,1,,,,,,,,,,,,,
pfprcof,O=C(F)C(F)(F)C(F)(F)F,3,6,8,28,8,1,,,1,3,8,2,1,,,,,,,,2,1,,,1,,,,,,,,,,,,,,,,,,,,,,
pfproh,OC(F)(F)C(F)(F)C(F)(F)F,3,7,11,36,9,,,,2,3,10,3,1,1,11,10,,,,,2,1,1,2,,,,,,,,,,,,,,,,,,,,,,,
