SMILES,Log Name
FC(C(C(C(C(C(C(F)(F)F)(F)F)(F)F)(F)F)(F)F)(F)F)F,heptane1H
[O]C([C@@](C(F)(F)F)(OC(C(C(F)(F)F)(F)F)(F)F)F)(F)O,frd_903_cof_OH
OC(F)(F)F,cf3oh
FC(C(F)(F)F)F,1H_ethane
OC(=O)[C@@](C(F)(F)F)(OC(C(C(F)(F)F)(F)F)(F)F)F,frd_903
F[C](C(F)(F)F)F,c2_rad
F[C]([C@@](C(C(F)(F)F)(F)F)(F)O)F,butene_2OH
OC(=O)C(C(C(C(C(C(F)(F)F)(F)F)(F)F)(F)F)(F)F)(F)F,pfhpa
FC(=C=C(F)F)F,allene
FC(=O)C(C(C(C(C(C(F)(F)F)(F)F)(F)F)(F)F)(F)F)(F)F,pfhpal
OC(C(C(C(C(F)(F)F)(F)F)(F)F)(F)F)(F)F,pfpeoh
FC(=C)C(C(F)(F)F)(F)F,31_butene
FC(C(C(F)(F)F)(F)F)(C(C(F)(F)F)(F)F)F,pentane
OC(=O)C(C(C(C(F)(F)F)(F)F)(F)F)(F)F,1_pentane
F[C](C(C(C(F)(F)F)(F)F)(F)F)C(F)(F)F,c5_secondary_rad
FC(=O)[C](C(F)(F)F)F.F,hfp_1oh_2rad_scanhf
F[C](C(C(F)(F)F)(F)F)F,1_propyl
OC=O,cho2h
FC(=[C]C(F)(F)F)F,cf3ccf2
FC(C(F)(F)O)(F)F,pfeoh
FC1(F)OC1(F)F,epoxide
[CH3],ch3
FC(=C)C(C(C(F)(F)F)(F)F)(F)F,41_pentene
[O]OC([C](F)F)(F)F,c2f4o2
OCCC(C(F)(F)F)(F)F,22ftoh
F[CH]F,cf2h
FC(C(C(C(C(C(C(F)(F)F)(F)F)(F)F)(F)F)(F)F)(F)F)(S([O])(O)[O])F,pfhps
O=C1OC1(F)F,lactone
FC(C(C(S(=O)(=O)N)(F)F)(F)F)(C(F)(F)F)F,fbsa
C=CC(C(C(C(C(F)(F)F)(F)F)(F)F)(F)F)(F)F,52_heptene
F/C(=C(\C(C(F)(F)F)(F)F)/F)/C(F)(F)F.[F],c5_sec_tert_rad_isots
[O]C(OC(F)(F)F)(F)F,cf3o_cf2o_prod
OC(F)(F)O.O,cf2o_2h2oprod
FC(C(C(C(C(C(C(C(C(C(C(C(F)(F)F)(F)F)(F)F)(F)F)(F)F)(F)F)(F)F)(F)F)(F)F)(F)F)(F)F)F,1H_dodecane
CCC(C(C(C(F)(F)F)(F)F)(F)F)(F)F,42rh
FC(C(C(C(C(S(=O)(=O)N)(F)F)(F)F)(F)F)(F)F)(C(C(C(F)(F)F)(F)F)(F)F)F,fosa
FC(=O)[C@@](C(F)(F)F)(OC(C(C(F)(F)F)(F)F)(F)F)F,frd_903_carbF
O[C](F)F,cf2oh
NS(=O)(=O)CCC(C(C(C(C(F)(F)F)(F)F)(F)F)(F)F)(F)F,52_ftsa
F[C](C(C(C(C(C(C(F)(F)F)(F)F)(F)F)(F)F)(F)F)(F)F)C(F)(F)F,c8_secondary_rad
FC(F)(F)F,cf4
F[C](C(C(C(F)(F)F)(F)F)(F)F)F,1_octane_c4_rad
F[C]C(F)(F)F,cf3cf_carbene
C=CC(C(C(C(F)(F)F)(F)F)(F)F)(F)F,42_hexene
[C]=O,co
F[C](C(F)(F)F)C(F)(F)O,hfp_1oh_2nd
FC(C(C(C(C(C(C(C(C(C(F)(F)F)(F)F)(F)F)(F)F)(F)F)(F)F)(F)F)(F)F)(F)F)F,1H_decane
FC(C(F)(F)F)(CCS([O])([O])O)F,22_fts
FC(=C(C(F)(F)F)F)F,c3f6
F[C](C(F)(F)F)C(F)(F)F,c3f7_2nd
FC([C@@]1(F)OOC1(F)F)(F)F,c3f6o2_ring
F[C](C(C(C(C(F)(F)F)(F)F)(F)F)(F)F)C(F)(F)F,2_hexyl
O[C]=O,co2h
FC(=C(C(F)(F)F)F)F.[OH],hfp_1oh_2rad_scan
O=C1O[C@]1(OC(C(C(F)(F)F)(F)F)(F)F)C(F)(F)F.F,frd_903_0HFAts_prod
FC(C(C(C(C(C(C(C(F)(F)F)(F)F)(F)F)(F)F)(F)F)(F)F)(F)F)F,octane1H
FC(C(C(C(C(C(C(C(C(F)(F)F)(F)F)(F)F)(F)F)(F)F)(F)F)(F)F)(F)F)F,1H_nonane
FC(C(F)(F)O)F,c2f4h2o_prod
F[C](C(C(F)(F)F)(F)F)C(F)(F)O,butene_OH
FC(S(O)([O])[O])(F)F,triflic
FC(C(C(C(C(C(C(C(C(C(C(F)(F)F)(F)F)(F)F)(F)F)(F)F)(F)F)(F)F)(F)F)(F)F)(F)F)F,1H_undecane
FC(C(C(S(O)([O])[O])(F)F)(F)F)(F)F,pfprs
FC(=C(C(C(F)(F)F)(F)F)F)F,butene
OC(=O)CCC(C(C(C(C(F)(F)F)(F)F)(F)F)(F)F)(F)F,53_ftca
FC(=C(C(C(C(C(C(F)(F)F)(F)F)(F)F)(F)F)(F)F)F)F,heptene
OC(F)(O)O,cfoh3
OC(F)(F)O,cf2oh2
F[CH]C(F)(F)F,cf3chf
FC(C(F)(F)F)(S([O])([O])O)F,pfets
O[C](C(F)(F)F)C(F)(F)F,hfp_2oh_2rad_prod
FC(C(C(C(F)(F)F)(F)F)(F)F)(CCS([O])([O])O)F,42_fts
FC(=O)C(F)(F)F,c2f4o
FC(C(C(C(F)(F)F)(F)F)(F)F)F,butane1H
[F],f
F[C]C(C(C(C(C(C(F)(F)F)(F)F)(F)F)(F)F)(F)F)(F)F,1_octane_c7_carbene
OC(C(C(C(F)(F)F)(F)F)(F)F)(F)F,pfboh
FC(C(C(F)(F)F)(F)F)(C(C(C(F)(F)F)(F)F)(F)F)F,hexane
FC(=O)F.O.O,cf2o_2h2oreact
FC(C(C(F)(F)F)(F)F)(CCS(=O)(=O)N)F,32_ftsa
FC(C(C(C(C(C(F)(F)F)(F)F)(F)F)(F)F)(F)F)(C(C(S([O])(O)[O])(F)F)(F)F)F,pfos
F[C](C(C(F)(F)F)(F)F)C(F)(F)F,c4_secondary_rad
OC(=O)CCC(C(F)(F)F)(F)F,23_ftca
F/C(=C(\C(C(C(C(C(F)(F)F)(F)F)(F)F)(F)F)(F)F)/F)/C(F)(F)F,2_octene
FC(=O)C(C(C(F)(F)F)(F)F)(F)F,pfbcof
FC(C(C(S(=O)(=O)N)(F)F)(F)F)(F)F,fprsa
OC(=O)OC(C(C(F)(F)F)(F)F)(F)F,c3_oco2h
O[C](C(C(F)(F)F)(F)F)F,hfp_1oh_1rad_prod
F[C](C(C(C(C(C(F)(F)F)(F)F)(F)F)(F)F)(F)F)C(C(F)(F)F)(F)F,3_octyl
FC1(F)C(F)(F)C(C1(F)F)(F)F,cbutane
FC(C(C(C(F)(F)F)(F)F)(F)F)(CCS(=O)(=O)N)F,42_ftsa
FC(C(OC(C(C(F)(F)F)(F)F)(F)F)(O)[O])(F)F,ester_oh
OC(=O)C(C(C(F)(F)F)(F)F)(F)F,pfba
F/C(=C(\C(F)(F)F)/F)/C(F)(F)F,2_butene_ip
F[C](C(C(C(C(F)(F)F)(F)F)(F)F)(F)F)F,c5_rad
O=[C]C(F)(F)F,cf3co
O=O,o2
F/[C]=C(/C(F)(F)F)\F,propene_calpha_rad
OC(F)F.O,cf2_2h2o_prod
FC([C@@]1(F)OC1(F)F)(F)F,c3f6o
OC(=O)CCC(C(C(C(F)(F)F)(F)F)(F)F)(F)F,43_ftca
FC(C(C(F)(F)F)(F)F)(C(F)(F)F)F,butane
O=C(C(F)(F)F)OC(C(C(F)(F)F)(F)F)(F)F,frd_903_0HFAts_prod_COlossprod
F[C](C(C(C(C(C(F)(F)F)(F)F)(F)F)(F)F)(F)F)C(F)(F)F,c7_secondary_rad
O,h2o
OC(=O)C(C(C(C(C(F)(F)F)(F)F)(F)F)(F)F)(F)F,1_hexane
[O]S(CCC(C(C(C(C(F)(F)F)(F)F)(F)F)(F)F)(F)F)(O)[O],52_fts
FC(=O)C(C(C(C(C(F)(F)F)(F)F)(F)F)(F)F)(F)F,pfhxal
OC(=O)F,chfo2
FC(=C(C(C(C(F)(F)F)(F)F)(F)F)F)F,pentene
F/C(=C(\C(C(C(F)(F)F)(F)F)(F)F)/F)/C(F)(F)F,2_hexene
FC(=O)C(C(F)(F)F)(F)F,c2f5cof
[O]S(C(C(C(C(C(F)(F)F)(F)F)(F)F)(F)F)(F)F)(O)[O],pfpes
F[C](C(=O)O)F,cf2coho
[O]C(F)(F)O,cf2o_oh
F[C]F.O,cf2_h2o_ts_react
F[C@H](C(C(F)(F)F)(F)F)C(F)(F)F,c4f9H_secondary
F[C](C(F)(F)F)OC(C(C(F)(F)F)(F)F)(F)F,frd_c5f11o
OCCC(C(C(C(C(C(F)(F)F)(F)F)(F)F)(F)F)(F)F)(F)F,62ftoh
FC(C(C(C(C(C(S(=O)(=O)N)(F)F)(F)F)(F)F)(F)F)(F)F)(C(F)(F)F)F,fhpsa
OC(F)F,cf2_h2o_ts_prod
F/[C]=C(\C(F)(F)F)/F,propene_talphaF_rad
F[C]=C(F)F,cf2cf
FC(=O)C(C(C(C(F)(F)F)(F)F)(F)F)(F)F,pfpnal
F[C](C(C(C(C(C(C(F)(F)F)(F)F)(F)F)(F)F)(F)F)(F)F)F,1_octane_c7_rad
F[C](C(C(C(C(F)(F)F)(F)F)(F)F)(F)F)C(C(C(F)(F)F)(F)F)(F)F,4_octyl
FC(C(C(C(C(F)(F)F)(F)F)(F)F)(F)F)F,pentane1H
OCCC(C(C(C(C(F)(F)F)(F)F)(F)F)(F)F)(F)F,52ftoh
OCCC(C(C(F)(F)F)(F)F)(F)F,32ftoh
O[C]F,cfoh_cis
FC(C(F)(F)F)(C(F)(F)[O])F,c3f7o
[O]C(F)(F)F,cf3o
F[C]=O,cof
FC(C(C(C(F)(F)F)(F)F)(F)F)(C(C(C(C(F)(F)F)(F)F)(F)F)(F)F)F,n_octane_twisted
O=C1O[C@]1(OC(C(C(F)(F)F)(F)F)(F)F)C(F)(F)F,frd_903_0HFAts_prod_minusHF
FC(=O)[C](C(C(F)(F)F)(F)F)F,c4f7_o
FC(=C(C(C(C(F)(F)F)(F)F)(F)F)F)F.[F],c5_prim_sec_rad_isots
FC(=O)F.O,cf2o_h2o
OC(=O)O,cooh2
FC(C(C(C(C(C(F)(F)F)(F)F)(F)F)(F)F)(F)F)(C(F)(F)O)F,c7f15oh
F[C](C(=C(F)F)F)F,allyl
FC(C(F)(F)F)(C(F)(O)[O])F,c3f6oOH2nd
OC(=O)C(C(C(C(C(C(C(F)(F)F)(F)F)(F)F)(F)F)(F)F)(F)F)(F)F,pfoa
FC(C(C(C(C(F)(F)F)(F)F)(F)F)(F)F)(C(F)(F)O)F,pfhxoh
FC(C(C(F)(F)F)(F)F)(CCS(O)([O])[O])F,32_fts
FC(C(F)(F)F)(CCS(=O)(=O)N)F,22_ftsa
CCC(C(C(C(C(C(F)(F)F)(F)F)(F)F)(F)F)(F)F)(F)F,62rh
FC=O,cfho
F[C](C(C(C(C(C(F)(F)F)(F)F)(F)F)(F)F)(F)F)F,c6_rad
F[C](C(C(C(C(C(C(C(F)(F)F)(F)F)(F)F)(F)F)(F)F)(F)F)(F)F)F,1_octane_c8_rad
CC,c2h6
[O]C(=O)F,cfo2
F[C](C(C(C(F)(F)F)(F)F)(F)F)C(C(F)(F)F)(F)F,3_pentyl
FC(C(F)(F)F)(C(F)(F)O)F,c3f7oh
FC(=C)C(C(C(C(C(F)(F)F)(F)F)(F)F)(F)F)(F)F,61_heptene
[O]OC([C](C(F)(F)F)F)(F)F,c3f6o2_1st
F/C(=C(\C(F)(F)F)/F)/C(F)(F)F.[F],c4_sec_sec_rad_isots
FC(C(C(C(F)(F)F)(F)F)(F)F)(S(O)([O])[O])F,pfbs
F[C]([C@@](C(F)(F)F)(F)O)F,hfp_2oh
CCC(C(C(C(C(F)(F)F)(F)F)(F)F)(F)F)(F)F,52rh
[CH2]F,ch2F
F[C](C([C](F)F)(F)F)F,cpropane_intts_prod
FC(=C)C(F)(F)F,21_propene
OC(=O)C(C(F)(F)F)(F)F,pfpra
[OH],oh
FC(C(C(F)(F)F)(F)F)F,propane1H
FC(=C(F)F)F,c2f4
CCC(C(C(F)(F)F)(F)F)(F)F,32rh
FC(S(=O)(=O)N)(F)F,triflate_amide
F,hf
F[C](C(C(C(F)(F)F)(F)F)(F)F)C(C(C(F)(F)F)(F)F)(F)F,4_heptyl
FC(=C)C(C(C(C(C(C(F)(F)F)(F)F)(F)F)(F)F)(F)F)(F)F,71_octene
C=CC(C(C(F)(F)F)(F)F)(F)F,32_pentene
[O]S(C(C(C(C(C(C(F)(F)F)(F)F)(F)F)(F)F)(F)F)(F)F)(O)[O],pfhxs
FC(OC(=O)C(F)(F)F)F,cf2_tfa_prod
FC(=C(C(C(C(C(C(C(F)(F)F)(F)F)(F)F)(F)F)(F)F)(F)F)F)F,octene
O=C=O,co2
F[C@H](C(F)(F)F)OC(C(C(F)(F)F)(F)F)(F)F,e1
OC(=O)CCC(C(C(F)(F)F)(F)F)(F)F,33_ftca
F/C(=C(\C(C(F)(F)F)(F)F)/F)/C(F)(F)F,2_pentene
FC(C(F)([O])O)(F)F,tfcof_oh
O[C](C(F)(F)F)F,cf3cfoh
C=CC(C(F)(F)F)(F)F,22_butene
FC(C(C(C(C(C(F)(F)F)(F)F)(F)F)(F)F)(F)F)F,1H_hexane
FC(C(C(C(C(C(S(=O)(=O)N)(F)F)(F)F)(F)F)(F)F)(F)F)(F)F,fhxsa
CCC(C(F)(F)F)(F)F,22rh
C=CC(C(C(C(C(C(F)(F)F)(F)F)(F)F)(F)F)(F)F)(F)F,62_octene
FC(=C([C](C(F)(F)F)F)F)F,butylallyl
FC(=O)[C](F)F,c2f3_o
F[C](C(F)(F)O)F,c2f4_oh
FC(C(C(C(F)(F)F)(F)F)(F)F)(C(C(C(F)(F)F)(F)F)(F)F)F,heptane
F/C(=C(\C(C(C(C(F)(F)F)(F)F)(F)F)(F)F)/F)/C(F)(F)F,2_heptene
F[C]F.O.O,cf2_2h2o
OCCC(C(C(C(F)(F)F)(F)F)(F)F)(F)F,42ftoh
FC(=C(C(C(C(C(F)(F)F)(F)F)(F)F)(F)F)F)F,hexene
FC(=C(F)F)F.F[C]F,cpropane_picomplex
FC(F)F,1H_methane
OC(=O)C(F)(F)F,tfa
OC(C(C(C(C(C(C(C(F)(F)F)(F)F)(F)F)(F)F)(F)F)(F)F)(F)F)(F)F,pfooh
FC(S(=O)(=O)N)(C(F)(F)F)F,fetsa
FC(C(C(C(C(S(=O)(=O)N)(F)F)(F)F)(F)F)(F)F)(F)F,fpnsa
[O]O[C](F)F,cf2o2_rad
CCC,propane
F[CH]C(C(F)(F)F)(F)F,cf3cf2chf
F[C]([C@](C(F)(F)F)(F)O)F,hfp_2oh_1rad_prod
FC1(F)C(C1(F)F)(F)F,cpropane
FC(C(F)(F)F)(C(F)(F)F)F,c3f8
F[C@@H](C(C(F)(F)F)(F)F)C(F)(F)F,2Hbutane
FC(=O)F,cf2o
O/C(=C(\C(F)(F)F)/F)/F.[F],hfp_1oh_ts
F[C](C(C(C(C(F)(F)F)(F)F)(F)F)(F)F)C(C(F)(F)F)(F)F,3_heptyl
FC(=C)C(C(C(C(F)(F)F)(F)F)(F)F)(F)F,51_hexene
OC(=O)CNS(=O)(=O)C(C(C(C(F)(F)F)(F)F)(F)F)(F)F,nmefosaa
F[C]F,cf2
F[C](F)F,cf3
FC([C](F)F)F,cf2hcf2
[O]S(CCC(C(C(C(C(C(F)(F)F)(F)F)(F)F)(F)F)(F)F)(F)F)([O])O,62_fts
NS(=O)(=O)CCC(C(C(C(C(C(F)(F)F)(F)F)(F)F)(F)F)(F)F)(F)F,62_ftsa
FC(C(F)(F)F)(F)F,c2f6
FC(=O)[C](C(F)(F)F)F,c3f5co
F[C](C(C([C](F)F)(F)F)(F)F)F,cbutane_diradical
[O],o
