Log Name,Molecule,Veri. SMILES,SMILES,Log Path
frd_903_cof_OH,C6HF12O3,[O]C(O)(F)[C@](F)(OC(F)(F)C(F)(F)C(F)(F)F)C(F)(F)F,[O]C([C@@](C(F)(F)F)(OC(C(C(F)(F)F)(F)F)(F)F)F)(F)O,/qchem_data/log_to_pdb_in/frd_903_cof_OH.log
31_butene,C4H2F6,C=C(F)C(F)(F)C(F)(F)F,FC(=C)C(C(F)(F)F)(F)F,/qchem_data/log_to_pdb_in/31_butene.log
hfp_1oh_2rad_scanhf,C3HF6O,F.O=C(F)[C](F)C(F)(F)F,FC(=O)[C](C(F)(F)F)F.F,/qchem_data/log_to_pdb_in/hfp_1oh_2rad_scanhf.log
41_pentene,C5H2F8,C=C(F)C(F)(F)C(F)(F)C(F)(F)F,FC(=C)C(C(C(F)(F)F)(F)F)(F)F,/qchem_data/log_to_pdb_in/41_pentene.log
22ftoh,C4H5F5O,OCCC(F)(F)C(F)(F)F,OCCC(C(F)(F)F)(F)F,/qchem_data/log_to_pdb_in/22ftoh.log
pfhps,C7HF15O3S,O=S(=O)(O)C(F)(F)C(F)(F)C(F)(F)C(F)(F)C(F)(F)C(F)(F)C(F)(F)F,FC(C(C(C(C(C(C(F)(F)F)(F)F)(F)F)(F)F)(F)F)(F)F)(S([O])(O)[O])F,/qchem_data/log_to_pdb_in/pfhps.log
fbsa,C4H2F9NO2S,NS(=O)(=O)C(F)(F)C(F)(F)C(F)(F)C(F)(F)F,FC(C(C(S(=O)(=O)N)(F)F)(F)F)(C(F)(F)F)F,/qchem_data/log_to_pdb_in/fbsa.log
52_heptene,C7H3F11,C=CC(F)(F)C(F)(F)C(F)(F)C(F)(F)C(F)(F)F,C=CC(C(C(C(C(F)(F)F)(F)F)(F)F)(F)F)(F)F,/qchem_data/log_to_pdb_in/52_heptene.log
c5_sec_tert_rad_isots,C5F11,F/C(=C(/F)C(F)(F)C(F)(F)F)C(F)(F)F.[F],F/C(=C(\C(C(F)(F)F)(F)F)/F)/C(F)(F)F.[F],/qchem_data/log_to_pdb_in/c5_sec_tert_rad_isots.log
cf3o_cf2o_prod,C2F5O2,[O]C(F)(F)OC(F)(F)F,[O]C(OC(F)(F)F)(F)F,/qchem_data/log_to_pdb_in/cf3o_cf2o_prod.log
1H_dodecane,C12HF25,FC(F)C(F)(F)C(F)(F)C(F)(F)C(F)(F)C(F)(F)C(F)(F)C(F)(F)C(F)(F)C(F)(F)C(F)(F)C(F)(F)F,FC(C(C(C(C(C(C(C(C(C(C(C(F)(F)F)(F)F)(F)F)(F)F)(F)F)(F)F)(F)F)(F)F)(F)F)(F)F)(F)F)F,/qchem_data/log_to_pdb_in/1H_dodecane.log
42rh,C6H5F9,CCC(F)(F)C(F)(F)C(F)(F)C(F)(F)F,CCC(C(C(C(F)(F)F)(F)F)(F)F)(F)F,/qchem_data/log_to_pdb_in/42rh.log
fosa,C8H2F17NO2S,NS(=O)(=O)C(F)(F)C(F)(F)C(F)(F)C(F)(F)C(F)(F)C(F)(F)C(F)(F)C(F)(F)F,FC(C(C(C(C(S(=O)(=O)N)(F)F)(F)F)(F)F)(F)F)(C(C(C(F)(F)F)(F)F)(F)F)F,/qchem_data/log_to_pdb_in/fosa.log
52_ftsa,C7H6F11NO2S,NS(=O)(=O)CCC(F)(F)C(F)(F)C(F)(F)C(F)(F)C(F)(F)F,NS(=O)(=O)CCC(C(C(C(C(F)(F)F)(F)F)(F)F)(F)F)(F)F,/qchem_data/log_to_pdb_in/52_ftsa.log
cf3cf_carbene,C2F4,F[C]C(F)(F)F,F[C]C(F)(F)F,/qchem_data/log_to_pdb_in/cf3cf_carbene.log
42_hexene,C6H3F9,C=CC(F)(F)C(F)(F)C(F)(F)C(F)(F)F,C=CC(C(C(C(F)(F)F)(F)F)(F)F)(F)F,/qchem_data/log_to_pdb_in/42_hexene.log
hfp_1oh_2nd,C3HF6O,OC(F)(F)[C](F)C(F)(F)F,F[C](C(F)(F)F)C(F)(F)O,/qchem_data/log_to_pdb_in/hfp_1oh_2nd.log
1H_decane,C10HF21,FC(F)C(F)(F)C(F)(F)C(F)(F)C(F)(F)C(F)(F)C(F)(F)C(F)(F)C(F)(F)C(F)(F)F,FC(C(C(C(C(C(C(C(C(C(F)(F)F)(F)F)(F)F)(F)F)(F)F)(F)F)(F)F)(F)F)(F)F)F,/qchem_data/log_to_pdb_in/1H_decane.log
22_fts,C4H5F5O3S,O=S(=O)(O)CCC(F)(F)C(F)(F)F,FC(C(F)(F)F)(CCS([O])([O])O)F,/qchem_data/log_to_pdb_in/22_fts.log
hfp_1oh_2rad_scan,C3HF6O,FC(F)=C(F)C(F)(F)F.[OH],FC(=C(C(F)(F)F)F)F.[OH],/qchem_data/log_to_pdb_in/hfp_1oh_2rad_scan.log
frd_903_0HFAts_prod,C6HF11O3,F.O=C1O[C@]1(OC(F)(F)C(F)(F)C(F)(F)F)C(F)(F)F,O=C1O[C@]1(OC(C(C(F)(F)F)(F)F)(F)F)C(F)(F)F.F,/qchem_data/log_to_pdb_in/frd_903_0HFAts_prod.log
1H_nonane,C9HF19,FC(F)C(F)(F)C(F)(F)C(F)(F)C(F)(F)C(F)(F)C(F)(F)C(F)(F)C(F)(F)F,FC(C(C(C(C(C(C(C(C(F)(F)F)(F)F)(F)F)(F)F)(F)F)(F)F)(F)F)(F)F)F,/qchem_data/log_to_pdb_in/1H_nonane.log
triflic,CHF3O3S,O=S(=O)(O)C(F)(F)F,FC(S(O)([O])[O])(F)F,/qchem_data/log_to_pdb_in/triflic.log
1H_undecane,C11HF23,FC(F)C(F)(F)C(F)(F)C(F)(F)C(F)(F)C(F)(F)C(F)(F)C(F)(F)C(F)(F)C(F)(F)C(F)(F)F,FC(C(C(C(C(C(C(C(C(C(C(F)(F)F)(F)F)(F)F)(F)F)(F)F)(F)F)(F)F)(F)F)(F)F)(F)F)F,/qchem_data/log_to_pdb_in/1H_undecane.log
pfprs,C3HF7O3S,O=S(=O)(O)C(F)(F)C(F)(F)C(F)(F)F,FC(C(C(S(O)([O])[O])(F)F)(F)F)(F)F,/qchem_data/log_to_pdb_in/pfprs.log
53_ftca,C8H5F11O2,O=C(O)CCC(F)(F)C(F)(F)C(F)(F)C(F)(F)C(F)(F)F,OC(=O)CCC(C(C(C(C(F)(F)F)(F)F)(F)F)(F)F)(F)F,/qchem_data/log_to_pdb_in/53_ftca.log
cf3chf,C2HF4,F[CH]C(F)(F)F,F[CH]C(F)(F)F,/qchem_data/log_to_pdb_in/cf3chf.log
pfets,C2HF5O3S,O=S(=O)(O)C(F)(F)C(F)(F)F,FC(C(F)(F)F)(S([O])([O])O)F,/qchem_data/log_to_pdb_in/pfets.log
hfp_2oh_2rad_prod,C3HF6O,O[C](C(F)(F)F)C(F)(F)F,O[C](C(F)(F)F)C(F)(F)F,/qchem_data/log_to_pdb_in/hfp_2oh_2rad_prod.log
42_fts,C6H5F9O3S,O=S(=O)(O)CCC(F)(F)C(F)(F)C(F)(F)C(F)(F)F,FC(C(C(C(F)(F)F)(F)F)(F)F)(CCS([O])([O])O)F,/qchem_data/log_to_pdb_in/42_fts.log
1_octane_c7_carbene,C7F14,F[C]C(F)(F)C(F)(F)C(F)(F)C(F)(F)C(F)(F)C(F)(F)F,F[C]C(C(C(C(C(C(F)(F)F)(F)F)(F)F)(F)F)(F)F)(F)F,/qchem_data/log_to_pdb_in/1_octane_c7_carbene.log
32_ftsa,C5H6F7NO2S,NS(=O)(=O)CCC(F)(F)C(F)(F)C(F)(F)F,FC(C(C(F)(F)F)(F)F)(CCS(=O)(=O)N)F,/qchem_data/log_to_pdb_in/32_ftsa.log
pfos,C8HF17O3S,O=S(=O)(O)C(F)(F)C(F)(F)C(F)(F)C(F)(F)C(F)(F)C(F)(F)C(F)(F)C(F)(F)F,FC(C(C(C(C(C(F)(F)F)(F)F)(F)F)(F)F)(F)F)(C(C(S([O])(O)[O])(F)F)(F)F)F,/qchem_data/log_to_pdb_in/pfos.log
23_ftca,C5H5F5O2,O=C(O)CCC(F)(F)C(F)(F)F,OC(=O)CCC(C(F)(F)F)(F)F,/qchem_data/log_to_pdb_in/23_ftca.log
fprsa,C3H2F7NO2S,NS(=O)(=O)C(F)(F)C(F)(F)C(F)(F)F,FC(C(C(S(=O)(=O)N)(F)F)(F)F)(F)F,/qchem_data/log_to_pdb_in/fprsa.log
c3_oco2h,C4HF7O3,O=C(O)OC(F)(F)C(F)(F)C(F)(F)F,OC(=O)OC(C(C(F)(F)F)(F)F)(F)F,/qchem_data/log_to_pdb_in/c3_oco2h.log
hfp_1oh_1rad_prod,C3HF6O,O[C](F)C(F)(F)C(F)(F)F,O[C](C(C(F)(F)F)(F)F)F,/qchem_data/log_to_pdb_in/hfp_1oh_1rad_prod.log
3_octyl,C8F17,F[C](C(F)(F)C(F)(F)F)C(F)(F)C(F)(F)C(F)(F)C(F)(F)C(F)(F)F,F[C](C(C(C(C(C(F)(F)F)(F)F)(F)F)(F)F)(F)F)C(C(F)(F)F)(F)F,/qchem_data/log_to_pdb_in/3_octyl.log
42_ftsa,C6H6F9NO2S,NS(=O)(=O)CCC(F)(F)C(F)(F)C(F)(F)C(F)(F)F,FC(C(C(C(F)(F)F)(F)F)(F)F)(CCS(=O)(=O)N)F,/qchem_data/log_to_pdb_in/42_ftsa.log
ester_oh,C5HF10O3,[O]C(O)(OC(F)(F)C(F)(F)C(F)(F)F)C(F)(F)F,FC(C(OC(C(C(F)(F)F)(F)F)(F)F)(O)[O])(F)F,/qchem_data/log_to_pdb_in/ester_oh.log
propene_calpha_rad,C3F5,F/[C]=C(\F)C(F)(F)F,F/[C]=C(/C(F)(F)F)\F,/qchem_data/log_to_pdb_in/propene_calpha_rad.log
43_ftca,C7H5F9O2,O=C(O)CCC(F)(F)C(F)(F)C(F)(F)C(F)(F)F,OC(=O)CCC(C(C(C(F)(F)F)(F)F)(F)F)(F)F,/qchem_data/log_to_pdb_in/43_ftca.log
52_fts,C7H5F11O3S,O=S(=O)(O)CCC(F)(F)C(F)(F)C(F)(F)C(F)(F)C(F)(F)F,[O]S(CCC(C(C(C(C(F)(F)F)(F)F)(F)F)(F)F)(F)F)(O)[O],/qchem_data/log_to_pdb_in/52_fts.log
pfpes,C5HF11O3S,O=S(=O)(O)C(F)(F)C(F)(F)C(F)(F)C(F)(F)C(F)(F)F,[O]S(C(C(C(C(C(F)(F)F)(F)F)(F)F)(F)F)(F)F)(O)[O],/qchem_data/log_to_pdb_in/pfpes.log
62ftoh,C8H5F13O,OCCC(F)(F)C(F)(F)C(F)(F)C(F)(F)C(F)(F)C(F)(F)F,OCCC(C(C(C(C(C(F)(F)F)(F)F)(F)F)(F)F)(F)F)(F)F,/qchem_data/log_to_pdb_in/62ftoh.log
fhpsa,C7H2F15NO2S,NS(=O)(=O)C(F)(F)C(F)(F)C(F)(F)C(F)(F)C(F)(F)C(F)(F)C(F)(F)F,FC(C(C(C(C(C(S(=O)(=O)N)(F)F)(F)F)(F)F)(F)F)(F)F)(C(F)(F)F)F,/qchem_data/log_to_pdb_in/fhpsa.log
propene_talphaF_rad,C3F5,F/[C]=C(/F)C(F)(F)F,F/[C]=C(\C(F)(F)F)/F,/qchem_data/log_to_pdb_in/propene_talphaF_rad.log
cf2cf,C2F3,F[C]=C(F)F,F[C]=C(F)F,/qchem_data/log_to_pdb_in/cf2cf.log
4_octyl,C8F17,F[C](C(F)(F)C(F)(F)C(F)(F)F)C(F)(F)C(F)(F)C(F)(F)C(F)(F)F,F[C](C(C(C(C(F)(F)F)(F)F)(F)F)(F)F)C(C(C(F)(F)F)(F)F)(F)F,/qchem_data/log_to_pdb_in/4_octyl.log
52ftoh,C7H5F11O,OCCC(F)(F)C(F)(F)C(F)(F)C(F)(F)C(F)(F)F,OCCC(C(C(C(C(F)(F)F)(F)F)(F)F)(F)F)(F)F,/qchem_data/log_to_pdb_in/52ftoh.log
32ftoh,C5H5F7O,OCCC(F)(F)C(F)(F)C(F)(F)F,OCCC(C(C(F)(F)F)(F)F)(F)F,/qchem_data/log_to_pdb_in/32ftoh.log
c3f7o,C3F7O,[O]C(F)(F)C(F)(F)C(F)(F)F,FC(C(F)(F)F)(C(F)(F)[O])F,/qchem_data/log_to_pdb_in/c3f7o.log
c5_prim_sec_rad_isots,C5F11,FC(F)=C(F)C(F)(F)C(F)(F)C(F)(F)F.[F],FC(=C(C(C(C(F)(F)F)(F)F)(F)F)F)F.[F],/qchem_data/log_to_pdb_in/c5_prim_sec_rad_isots.log
allyl,C3F5,F[C](F)C(F)=C(F)F,F[C](C(=C(F)F)F)F,/qchem_data/log_to_pdb_in/allyl.log
c3f6oOH2nd,C3HF6O2,[O]C(O)(F)C(F)(F)C(F)(F)F,FC(C(F)(F)F)(C(F)(O)[O])F,/qchem_data/log_to_pdb_in/c3f6oOH2nd.log
32_fts,C5H5F7O3S,O=S(=O)(O)CCC(F)(F)C(F)(F)C(F)(F)F,FC(C(C(F)(F)F)(F)F)(CCS(O)([O])[O])F,/qchem_data/log_to_pdb_in/32_fts.log
22_ftsa,C4H6F5NO2S,NS(=O)(=O)CCC(F)(F)C(F)(F)F,FC(C(F)(F)F)(CCS(=O)(=O)N)F,/qchem_data/log_to_pdb_in/22_ftsa.log
62rh,C8H5F13,CCC(F)(F)C(F)(F)C(F)(F)C(F)(F)C(F)(F)C(F)(F)F,CCC(C(C(C(C(C(F)(F)F)(F)F)(F)F)(F)F)(F)F)(F)F,/qchem_data/log_to_pdb_in/62rh.log
c2h6,C2H6,CC,CC,/qchem_data/log_to_pdb_in/c2h6.log
3_pentyl,C6F13,F[C](C(F)(F)C(F)(F)F)C(F)(F)C(F)(F)C(F)(F)F,F[C](C(C(C(F)(F)F)(F)F)(F)F)C(C(F)(F)F)(F)F,/qchem_data/log_to_pdb_in/3_pentyl.log
61_heptene,C7H2F12,C=C(F)C(F)(F)C(F)(F)C(F)(F)C(F)(F)C(F)(F)F,FC(=C)C(C(C(C(C(F)(F)F)(F)F)(F)F)(F)F)(F)F,/qchem_data/log_to_pdb_in/61_heptene.log
c4_sec_sec_rad_isots,C4F9,F/C(=C(/F)C(F)(F)F)C(F)(F)F.[F],F/C(=C(\C(F)(F)F)/F)/C(F)(F)F.[F],/qchem_data/log_to_pdb_in/c4_sec_sec_rad_isots.log
pfbs,C4HF9O3S,O=S(=O)(O)C(F)(F)C(F)(F)C(F)(F)C(F)(F)F,FC(C(C(C(F)(F)F)(F)F)(F)F)(S(O)([O])[O])F,/qchem_data/log_to_pdb_in/pfbs.log
hfp_2oh,C3HF6O,O[C@](F)([C](F)F)C(F)(F)F,F[C]([C@@](C(F)(F)F)(F)O)F,/qchem_data/log_to_pdb_in/hfp_2oh.log
52rh,C7H5F11,CCC(F)(F)C(F)(F)C(F)(F)C(F)(F)C(F)(F)F,CCC(C(C(C(C(F)(F)F)(F)F)(F)F)(F)F)(F)F,/qchem_data/log_to_pdb_in/52rh.log
cpropane_intts_prod,C3F6,F[C](F)C(F)(F)[C](F)F,F[C](C([C](F)F)(F)F)F,/qchem_data/log_to_pdb_in/cpropane_intts_prod.log
21_propene,C3H2F4,C=C(F)C(F)(F)F,FC(=C)C(F)(F)F,/qchem_data/log_to_pdb_in/21_propene.log
32rh,C5H5F7,CCC(F)(F)C(F)(F)C(F)(F)F,CCC(C(C(F)(F)F)(F)F)(F)F,/qchem_data/log_to_pdb_in/32rh.log
triflate_amide,CH2F3NO2S,NS(=O)(=O)C(F)(F)F,FC(S(=O)(=O)N)(F)F,/qchem_data/log_to_pdb_in/triflate_amide.log
4_heptyl,C7F15,F[C](C(F)(F)C(F)(F)C(F)(F)F)C(F)(F)C(F)(F)C(F)(F)F,F[C](C(C(C(F)(F)F)(F)F)(F)F)C(C(C(F)(F)F)(F)F)(F)F,/qchem_data/log_to_pdb_in/4_heptyl.log
71_octene,C8H2F14,C=C(F)C(F)(F)C(F)(F)C(F)(F)C(F)(F)C(F)(F)C(F)(F)F,FC(=C)C(C(C(C(C(C(F)(F)F)(F)F)(F)F)(F)F)(F)F)(F)F,/qchem_data/log_to_pdb_in/71_octene.log
32_pentene,C5H3F7,C=CC(F)(F)C(F)(F)C(F)(F)F,C=CC(C(C(F)(F)F)(F)F)(F)F,/qchem_data/log_to_pdb_in/32_pentene.log
pfhxs,C6HF13O3S,O=S(=O)(O)C(F)(F)C(F)(F)C(F)(F)C(F)(F)C(F)(F)C(F)(F)F,[O]S(C(C(C(C(C(C(F)(F)F)(F)F)(F)F)(F)F)(F)F)(F)F)(O)[O],/qchem_data/log_to_pdb_in/pfhxs.log
cf2_tfa_prod,C3HF5O2,O=C(OC(F)F)C(F)(F)F,FC(OC(=O)C(F)(F)F)F,/qchem_data/log_to_pdb_in/cf2_tfa_prod.log
33_ftca,C6H5F7O2,O=C(O)CCC(F)(F)C(F)(F)C(F)(F)F,OC(=O)CCC(C(C(F)(F)F)(F)F)(F)F,/qchem_data/log_to_pdb_in/33_ftca.log
tfcof_oh,C2HF4O2,[O]C(O)(F)C(F)(F)F,FC(C(F)([O])O)(F)F,/qchem_data/log_to_pdb_in/tfcof_oh.log
22_butene,C4H3F5,C=CC(F)(F)C(F)(F)F,C=CC(C(F)(F)F)(F)F,/qchem_data/log_to_pdb_in/22_butene.log
fhxsa,C6H2F13NO2S,NS(=O)(=O)C(F)(F)C(F)(F)C(F)(F)C(F)(F)C(F)(F)C(F)(F)F,FC(C(C(C(C(C(S(=O)(=O)N)(F)F)(F)F)(F)F)(F)F)(F)F)(F)F,/qchem_data/log_to_pdb_in/fhxsa.log
22rh,C4H5F5,CCC(F)(F)C(F)(F)F,CCC(C(F)(F)F)(F)F,/qchem_data/log_to_pdb_in/22rh.log
62_octene,C8H3F13,C=CC(F)(F)C(F)(F)C(F)(F)C(F)(F)C(F)(F)C(F)(F)F,C=CC(C(C(C(C(C(F)(F)F)(F)F)(F)F)(F)F)(F)F)(F)F,/qchem_data/log_to_pdb_in/62_octene.log
42ftoh,C6H5F9O,OCCC(F)(F)C(F)(F)C(F)(F)C(F)(F)F,OCCC(C(C(C(F)(F)F)(F)F)(F)F)(F)F,/qchem_data/log_to_pdb_in/42ftoh.log
cpropane_picomplex,C3F6,FC(F)=C(F)F.F[C]F,FC(=C(F)F)F.F[C]F,/qchem_data/log_to_pdb_in/cpropane_picomplex.log
pfooh,C8HF17O,OC(F)(F)C(F)(F)C(F)(F)C(F)(F)C(F)(F)C(F)(F)C(F)(F)C(F)(F)F,OC(C(C(C(C(C(C(C(F)(F)F)(F)F)(F)F)(F)F)(F)F)(F)F)(F)F)(F)F,/qchem_data/log_to_pdb_in/pfooh.log
fetsa,C2H2F5NO2S,NS(=O)(=O)C(F)(F)C(F)(F)F,FC(S(=O)(=O)N)(C(F)(F)F)F,/qchem_data/log_to_pdb_in/fetsa.log
fpnsa,C5H2F11NO2S,NS(=O)(=O)C(F)(F)C(F)(F)C(F)(F)C(F)(F)C(F)(F)F,FC(C(C(C(C(S(=O)(=O)N)(F)F)(F)F)(F)F)(F)F)(F)F,/qchem_data/log_to_pdb_in/fpnsa.log
propane,C3H8,CCC,CCC,/qchem_data/log_to_pdb_in/propane.log
cf3cf2chf,C3HF6,F[CH]C(F)(F)C(F)(F)F,F[CH]C(C(F)(F)F)(F)F,/qchem_data/log_to_pdb_in/cf3cf2chf.log
hfp_2oh_1rad_prod,C3HF6O,O[C@@](F)([C](F)F)C(F)(F)F,F[C]([C@](C(F)(F)F)(F)O)F,/qchem_data/log_to_pdb_in/hfp_2oh_1rad_prod.log
2Hbutane,C4HF9,F[C@H](C(F)(F)F)C(F)(F)C(F)(F)F,F[C@@H](C(C(F)(F)F)(F)F)C(F)(F)F,/qchem_data/log_to_pdb_in/2Hbutane.log
hfp_1oh_ts,C3HF6O,O/C(F)=C(/F)C(F)(F)F.[F],O/C(=C(\C(F)(F)F)/F)/F.[F],/qchem_data/log_to_pdb_in/hfp_1oh_ts.log
3_heptyl,C7F15,F[C](C(F)(F)C(F)(F)F)C(F)(F)C(F)(F)C(F)(F)C(F)(F)F,F[C](C(C(C(C(F)(F)F)(F)F)(F)F)(F)F)C(C(F)(F)F)(F)F,/qchem_data/log_to_pdb_in/3_heptyl.log
51_hexene,C6H2F10,C=C(F)C(F)(F)C(F)(F)C(F)(F)C(F)(F)F,FC(=C)C(C(C(C(F)(F)F)(F)F)(F)F)(F)F,/qchem_data/log_to_pdb_in/51_hexene.log
nmefosaa,C6H4F9NO4S,O=C(O)CNS(=O)(=O)C(F)(F)C(F)(F)C(F)(F)C(F)(F)F,OC(=O)CNS(=O)(=O)C(C(C(C(F)(F)F)(F)F)(F)F)(F)F,/qchem_data/log_to_pdb_in/nmefosaa.log
cf2hcf2,C2HF4,F[C](F)C(F)F,FC([C](F)F)F,/qchem_data/log_to_pdb_in/cf2hcf2.log
62_fts,C8H5F13O3S,O=S(=O)(O)CCC(F)(F)C(F)(F)C(F)(F)C(F)(F)C(F)(F)C(F)(F)F,[O]S(CCC(C(C(C(C(C(F)(F)F)(F)F)(F)F)(F)F)(F)F)(F)F)([O])O,/qchem_data/log_to_pdb_in/62_fts.log
62_ftsa,C8H6F13NO2S,NS(=O)(=O)CCC(F)(F)C(F)(F)C(F)(F)C(F)(F)C(F)(F)C(F)(F)F,NS(=O)(=O)CCC(C(C(C(C(C(F)(F)F)(F)F)(F)F)(F)F)(F)F)(F)F,/qchem_data/log_to_pdb_in/62_ftsa.log
c3f5co,C3F5O,O=C(F)[C](F)C(F)(F)F,FC(=O)[C](C(F)(F)F)F,/qchem_data/log_to_pdb_in/c3f5co.log
