log	pdb	match	log_id	pdb_id
/home/tau/projects/t99_calc/v1/qchem_data/log_to_pdb_in/1H_butane.log	/home/tau/projects/t99_calc/v1/qchem_data/log_to_pdb_out/1H_butane.pdb	ok	InChI=1S/C4HF9/c5-1(6)2(7,8)3(9,10)4(11,12)13/h1H	InChI=1S/C4HF9/c5-1(6)2(7,8)3(9,10)4(11,12)13/h1H
/home/tau/projects/t99_calc/v1/qchem_data/log_to_pdb_in/1H_decane.log	/home/tau/projects/t99_calc/v1/qchem_data/log_to_pdb_out/1H_decane.pdb	ok	InChI=1S/C10HF21/c11-1(12)2(13,14)3(15,16)4(17,18)5(19,20)6(21,22)7(23,24)8(25,26)9(27,28)10(29,30)31/h1H	InChI=1S/C10HF21/c11-1(12)2(13,14)3(15,16)4(17,18)5(19,20)6(21,22)7(23,24)8(25,26)9(27,28)10(29,30)31/h1H
/home/tau/projects/t99_calc/v1/qchem_data/log_to_pdb_in/1H_dodecane.log	/home/tau/projects/t99_calc/v1/qchem_data/log_to_pdb_out/1H_dodecane.pdb	ok	InChI=1S/C12HF25/c13-1(14)2(15,16)3(17,18)4(19,20)5(21,22)6(23,24)7(25,26)8(27,28)9(29,30)10(31,32)11(33,34)12(35,36)37/h1H	InChI=1S/C12HF25/c13-1(14)2(15,16)3(17,18)4(19,20)5(21,22)6(23,24)7(25,26)8(27,28)9(29,30)10(31,32)11(33,34)12(35,36)37/h1H
/home/tau/projects/t99_calc/v1/qchem_data/log_to_pdb_in/1H_ethane.log	/home/tau/projects/t99_calc/v1/qchem_data/log_to_pdb_out/1H_ethane.pdb	ok	InChI=1S/C2HF5/c3-1(4)2(5,6)7/h1H	InChI=1S/C2HF5/c3-1(4)2(5,6)7/h1H
/home/tau/projects/t99_calc/v1/qchem_data/log_to_pdb_in/1H_heptane.log	/home/tau/projects/t99_calc/v1/qchem_data/log_to_pdb_out/1H_heptane.pdb	ok	InChI=1S/C7HF15/c8-1(9)2(10,11)3(12,13)4(14,15)5(16,17)6(18,19)7(20,21)22/h1H	InChI=1S/C7HF15/c8-1(9)2(10,11)3(12,13)4(14,15)5(16,17)6(18,19)7(20,21)22/h1H
/home/tau/projects/t99_calc/v1/qchem_data/log_to_pdb_in/1H_hexane.log	/home/tau/projects/t99_calc/v1/qchem_data/log_to_pdb_out/1H_hexane.pdb	ok	InChI=1S/C6HF13/c7-1(8)2(9,10)3(11,12)4(13,14)5(15,16)6(17,18)19/h1H	InChI=1S/C6HF13/c7-1(8)2(9,10)3(11,12)4(13,14)5(15,16)6(17,18)19/h1H
/home/tau/projects/t99_calc/v1/qchem_data/log_to_pdb_in/1H_methane.log	/home/tau/projects/t99_calc/v1/qchem_data/log_to_pdb_out/1H_methane.pdb	ok	InChI=1S/CHF3/c2-1(3)4/h1H	InChI=1S/CHF3/c2-1(3)4/h1H
/home/tau/projects/t99_calc/v1/qchem_data/log_to_pdb_in/1H_nonane.log	/home/tau/projects/t99_calc/v1/qchem_data/log_to_pdb_out/1H_nonane.pdb	ok	InChI=1S/C9HF19/c10-1(11)2(12,13)3(14,15)4(16,17)5(18,19)6(20,21)7(22,23)8(24,25)9(26,27)28/h1H	InChI=1S/C9HF19/c10-1(11)2(12,13)3(14,15)4(16,17)5(18,19)6(20,21)7(22,23)8(24,25)9(26,27)28/h1H
/home/tau/projects/t99_calc/v1/qchem_data/log_to_pdb_in/1H_octane.log	/home/tau/projects/t99_calc/v1/qchem_data/log_to_pdb_out/1H_octane.pdb	ok	InChI=1S/C8HF17/c9-1(10)2(11,12)3(13,14)4(15,16)5(17,18)6(19,20)7(21,22)8(23,24)25/h1H	InChI=1S/C8HF17/c9-1(10)2(11,12)3(13,14)4(15,16)5(17,18)6(19,20)7(21,22)8(23,24)25/h1H
/home/tau/projects/t99_calc/v1/qchem_data/log_to_pdb_in/1H_pentane.log	/home/tau/projects/t99_calc/v1/qchem_data/log_to_pdb_out/1H_pentane.pdb	ok	InChI=1S/C5HF11/c6-1(7)2(8,9)3(10,11)4(12,13)5(14,15)16/h1H	InChI=1S/C5HF11/c6-1(7)2(8,9)3(10,11)4(12,13)5(14,15)16/h1H
/home/tau/projects/t99_calc/v1/qchem_data/log_to_pdb_in/1H_propane.log	/home/tau/projects/t99_calc/v1/qchem_data/log_to_pdb_out/1H_propane.pdb	ok	InChI=1S/C3HF7/c4-1(5)2(6,7)3(8,9)10/h1H	InChI=1S/C3HF7/c4-1(5)2(6,7)3(8,9)10/h1H
/home/tau/projects/t99_calc/v1/qchem_data/log_to_pdb_in/1H_undecane.log	/home/tau/projects/t99_calc/v1/qchem_data/log_to_pdb_out/1H_undecane.pdb	ok	InChI=1S/C11HF23/c12-1(13)2(14,15)3(16,17)4(18,19)5(20,21)6(22,23)7(24,25)8(26,27)9(28,29)10(30,31)11(32,33)34/h1H	InChI=1S/C11HF23/c12-1(13)2(14,15)3(16,17)4(18,19)5(20,21)6(22,23)7(24,25)8(26,27)9(28,29)10(30,31)11(32,33)34/h1H
/home/tau/projects/t99_calc/v1/qchem_data/log_to_pdb_in/1Hbutane.log	/home/tau/projects/t99_calc/v1/qchem_data/log_to_pdb_out/1Hbutane.pdb	ok	InChI=1S/C4HF9/c5-1(6)2(7,8)3(9,10)4(11,12)13/h1H	InChI=1S/C4HF9/c5-1(6)2(7,8)3(9,10)4(11,12)13/h1H
/home/tau/projects/t99_calc/v1/qchem_data/log_to_pdb_in/1_butane.log	/home/tau/projects/t99_calc/v1/qchem_data/log_to_pdb_out/1_butane.pdb	ok	InChI=1S/C4HF7O2/c5-2(6,1(12)13)3(7,8)4(9,10)11/h(H,12,13)	InChI=1S/C4HF7O2/c5-2(6,1(12)13)3(7,8)4(9,10)11/h(H,12,13)
/home/tau/projects/t99_calc/v1/qchem_data/log_to_pdb_in/1_butene.log	/home/tau/projects/t99_calc/v1/qchem_data/log_to_pdb_out/1_butene.pdb	ok	InChI=1S/C4F8/c5-1(2(6)7)3(8,9)4(10,11)12	InChI=1S/C4F8/c5-1(2(6)7)3(8,9)4(10,11)12
/home/tau/projects/t99_calc/v1/qchem_data/log_to_pdb_in/1_heptane.log	/home/tau/projects/t99_calc/v1/qchem_data/log_to_pdb_out/1_heptane.pdb	ok	InChI=1S/C7HF13O2/c8-2(9,1(21)22)3(10,11)4(12,13)5(14,15)6(16,17)7(18,19)20/h(H,21,22)	InChI=1S/C7HF13O2/c8-2(9,1(21)22)3(10,11)4(12,13)5(14,15)6(16,17)7(18,19)20/h(H,21,22)
/home/tau/projects/t99_calc/v1/qchem_data/log_to_pdb_in/1_hexane.log	/home/tau/projects/t99_calc/v1/qchem_data/log_to_pdb_out/1_hexane.pdb	ok	InChI=1S/C6HF11O2/c7-2(8,1(18)19)3(9,10)4(11,12)5(13,14)6(15,16)17/h(H,18,19)	InChI=1S/C6HF11O2/c7-2(8,1(18)19)3(9,10)4(11,12)5(13,14)6(15,16)17/h(H,18,19)
/home/tau/projects/t99_calc/v1/qchem_data/log_to_pdb_in/1_octane.log	/home/tau/projects/t99_calc/v1/qchem_data/log_to_pdb_out/1_octane.pdb	ok	InChI=1S/C8HF15O2/c9-2(10,1(24)25)3(11,12)4(13,14)5(15,16)6(17,18)7(19,20)8(21,22)23/h(H,24,25)	InChI=1S/C8HF15O2/c9-2(10,1(24)25)3(11,12)4(13,14)5(15,16)6(17,18)7(19,20)8(21,22)23/h(H,24,25)
/home/tau/projects/t99_calc/v1/qchem_data/log_to_pdb_in/1_octane_alpha_prod_prod_ene.log	/home/tau/projects/t99_calc/v1/qchem_data/log_to_pdb_out/1_octane_alpha_prod_prod_ene.pdb	ok	InChI=1S/C7F14/c8-1(2(9)10)3(11,12)4(13,14)5(15,16)6(17,18)7(19,20)21	InChI=1S/C7F14/c8-1(2(9)10)3(11,12)4(13,14)5(15,16)6(17,18)7(19,20)21
/home/tau/projects/t99_calc/v1/qchem_data/log_to_pdb_in/1_octane_c4_rad.log	/home/tau/projects/t99_calc/v1/qchem_data/log_to_pdb_out/1_octane_c4_rad.pdb	mismatch	InChI=1S/C4F9/c5-1(6)2(7,8)3(9,10)4(11,12)13	InChI=1S/C4HF9/c5-1(6)2(7,8)3(9,10)4(11,12)13/h1H
/home/tau/projects/t99_calc/v1/qchem_data/log_to_pdb_in/1_octane_c7_carbene.log	/home/tau/projects/t99_calc/v1/qchem_data/log_to_pdb_out/1_octane_c7_carbene.pdb	mismatch	InChI=1S/C7F14/c8-1-2(9,10)3(11,12)4(13,14)5(15,16)6(17,18)7(19,20)21	InChI=1S/C7H2F14/c8-1-2(9,10)3(11,12)4(13,14)5(15,16)6(17,18)7(19,20)21/h1H2
/home/tau/projects/t99_calc/v1/qchem_data/log_to_pdb_in/1_octane_c7_rad.log	/home/tau/projects/t99_calc/v1/qchem_data/log_to_pdb_out/1_octane_c7_rad.pdb	mismatch	InChI=1S/C7F15/c8-1(9)2(10,11)3(12,13)4(14,15)5(16,17)6(18,19)7(20,21)22	InChI=1S/C7HF15/c8-1(9)2(10,11)3(12,13)4(14,15)5(16,17)6(18,19)7(20,21)22/h1H
/home/tau/projects/t99_calc/v1/qchem_data/log_to_pdb_in/1_octane_c8_rad.log	/home/tau/projects/t99_calc/v1/qchem_data/log_to_pdb_out/1_octane_c8_rad.pdb	mismatch	InChI=1S/C8F17/c9-1(10)2(11,12)3(13,14)4(15,16)5(17,18)6(19,20)7(21,22)8(23,24)25	InChI=1S/C8HF17/c9-1(10)2(11,12)3(13,14)4(15,16)5(17,18)6(19,20)7(21,22)8(23,24)25/h1H
/home/tau/projects/t99_calc/v1/qchem_data/log_to_pdb_in/1_pentane.log	/home/tau/projects/t99_calc/v1/qchem_data/log_to_pdb_out/1_pentane.pdb	ok	InChI=1S/C5HF9O2/c6-2(7,1(15)16)3(8,9)4(10,11)5(12,13)14/h(H,15,16)	InChI=1S/C5HF9O2/c6-2(7,1(15)16)3(8,9)4(10,11)5(12,13)14/h(H,15,16)
/home/tau/projects/t99_calc/v1/qchem_data/log_to_pdb_in/1_propane.log	/home/tau/projects/t99_calc/v1/qchem_data/log_to_pdb_out/1_propane.pdb	ok	InChI=1S/C3HF5O2/c4-2(5,1(9)10)3(6,7)8/h(H,9,10)	InChI=1S/C3HF5O2/c4-2(5,1(9)10)3(6,7)8/h(H,9,10)
/home/tau/projects/t99_calc/v1/qchem_data/log_to_pdb_in/1_propyl.log	/home/tau/projects/t99_calc/v1/qchem_data/log_to_pdb_out/1_propyl.pdb	mismatch	InChI=1S/C3F7/c4-1(5)2(6,7)3(8,9)10	InChI=1S/C3HF7/c4-1(5)2(6,7)3(8,9)10/h1H
/home/tau/projects/t99_calc/v1/qchem_data/log_to_pdb_in/21_propene.log	/home/tau/projects/t99_calc/v1/qchem_data/log_to_pdb_out/21_propene.pdb	ok	InChI=1S/C3H2F4/c1-2(4)3(5,6)7/h1H2	InChI=1S/C3H2F4/c1-2(4)3(5,6)7/h1H2
/home/tau/projects/t99_calc/v1/qchem_data/log_to_pdb_in/22_butene.log	/home/tau/projects/t99_calc/v1/qchem_data/log_to_pdb_out/22_butene.pdb	ok	InChI=1S/C4H3F5/c1-2-3(5,6)4(7,8)9/h2H,1H2	InChI=1S/C4H3F5/c1-2-3(5,6)4(7,8)9/h2H,1H2
/home/tau/projects/t99_calc/v1/qchem_data/log_to_pdb_in/22_fts.log	/home/tau/projects/t99_calc/v1/qchem_data/log_to_pdb_out/22_fts.pdb	mismatch	InChI=1S/C4H5F5O3S/c5-3(6,4(7,8)9)1-2-13(10,11)12/h10H,1-2H2	InChI=1S/C4H7F5O3S/c5-3(6,4(7,8)9)1-2-13(10,11)12/h10-12H,1-2H2
/home/tau/projects/t99_calc/v1/qchem_data/log_to_pdb_in/22_ftsa.log	/home/tau/projects/t99_calc/v1/qchem_data/log_to_pdb_out/22_ftsa.pdb	ok	InChI=1S/C4H6F5NO2S/c5-3(6,4(7,8)9)1-2-13(10,11)12/h1-2H2,(H2,10,11,12)	InChI=1S/C4H6F5NO2S/c5-3(6,4(7,8)9)1-2-13(10,11)12/h1-2H2,(H2,10,11,12)
/home/tau/projects/t99_calc/v1/qchem_data/log_to_pdb_in/22ftoh.log	/home/tau/projects/t99_calc/v1/qchem_data/log_to_pdb_out/22ftoh.pdb	ok	InChI=1S/C4H5F5O/c5-3(6,1-2-10)4(7,8)9/h10H,1-2H2	InChI=1S/C4H5F5O/c5-3(6,1-2-10)4(7,8)9/h10H,1-2H2
/home/tau/projects/t99_calc/v1/qchem_data/log_to_pdb_in/22rh.log	/home/tau/projects/t99_calc/v1/qchem_data/log_to_pdb_out/22rh.pdb	ok	InChI=1S/C4H5F5/c1-2-3(5,6)4(7,8)9/h2H2,1H3	InChI=1S/C4H5F5/c1-2-3(5,6)4(7,8)9/h2H2,1H3
/home/tau/projects/t99_calc/v1/qchem_data/log_to_pdb_in/23_ftca.log	/home/tau/projects/t99_calc/v1/qchem_data/log_to_pdb_out/23_ftca.pdb	ok	InChI=1S/C5H5F5O2/c6-4(7,5(8,9)10)2-1-3(11)12/h1-2H2,(H,11,12)	InChI=1S/C5H5F5O2/c6-4(7,5(8,9)10)2-1-3(11)12/h1-2H2,(H,11,12)
/home/tau/projects/t99_calc/v1/qchem_data/log_to_pdb_in/2Hbutane.log	/home/tau/projects/t99_calc/v1/qchem_data/log_to_pdb_out/2Hbutane.pdb	ok	InChI=1S/C4HF9/c5-1(3(8,9)10)2(6,7)4(11,12)13/h1H/t1-/m0/s1	InChI=1S/C4HF9/c5-1(3(8,9)10)2(6,7)4(11,12)13/h1H/t1-/m0/s1
/home/tau/projects/t99_calc/v1/qchem_data/log_to_pdb_in/2_butene.log	/home/tau/projects/t99_calc/v1/qchem_data/log_to_pdb_out/2_butene.pdb	ok	InChI=1S/C4F8/c5-1(3(7,8)9)2(6)4(10,11)12/b2-1+	InChI=1S/C4F8/c5-1(3(7,8)9)2(6)4(10,11)12/b2-1+
/home/tau/projects/t99_calc/v1/qchem_data/log_to_pdb_in/2_butene_ip.log	/home/tau/projects/t99_calc/v1/qchem_data/log_to_pdb_out/2_butene_ip.pdb	ok	InChI=1S/C4F8/c5-1(3(7,8)9)2(6)4(10,11)12/b2-1+	InChI=1S/C4F8/c5-1(3(7,8)9)2(6)4(10,11)12/b2-1+
/home/tau/projects/t99_calc/v1/qchem_data/log_to_pdb_in/2_butyl.log	/home/tau/projects/t99_calc/v1/qchem_data/log_to_pdb_out/2_butyl.pdb	mismatch	InChI=1S/C4F9/c5-1(3(8,9)10)2(6,7)4(11,12)13	InChI=1S/C4HF9/c5-1(3(8,9)10)2(6,7)4(11,12)13/h1H/t1-/m1/s1
/home/tau/projects/t99_calc/v1/qchem_data/log_to_pdb_in/2_heptene.log	/home/tau/projects/t99_calc/v1/qchem_data/log_to_pdb_out/2_heptene.pdb	ok	InChI=1S/C7F14/c8-1(2(9)4(12,13)14)3(10,11)5(15,16)6(17,18)7(19,20)21/b2-1+	InChI=1S/C7F14/c8-1(2(9)4(12,13)14)3(10,11)5(15,16)6(17,18)7(19,20)21/b2-1+
/home/tau/projects/t99_calc/v1/qchem_data/log_to_pdb_in/2_hexene.log	/home/tau/projects/t99_calc/v1/qchem_data/log_to_pdb_out/2_hexene.pdb	ok	InChI=1S/C6F12/c7-1(2(8)4(11,12)13)3(9,10)5(14,15)6(16,17)18/b2-1+	InChI=1S/C6F12/c7-1(2(8)4(11,12)13)3(9,10)5(14,15)6(16,17)18/b2-1+
/home/tau/projects/t99_calc/v1/qchem_data/log_to_pdb_in/2_hexyl.log	/home/tau/projects/t99_calc/v1/qchem_data/log_to_pdb_out/2_hexyl.pdb	mismatch	InChI=1S/C6F13/c7-1(3(10,11)12)2(8,9)4(13,14)5(15,16)6(17,18)19	InChI=1S/C6HF13/c7-1(3(10,11)12)2(8,9)4(13,14)5(15,16)6(17,18)19/h1H/t1-/m1/s1
/home/tau/projects/t99_calc/v1/qchem_data/log_to_pdb_in/2_octene.log	/home/tau/projects/t99_calc/v1/qchem_data/log_to_pdb_out/2_octene.pdb	ok	InChI=1S/C8F16/c9-1(2(10)4(13,14)15)3(11,12)5(16,17)6(18,19)7(20,21)8(22,23)24/b2-1+	InChI=1S/C8F16/c9-1(2(10)4(13,14)15)3(11,12)5(16,17)6(18,19)7(20,21)8(22,23)24/b2-1+
/home/tau/projects/t99_calc/v1/qchem_data/log_to_pdb_in/2_octyl.log	/home/tau/projects/t99_calc/v1/qchem_data/log_to_pdb_out/2_octyl.pdb	mismatch	InChI=1S/C8F17/c9-1(3(12,13)14)2(10,11)4(15,16)5(17,18)6(19,20)7(21,22)8(23,24)25	InChI=1S/C8HF17/c9-1(3(12,13)14)2(10,11)4(15,16)5(17,18)6(19,20)7(21,22)8(23,24)25/h1H/t1-/m0/s1
/home/tau/projects/t99_calc/v1/qchem_data/log_to_pdb_in/2_pentene.log	/home/tau/projects/t99_calc/v1/qchem_data/log_to_pdb_out/2_pentene.pdb	ok	InChI=1S/C5F10/c6-1(2(7)4(10,11)12)3(8,9)5(13,14)15/b2-1+	InChI=1S/C5F10/c6-1(2(7)4(10,11)12)3(8,9)5(13,14)15/b2-1+
/home/tau/projects/t99_calc/v1/qchem_data/log_to_pdb_in/2_pentyl.log	/home/tau/projects/t99_calc/v1/qchem_data/log_to_pdb_out/2_pentyl.pdb	mismatch	InChI=1S/C5F11/c6-1(3(9,10)11)2(7,8)4(12,13)5(14,15)16	InChI=1S/C5HF11/c6-1(3(9,10)11)2(7,8)4(12,13)5(14,15)16/h1H/t1-/m1/s1
/home/tau/projects/t99_calc/v1/qchem_data/log_to_pdb_in/2_propyl.log	/home/tau/projects/t99_calc/v1/qchem_data/log_to_pdb_out/2_propyl.pdb	mismatch	InChI=1S/C3F7/c4-1(2(5,6)7)3(8,9)10	InChI=1S/C3HF7/c4-1(2(5,6)7)3(8,9)10/h1H
/home/tau/projects/t99_calc/v1/qchem_data/log_to_pdb_in/2butene.log	/home/tau/projects/t99_calc/v1/qchem_data/log_to_pdb_out/2butene.pdb	ok	InChI=1S/C4F8/c5-1(3(7,8)9)2(6)4(10,11)12/b2-1+	InChI=1S/C4F8/c5-1(3(7,8)9)2(6)4(10,11)12/b2-1+
/home/tau/projects/t99_calc/v1/qchem_data/log_to_pdb_in/31_butene.log	/home/tau/projects/t99_calc/v1/qchem_data/log_to_pdb_out/31_butene.pdb	ok	InChI=1S/C4H2F6/c1-2(5)3(6,7)4(8,9)10/h1H2	InChI=1S/C4H2F6/c1-2(5)3(6,7)4(8,9)10/h1H2
/home/tau/projects/t99_calc/v1/qchem_data/log_to_pdb_in/32_fts.log	/home/tau/projects/t99_calc/v1/qchem_data/log_to_pdb_out/32_fts.pdb	mismatch	InChI=1S/C5H5F7O3S/c6-3(7,1-2-16(13,14)15)4(8,9)5(10,11)12/h13H,1-2H2	InChI=1S/C5H7F7O3S/c6-3(7,1-2-16(13,14)15)4(8,9)5(10,11)12/h13-15H,1-2H2
/home/tau/projects/t99_calc/v1/qchem_data/log_to_pdb_in/32_ftsa.log	/home/tau/projects/t99_calc/v1/qchem_data/log_to_pdb_out/32_ftsa.pdb	ok	InChI=1S/C5H6F7NO2S/c6-3(7,1-2-16(13,14)15)4(8,9)5(10,11)12/h1-2H2,(H2,13,14,15)	InChI=1S/C5H6F7NO2S/c6-3(7,1-2-16(13,14)15)4(8,9)5(10,11)12/h1-2H2,(H2,13,14,15)
/home/tau/projects/t99_calc/v1/qchem_data/log_to_pdb_in/32_pentene.log	/home/tau/projects/t99_calc/v1/qchem_data/log_to_pdb_out/32_pentene.pdb	ok	InChI=1S/C5H3F7/c1-2-3(6,7)4(8,9)5(10,11)12/h2H,1H2	InChI=1S/C5H3F7/c1-2-3(6,7)4(8,9)5(10,11)12/h2H,1H2
/home/tau/projects/t99_calc/v1/qchem_data/log_to_pdb_in/32ftoh.log	/home/tau/projects/t99_calc/v1/qchem_data/log_to_pdb_out/32ftoh.pdb	ok	InChI=1S/C5H5F7O/c6-3(7,1-2-13)4(8,9)5(10,11)12/h13H,1-2H2	InChI=1S/C5H5F7O/c6-3(7,1-2-13)4(8,9)5(10,11)12/h13H,1-2H2
/home/tau/projects/t99_calc/v1/qchem_data/log_to_pdb_in/32rh.log	/home/tau/projects/t99_calc/v1/qchem_data/log_to_pdb_out/32rh.pdb	ok	InChI=1S/C5H5F7/c1-2-3(6,7)4(8,9)5(10,11)12/h2H2,1H3	InChI=1S/C5H5F7/c1-2-3(6,7)4(8,9)5(10,11)12/h2H2,1H3
/home/tau/projects/t99_calc/v1/qchem_data/log_to_pdb_in/33_ftca.log	/home/tau/projects/t99_calc/v1/qchem_data/log_to_pdb_out/33_ftca.pdb	ok	InChI=1S/C6H5F7O2/c7-4(8,2-1-3(14)15)5(9,10)6(11,12)13/h1-2H2,(H,14,15)	InChI=1S/C6H5F7O2/c7-4(8,2-1-3(14)15)5(9,10)6(11,12)13/h1-2H2,(H,14,15)
/home/tau/projects/t99_calc/v1/qchem_data/log_to_pdb_in/3_heptyl.log	/home/tau/projects/t99_calc/v1/qchem_data/log_to_pdb_out/3_heptyl.pdb	mismatch	InChI=1S/C7F15/c8-1(3(11,12)6(17,18)19)2(9,10)4(13,14)5(15,16)7(20,21)22	InChI=1S/C7HF15/c8-1(3(11,12)6(17,18)19)2(9,10)4(13,14)5(15,16)7(20,21)22/h1H
/home/tau/projects/t99_calc/v1/qchem_data/log_to_pdb_in/3_hexyl.log	/home/tau/projects/t99_calc/v1/qchem_data/log_to_pdb_out/3_hexyl.pdb	mismatch	InChI=1S/C6F13/c7-1(3(10,11)5(14,15)16)2(8,9)4(12,13)6(17,18)19	InChI=1S/C6HF13/c7-1(3(10,11)5(14,15)16)2(8,9)4(12,13)6(17,18)19/h1H
/home/tau/projects/t99_calc/v1/qchem_data/log_to_pdb_in/3_octyl.log	/home/tau/projects/t99_calc/v1/qchem_data/log_to_pdb_out/3_octyl.pdb	mismatch	InChI=1S/C8F17/c9-1(3(12,13)7(20,21)22)2(10,11)4(14,15)5(16,17)6(18,19)8(23,24)25	InChI=1S/C8HF17/c9-1(3(12,13)7(20,21)22)2(10,11)4(14,15)5(16,17)6(18,19)8(23,24)25/h1H/t1-/m0/s1
/home/tau/projects/t99_calc/v1/qchem_data/log_to_pdb_in/3_pentyl.log	/home/tau/projects/t99_calc/v1/qchem_data/log_to_pdb_out/3_pentyl.pdb	mismatch	InChI=1S/C6F13/c7-1(3(10,11)5(14,15)16)2(8,9)4(12,13)6(17,18)19	InChI=1S/C6HF13/c7-1(3(10,11)5(14,15)16)2(8,9)4(12,13)6(17,18)19/h1H
/home/tau/projects/t99_calc/v1/qchem_data/log_to_pdb_in/41_pentene.log	/home/tau/projects/t99_calc/v1/qchem_data/log_to_pdb_out/41_pentene.pdb	ok	InChI=1S/C5H2F8/c1-2(6)3(7,8)4(9,10)5(11,12)13/h1H2	InChI=1S/C5H2F8/c1-2(6)3(7,8)4(9,10)5(11,12)13/h1H2
/home/tau/projects/t99_calc/v1/qchem_data/log_to_pdb_in/42_fts.log	/home/tau/projects/t99_calc/v1/qchem_data/log_to_pdb_out/42_fts.pdb	mismatch	InChI=1S/C6H5F9O3S/c7-3(8,1-2-19(16,17)18)4(9,10)5(11,12)6(13,14)15/h16H,1-2H2	InChI=1S/C6H7F9O3S/c7-3(8,1-2-19(16,17)18)4(9,10)5(11,12)6(13,14)15/h16-18H,1-2H2
/home/tau/projects/t99_calc/v1/qchem_data/log_to_pdb_in/42_ftsa.log	/home/tau/projects/t99_calc/v1/qchem_data/log_to_pdb_out/42_ftsa.pdb	ok	InChI=1S/C6H6F9NO2S/c7-3(8,1-2-19(16,17)18)4(9,10)5(11,12)6(13,14)15/h1-2H2,(H2,16,17,18)	InChI=1S/C6H6F9NO2S/c7-3(8,1-2-19(16,17)18)4(9,10)5(11,12)6(13,14)15/h1-2H2,(H2,16,17,18)
/home/tau/projects/t99_calc/v1/qchem_data/log_to_pdb_in/42_hexene.log	/home/tau/projects/t99_calc/v1/qchem_data/log_to_pdb_out/42_hexene.pdb	ok	InChI=1S/C6H3F9/c1-2-3(7,8)4(9,10)5(11,12)6(13,14)15/h2H,1H2	InChI=1S/C6H3F9/c1-2-3(7,8)4(9,10)5(11,12)6(13,14)15/h2H,1H2
/home/tau/projects/t99_calc/v1/qchem_data/log_to_pdb_in/42ftoh.log	/home/tau/projects/t99_calc/v1/qchem_data/log_to_pdb_out/42ftoh.pdb	ok	InChI=1S/C6H5F9O/c7-3(8,1-2-16)4(9,10)5(11,12)6(13,14)15/h16H,1-2H2	InChI=1S/C6H5F9O/c7-3(8,1-2-16)4(9,10)5(11,12)6(13,14)15/h16H,1-2H2
/home/tau/projects/t99_calc/v1/qchem_data/log_to_pdb_in/42rh.log	/home/tau/projects/t99_calc/v1/qchem_data/log_to_pdb_out/42rh.pdb	ok	InChI=1S/C6H5F9/c1-2-3(7,8)4(9,10)5(11,12)6(13,14)15/h2H2,1H3	InChI=1S/C6H5F9/c1-2-3(7,8)4(9,10)5(11,12)6(13,14)15/h2H2,1H3
/home/tau/projects/t99_calc/v1/qchem_data/log_to_pdb_in/43_ftca.log	/home/tau/projects/t99_calc/v1/qchem_data/log_to_pdb_out/43_ftca.pdb	ok	InChI=1S/C7H5F9O2/c8-4(9,2-1-3(17)18)5(10,11)6(12,13)7(14,15)16/h1-2H2,(H,17,18)	InChI=1S/C7H5F9O2/c8-4(9,2-1-3(17)18)5(10,11)6(12,13)7(14,15)16/h1-2H2,(H,17,18)
/home/tau/projects/t99_calc/v1/qchem_data/log_to_pdb_in/4_heptyl.log	/home/tau/projects/t99_calc/v1/qchem_data/log_to_pdb_out/4_heptyl.pdb	mismatch	InChI=1S/C7F15/c8-1(2(9,10)4(13,14)6(17,18)19)3(11,12)5(15,16)7(20,21)22	InChI=1S/C7HF15/c8-1(2(9,10)4(13,14)6(17,18)19)3(11,12)5(15,16)7(20,21)22/h1H
/home/tau/projects/t99_calc/v1/qchem_data/log_to_pdb_in/4_octyl.log	/home/tau/projects/t99_calc/v1/qchem_data/log_to_pdb_out/4_octyl.pdb	mismatch	InChI=1S/C8F17/c9-1(3(12,13)5(16,17)7(20,21)22)2(10,11)4(14,15)6(18,19)8(23,24)25	InChI=1S/C8HF17/c9-1(3(12,13)5(16,17)7(20,21)22)2(10,11)4(14,15)6(18,19)8(23,24)25/h1H
/home/tau/projects/t99_calc/v1/qchem_data/log_to_pdb_in/51_hexene.log	/home/tau/projects/t99_calc/v1/qchem_data/log_to_pdb_out/51_hexene.pdb	ok	InChI=1S/C6H2F10/c1-2(7)3(8,9)4(10,11)5(12,13)6(14,15)16/h1H2	InChI=1S/C6H2F10/c1-2(7)3(8,9)4(10,11)5(12,13)6(14,15)16/h1H2
/home/tau/projects/t99_calc/v1/qchem_data/log_to_pdb_in/52_fts.log	/home/tau/projects/t99_calc/v1/qchem_data/log_to_pdb_out/52_fts.pdb	mismatch	InChI=1S/C7H5F11O3S/c8-3(9,1-2-22(19,20)21)4(10,11)5(12,13)6(14,15)7(16,17)18/h19H,1-2H2	InChI=1S/C7H7F11O3S/c8-3(9,1-2-22(19,20)21)4(10,11)5(12,13)6(14,15)7(16,17)18/h19-21H,1-2H2
/home/tau/projects/t99_calc/v1/qchem_data/log_to_pdb_in/52_ftsa.log	/home/tau/projects/t99_calc/v1/qchem_data/log_to_pdb_out/52_ftsa.pdb	ok	InChI=1S/C7H6F11NO2S/c8-3(9,1-2-22(19,20)21)4(10,11)5(12,13)6(14,15)7(16,17)18/h1-2H2,(H2,19,20,21)	InChI=1S/C7H6F11NO2S/c8-3(9,1-2-22(19,20)21)4(10,11)5(12,13)6(14,15)7(16,17)18/h1-2H2,(H2,19,20,21)
/home/tau/projects/t99_calc/v1/qchem_data/log_to_pdb_in/52_heptene.log	/home/tau/projects/t99_calc/v1/qchem_data/log_to_pdb_out/52_heptene.pdb	ok	InChI=1S/C7H3F11/c1-2-3(8,9)4(10,11)5(12,13)6(14,15)7(16,17)18/h2H,1H2	InChI=1S/C7H3F11/c1-2-3(8,9)4(10,11)5(12,13)6(14,15)7(16,17)18/h2H,1H2
/home/tau/projects/t99_calc/v1/qchem_data/log_to_pdb_in/52ftoh.log	/home/tau/projects/t99_calc/v1/qchem_data/log_to_pdb_out/52ftoh.pdb	ok	InChI=1S/C7H5F11O/c8-3(9,1-2-19)4(10,11)5(12,13)6(14,15)7(16,17)18/h19H,1-2H2	InChI=1S/C7H5F11O/c8-3(9,1-2-19)4(10,11)5(12,13)6(14,15)7(16,17)18/h19H,1-2H2
/home/tau/projects/t99_calc/v1/qchem_data/log_to_pdb_in/52rh.log	/home/tau/projects/t99_calc/v1/qchem_data/log_to_pdb_out/52rh.pdb	ok	InChI=1S/C7H5F11/c1-2-3(8,9)4(10,11)5(12,13)6(14,15)7(16,17)18/h2H2,1H3	InChI=1S/C7H5F11/c1-2-3(8,9)4(10,11)5(12,13)6(14,15)7(16,17)18/h2H2,1H3
/home/tau/projects/t99_calc/v1/qchem_data/log_to_pdb_in/53_ftca.log	/home/tau/projects/t99_calc/v1/qchem_data/log_to_pdb_out/53_ftca.pdb	ok	InChI=1S/C8H5F11O2/c9-4(10,2-1-3(20)21)5(11,12)6(13,14)7(15,16)8(17,18)19/h1-2H2,(H,20,21)	InChI=1S/C8H5F11O2/c9-4(10,2-1-3(20)21)5(11,12)6(13,14)7(15,16)8(17,18)19/h1-2H2,(H,20,21)
/home/tau/projects/t99_calc/v1/qchem_data/log_to_pdb_in/61_heptene.log	/home/tau/projects/t99_calc/v1/qchem_data/log_to_pdb_out/61_heptene.pdb	ok	InChI=1S/C7H2F12/c1-2(8)3(9,10)4(11,12)5(13,14)6(15,16)7(17,18)19/h1H2	InChI=1S/C7H2F12/c1-2(8)3(9,10)4(11,12)5(13,14)6(15,16)7(17,18)19/h1H2
/home/tau/projects/t99_calc/v1/qchem_data/log_to_pdb_in/62_fts.log	/home/tau/projects/t99_calc/v1/qchem_data/log_to_pdb_out/62_fts.pdb	mismatch	InChI=1S/C8H5F13O3S/c9-3(10,1-2-25(22,23)24)4(11,12)5(13,14)6(15,16)7(17,18)8(19,20)21/h22H,1-2H2	InChI=1S/C8H7F13O3S/c9-3(10,1-2-25(22,23)24)4(11,12)5(13,14)6(15,16)7(17,18)8(19,20)21/h22-24H,1-2H2
/home/tau/projects/t99_calc/v1/qchem_data/log_to_pdb_in/62_ftsa.log	/home/tau/projects/t99_calc/v1/qchem_data/log_to_pdb_out/62_ftsa.pdb	ok	InChI=1S/C8H6F13NO2S/c9-3(10,1-2-25(22,23)24)4(11,12)5(13,14)6(15,16)7(17,18)8(19,20)21/h1-2H2,(H2,22,23,24)	InChI=1S/C8H6F13NO2S/c9-3(10,1-2-25(22,23)24)4(11,12)5(13,14)6(15,16)7(17,18)8(19,20)21/h1-2H2,(H2,22,23,24)
/home/tau/projects/t99_calc/v1/qchem_data/log_to_pdb_in/62_octene.log	/home/tau/projects/t99_calc/v1/qchem_data/log_to_pdb_out/62_octene.pdb	ok	InChI=1S/C8H3F13/c1-2-3(9,10)4(11,12)5(13,14)6(15,16)7(17,18)8(19,20)21/h2H,1H2	InChI=1S/C8H3F13/c1-2-3(9,10)4(11,12)5(13,14)6(15,16)7(17,18)8(19,20)21/h2H,1H2
/home/tau/projects/t99_calc/v1/qchem_data/log_to_pdb_in/62ftab.log	/home/tau/projects/t99_calc/v1/qchem_data/log_to_pdb_out/62ftab.pdb	mismatch	InChI=1S/C15H19F13N2O4S/c1-30(2,8-9(31)32)6-3-5-29-35(33,34)7-4-10(16,17)11(18,19)12(20,21)13(22,23)14(24,25)15(26,27)28/h29H,3-8H2,1-2H3	InChI=1S/C15H20F13N2O4S/c1-30(2,8-9(31)32)6-3-5-29-35(33,34)7-4-10(16,17)11(18,19)12(20,21)13(22,23)14(24,25)15(26,27)28/h29H,3-8H2,1-2H3,(H,31,32)
/home/tau/projects/t99_calc/v1/qchem_data/log_to_pdb_in/62ftoh.log	/home/tau/projects/t99_calc/v1/qchem_data/log_to_pdb_out/62ftoh.pdb	ok	InChI=1S/C8H5F13O/c9-3(10,1-2-22)4(11,12)5(13,14)6(15,16)7(17,18)8(19,20)21/h22H,1-2H2	InChI=1S/C8H5F13O/c9-3(10,1-2-22)4(11,12)5(13,14)6(15,16)7(17,18)8(19,20)21/h22H,1-2H2
/home/tau/projects/t99_calc/v1/qchem_data/log_to_pdb_in/62rh.log	/home/tau/projects/t99_calc/v1/qchem_data/log_to_pdb_out/62rh.pdb	ok	InChI=1S/C8H5F13/c1-2-3(9,10)4(11,12)5(13,14)6(15,16)7(17,18)8(19,20)21/h2H2,1H3	InChI=1S/C8H5F13/c1-2-3(9,10)4(11,12)5(13,14)6(15,16)7(17,18)8(19,20)21/h2H2,1H3
/home/tau/projects/t99_calc/v1/qchem_data/log_to_pdb_in/71_octene.log	/home/tau/projects/t99_calc/v1/qchem_data/log_to_pdb_out/71_octene.pdb	ok	InChI=1S/C8H2F14/c1-2(9)3(10,11)4(12,13)5(14,15)6(16,17)7(18,19)8(20,21)22/h1H2	InChI=1S/C8H2F14/c1-2(9)3(10,11)4(12,13)5(14,15)6(16,17)7(18,19)8(20,21)22/h1H2
/home/tau/projects/t99_calc/v1/qchem_data/log_to_pdb_in/allene.log	/home/tau/projects/t99_calc/v1/qchem_data/log_to_pdb_out/allene.pdb	ok	InChI=1S/C3F4/c4-2(5)1-3(6)7	InChI=1S/C3F4/c4-2(5)1-3(6)7
/home/tau/projects/t99_calc/v1/qchem_data/log_to_pdb_in/allyl.log	/home/tau/projects/t99_calc/v1/qchem_data/log_to_pdb_out/allyl.pdb	mismatch	InChI=1S/C3F5/c4-1(2(5)6)3(7)8	InChI=1S/C3HF5/c4-1(2(5)6)3(7)8/h2H
/home/tau/projects/t99_calc/v1/qchem_data/log_to_pdb_in/butane.log	/home/tau/projects/t99_calc/v1/qchem_data/log_to_pdb_out/butane.pdb	ok	InChI=1S/C4F10/c5-1(6,3(9,10)11)2(7,8)4(12,13)14	InChI=1S/C4F10/c5-1(6,3(9,10)11)2(7,8)4(12,13)14
/home/tau/projects/t99_calc/v1/qchem_data/log_to_pdb_in/butane1H.log	/home/tau/projects/t99_calc/v1/qchem_data/log_to_pdb_out/butane1H.pdb	ok	InChI=1S/C4HF9/c5-1(6)2(7,8)3(9,10)4(11,12)13/h1H	InChI=1S/C4HF9/c5-1(6)2(7,8)3(9,10)4(11,12)13/h1H
/home/tau/projects/t99_calc/v1/qchem_data/log_to_pdb_in/butene.log	/home/tau/projects/t99_calc/v1/qchem_data/log_to_pdb_out/butene.pdb	ok	InChI=1S/C4F8/c5-1(2(6)7)3(8,9)4(10,11)12	InChI=1S/C4F8/c5-1(2(6)7)3(8,9)4(10,11)12
/home/tau/projects/t99_calc/v1/qchem_data/log_to_pdb_in/butene_2OH.log	/home/tau/projects/t99_calc/v1/qchem_data/log_to_pdb_out/butene_2OH.pdb	mismatch	InChI=1S/C4HF8O/c5-1(6)2(7,13)3(8,9)4(10,11)12/h13H/t2-/m1/s1	InChI=1S/C4H2F8O/c5-1(6)2(7,13)3(8,9)4(10,11)12/h1,13H/t2-/m1/s1
/home/tau/projects/t99_calc/v1/qchem_data/log_to_pdb_in/butene_OH.log	/home/tau/projects/t99_calc/v1/qchem_data/log_to_pdb_out/butene_OH.pdb	mismatch	InChI=1S/C4HF8O/c5-1(3(8,9)13)2(6,7)4(10,11)12/h13H	InChI=1S/C4H2F8O/c5-1(3(8,9)13)2(6,7)4(10,11)12/h1,13H/t1-/m1/s1
/home/tau/projects/t99_calc/v1/qchem_data/log_to_pdb_in/butylallyl.log	/home/tau/projects/t99_calc/v1/qchem_data/log_to_pdb_out/butylallyl.pdb	mismatch	InChI=1S/C4F7/c5-1(3(7)8)2(6)4(9,10)11	InChI=1S/C4HF7/c5-1(3(7)8)2(6)4(9,10)11/h2H
/home/tau/projects/t99_calc/v1/qchem_data/log_to_pdb_in/c2_rad.log	/home/tau/projects/t99_calc/v1/qchem_data/log_to_pdb_out/c2_rad.pdb	mismatch	InChI=1S/C2F5/c3-1(4)2(5,6)7	InChI=1S/C2HF5/c3-1(4)2(5,6)7/h1H
/home/tau/projects/t99_calc/v1/qchem_data/log_to_pdb_in/c2f3_o.log	/home/tau/projects/t99_calc/v1/qchem_data/log_to_pdb_out/c2f3_o.pdb	mismatch	InChI=1S/C2F3O/c3-1(4)2(5)6	InChI=1S/C2HF3O/c3-1(4)2(5)6/h1H
/home/tau/projects/t99_calc/v1/qchem_data/log_to_pdb_in/c2f4.log	/home/tau/projects/t99_calc/v1/qchem_data/log_to_pdb_out/c2f4.pdb	ok	InChI=1S/C2F4/c3-1(4)2(5)6	InChI=1S/C2F4/c3-1(4)2(5)6
/home/tau/projects/t99_calc/v1/qchem_data/log_to_pdb_in/c2f4_carbene.log	/home/tau/projects/t99_calc/v1/qchem_data/log_to_pdb_out/c2f4_carbene.pdb	mismatch	InChI=1S/C2F4/c3-1-2(4,5)6	InChI=1S/C2H2F4/c3-1-2(4,5)6/h1H2
/home/tau/projects/t99_calc/v1/qchem_data/log_to_pdb_in/c2f4_oh.log	/home/tau/projects/t99_calc/v1/qchem_data/log_to_pdb_out/c2f4_oh.pdb	mismatch	InChI=1S/C2HF4O/c3-1(4)2(5,6)7/h7H	InChI=1S/C2H2F4O/c3-1(4)2(5,6)7/h1,7H
/home/tau/projects/t99_calc/v1/qchem_data/log_to_pdb_in/c2f4h2o_prod.log	/home/tau/projects/t99_calc/v1/qchem_data/log_to_pdb_out/c2f4h2o_prod.pdb	ok	InChI=1S/C2H2F4O/c3-1(4)2(5,6)7/h1,7H	InChI=1S/C2H2F4O/c3-1(4)2(5,6)7/h1,7H
/home/tau/projects/t99_calc/v1/qchem_data/log_to_pdb_in/c2f4o.log	/home/tau/projects/t99_calc/v1/qchem_data/log_to_pdb_out/c2f4o.pdb	ok	InChI=1S/C2F4O/c3-1(7)2(4,5)6	InChI=1S/C2F4O/c3-1(7)2(4,5)6
/home/tau/projects/t99_calc/v1/qchem_data/log_to_pdb_in/c2f4o2.log	/home/tau/projects/t99_calc/v1/qchem_data/log_to_pdb_out/c2f4o2.pdb	mismatch	InChI=1S/C2F4O2/c3-1(4)2(5,6)8-7	InChI=1S/C2H2F4O2/c3-1(4)2(5,6)8-7/h1,7H
/home/tau/projects/t99_calc/v1/qchem_data/log_to_pdb_in/c2f5.log	/home/tau/projects/t99_calc/v1/qchem_data/log_to_pdb_out/c2f5.pdb	mismatch	InChI=1S/C2F5/c3-1(4)2(5,6)7	InChI=1S/C2HF5/c3-1(4)2(5,6)7/h1H
/home/tau/projects/t99_calc/v1/qchem_data/log_to_pdb_in/c2f5cof.log	/home/tau/projects/t99_calc/v1/qchem_data/log_to_pdb_out/c2f5cof.pdb	ok	InChI=1S/C3F6O/c4-1(10)2(5,6)3(7,8)9	InChI=1S/C3F6O/c4-1(10)2(5,6)3(7,8)9
/home/tau/projects/t99_calc/v1/qchem_data/log_to_pdb_in/c2f5cof_oh.log	/home/tau/projects/t99_calc/v1/qchem_data/log_to_pdb_out/c2f5cof_oh.pdb	mismatch	InChI=1S/C3HF6O2/c4-1(5,2(6,7)8)3(9,10)11/h10H/t3-/m1/s1	InChI=1S/C3H2F6O2/c4-1(5,2(6,7)8)3(9,10)11/h10-11H
/home/tau/projects/t99_calc/v1/qchem_data/log_to_pdb_in/c2f5h.log	/home/tau/projects/t99_calc/v1/qchem_data/log_to_pdb_out/c2f5h.pdb	ok	InChI=1S/C2HF5/c3-1(4)2(5,6)7/h1H	InChI=1S/C2HF5/c3-1(4)2(5,6)7/h1H
/home/tau/projects/t99_calc/v1/qchem_data/log_to_pdb_in/c2f5oh.log	/home/tau/projects/t99_calc/v1/qchem_data/log_to_pdb_out/c2f5oh.pdb	ok	InChI=1S/C2HF5O/c3-1(4,5)2(6,7)8/h8H	InChI=1S/C2HF5O/c3-1(4,5)2(6,7)8/h8H
/home/tau/projects/t99_calc/v1/qchem_data/log_to_pdb_in/c2f6.log	/home/tau/projects/t99_calc/v1/qchem_data/log_to_pdb_out/c2f6.pdb	ok	InChI=1S/C2F6/c3-1(4,5)2(6,7)8	InChI=1S/C2F6/c3-1(4,5)2(6,7)8
/home/tau/projects/t99_calc/v1/qchem_data/log_to_pdb_in/c2h6.log	/home/tau/projects/t99_calc/v1/qchem_data/log_to_pdb_out/c2h6.pdb	ok	InChI=1S/C2H6/c1-2/h1-2H3	InChI=1S/C2H6/c1-2/h1-2H3
/home/tau/projects/t99_calc/v1/qchem_data/log_to_pdb_in/c3_oco2h.log	/home/tau/projects/t99_calc/v1/qchem_data/log_to_pdb_out/c3_oco2h.pdb	ok	InChI=1S/C4HF7O3/c5-2(6,3(7,8)9)4(10,11)14-1(12)13/h(H,12,13)	InChI=1S/C4HF7O3/c5-2(6,3(7,8)9)4(10,11)14-1(12)13/h(H,12,13)
/home/tau/projects/t99_calc/v1/qchem_data/log_to_pdb_in/c3_rad.log	/home/tau/projects/t99_calc/v1/qchem_data/log_to_pdb_out/c3_rad.pdb	mismatch	InChI=1S/C3F7/c4-1(5)2(6,7)3(8,9)10	InChI=1S/C3HF7/c4-1(5)2(6,7)3(8,9)10/h1H
/home/tau/projects/t99_calc/v1/qchem_data/log_to_pdb_in/c3_secondary_rad.log	/home/tau/projects/t99_calc/v1/qchem_data/log_to_pdb_out/c3_secondary_rad.pdb	mismatch	InChI=1S/C3F7/c4-1(2(5,6)7)3(8,9)10	InChI=1S/C3HF7/c4-1(2(5,6)7)3(8,9)10/h1H
/home/tau/projects/t99_calc/v1/qchem_data/log_to_pdb_in/c3f5co.log	/home/tau/projects/t99_calc/v1/qchem_data/log_to_pdb_out/c3f5co.pdb	mismatch	InChI=1S/C3F5O/c4-1(2(5)9)3(6,7)8	InChI=1S/C3HF5O/c4-1(2(5)9)3(6,7)8/h1H
/home/tau/projects/t99_calc/v1/qchem_data/log_to_pdb_in/c3f6.log	/home/tau/projects/t99_calc/v1/qchem_data/log_to_pdb_out/c3f6.pdb	ok	InChI=1S/C3F6/c4-1(2(5)6)3(7,8)9	InChI=1S/C3F6/c4-1(2(5)6)3(7,8)9
/home/tau/projects/t99_calc/v1/qchem_data/log_to_pdb_in/c3f6o.log	/home/tau/projects/t99_calc/v1/qchem_data/log_to_pdb_out/c3f6o.pdb	ok	InChI=1S/C3F6O/c4-1(2(5,6)7)3(8,9)10-1/t1-/m1/s1	InChI=1S/C3F6O/c4-1(2(5,6)7)3(8,9)10-1/t1-/m1/s1
/home/tau/projects/t99_calc/v1/qchem_data/log_to_pdb_in/c3f6o2_1st.log	/home/tau/projects/t99_calc/v1/qchem_data/log_to_pdb_out/c3f6o2_1st.pdb	mismatch	InChI=1S/C3F6O2/c4-1(2(5,6)7)3(8,9)11-10	InChI=1S/C3H2F6O2/c4-1(2(5,6)7)3(8,9)11-10/h1,10H/t1-/m1/s1
/home/tau/projects/t99_calc/v1/qchem_data/log_to_pdb_in/c3f6o2_ring.log	/home/tau/projects/t99_calc/v1/qchem_data/log_to_pdb_out/c3f6o2_ring.pdb	ok	InChI=1S/C3F6O2/c4-1(2(5,6)7)3(8,9)11-10-1/t1-/m1/s1	InChI=1S/C3F6O2/c4-1(2(5,6)7)3(8,9)11-10-1/t1-/m1/s1
/home/tau/projects/t99_calc/v1/qchem_data/log_to_pdb_in/c3f6oOH2nd.log	/home/tau/projects/t99_calc/v1/qchem_data/log_to_pdb_out/c3f6oOH2nd.pdb	mismatch	InChI=1S/C3HF6O2/c4-1(5,2(6,7)8)3(9,10)11/h10H/t3-/m1/s1	InChI=1S/C3H2F6O2/c4-1(5,2(6,7)8)3(9,10)11/h10-11H
/home/tau/projects/t99_calc/v1/qchem_data/log_to_pdb_in/c3f7.log	/home/tau/projects/t99_calc/v1/qchem_data/log_to_pdb_out/c3f7.pdb	mismatch	InChI=1S/C3F7/c4-1(5)2(6,7)3(8,9)10	InChI=1S/C3HF7/c4-1(5)2(6,7)3(8,9)10/h1H
/home/tau/projects/t99_calc/v1/qchem_data/log_to_pdb_in/c3f7_2nd.log	/home/tau/projects/t99_calc/v1/qchem_data/log_to_pdb_out/c3f7_2nd.pdb	mismatch	InChI=1S/C3F7/c4-1(2(5,6)7)3(8,9)10	InChI=1S/C3HF7/c4-1(2(5,6)7)3(8,9)10/h1H
/home/tau/projects/t99_calc/v1/qchem_data/log_to_pdb_in/c3f7_t.log	/home/tau/projects/t99_calc/v1/qchem_data/log_to_pdb_out/c3f7_t.pdb	mismatch	InChI=1S/C3F7/c4-1(5)2(6,7)3(8,9)10	InChI=1S/C3HF7/c4-1(5)2(6,7)3(8,9)10/h1H
/home/tau/projects/t99_calc/v1/qchem_data/log_to_pdb_in/c3f7o.log	/home/tau/projects/t99_calc/v1/qchem_data/log_to_pdb_out/c3f7o.pdb	mismatch	InChI=1S/C3F7O/c4-1(5,2(6,7)8)3(9,10)11	InChI=1S/C3HF7O/c4-1(5,2(6,7)8)3(9,10)11/h11H
/home/tau/projects/t99_calc/v1/qchem_data/log_to_pdb_in/c3f7oh.log	/home/tau/projects/t99_calc/v1/qchem_data/log_to_pdb_out/c3f7oh.pdb	ok	InChI=1S/C3HF7O/c4-1(5,2(6,7)8)3(9,10)11/h11H	InChI=1S/C3HF7O/c4-1(5,2(6,7)8)3(9,10)11/h11H
/home/tau/projects/t99_calc/v1/qchem_data/log_to_pdb_in/c3f8.log	/home/tau/projects/t99_calc/v1/qchem_data/log_to_pdb_out/c3f8.pdb	ok	InChI=1S/C3F8/c4-1(5,2(6,7)8)3(9,10)11	InChI=1S/C3F8/c4-1(5,2(6,7)8)3(9,10)11
/home/tau/projects/t99_calc/v1/qchem_data/log_to_pdb_in/c4_rad.log	/home/tau/projects/t99_calc/v1/qchem_data/log_to_pdb_out/c4_rad.pdb	mismatch	InChI=1S/C4F9/c5-1(6)2(7,8)3(9,10)4(11,12)13	InChI=1S/C4HF9/c5-1(6)2(7,8)3(9,10)4(11,12)13/h1H
/home/tau/projects/t99_calc/v1/qchem_data/log_to_pdb_in/c4_sec_sec_rad_isots.log	/home/tau/projects/t99_calc/v1/qchem_data/log_to_pdb_out/c4_sec_sec_rad_isots.pdb	mismatch	InChI=1S/C4F8.F/c5-1(3(7,8)9)2(6)4(10,11)12;/b2-1+;	InChI=1S/C4F8.FH/c5-1(3(7,8)9)2(6)4(10,11)12;/h;1H/b2-1+;
/home/tau/projects/t99_calc/v1/qchem_data/log_to_pdb_in/c4_secondary_rad.log	/home/tau/projects/t99_calc/v1/qchem_data/log_to_pdb_out/c4_secondary_rad.pdb	mismatch	InChI=1S/C4F9/c5-1(3(8,9)10)2(6,7)4(11,12)13	InChI=1S/C4HF9/c5-1(3(8,9)10)2(6,7)4(11,12)13/h1H/t1-/m0/s1
/home/tau/projects/t99_calc/v1/qchem_data/log_to_pdb_in/c4f7_o.log	/home/tau/projects/t99_calc/v1/qchem_data/log_to_pdb_out/c4f7_o.pdb	mismatch	InChI=1S/C4F7O/c5-1(2(6)12)3(7,8)4(9,10)11	InChI=1S/C4HF7O/c5-1(2(6)12)3(7,8)4(9,10)11/h1H
/home/tau/projects/t99_calc/v1/qchem_data/log_to_pdb_in/c4f9H_secondary.log	/home/tau/projects/t99_calc/v1/qchem_data/log_to_pdb_out/c4f9H_secondary.pdb	ok	InChI=1S/C4HF9/c5-1(3(8,9)10)2(6,7)4(11,12)13/h1H/t1-/m1/s1	InChI=1S/C4HF9/c5-1(3(8,9)10)2(6,7)4(11,12)13/h1H/t1-/m1/s1
/home/tau/projects/t99_calc/v1/qchem_data/log_to_pdb_in/c4f9_1_rad.log	/home/tau/projects/t99_calc/v1/qchem_data/log_to_pdb_out/c4f9_1_rad.pdb	mismatch	InChI=1S/C4F9/c5-1(6)2(7,8)3(9,10)4(11,12)13	InChI=1S/C4HF9/c5-1(6)2(7,8)3(9,10)4(11,12)13/h1H
/home/tau/projects/t99_calc/v1/qchem_data/log_to_pdb_in/c4f9_2_rad.log	/home/tau/projects/t99_calc/v1/qchem_data/log_to_pdb_out/c4f9_2_rad.pdb	mismatch	InChI=1S/C4F9/c5-1(3(8,9)10)2(6,7)4(11,12)13	InChI=1S/C4HF9/c5-1(3(8,9)10)2(6,7)4(11,12)13/h1H/t1-/m0/s1
/home/tau/projects/t99_calc/v1/qchem_data/log_to_pdb_in/c4f9oh.log	/home/tau/projects/t99_calc/v1/qchem_data/log_to_pdb_out/c4f9oh.pdb	ok	InChI=1S/C4HF9O/c5-1(6,3(9,10)11)2(7,8)4(12,13)14/h14H	InChI=1S/C4HF9O/c5-1(6,3(9,10)11)2(7,8)4(12,13)14/h14H
/home/tau/projects/t99_calc/v1/qchem_data/log_to_pdb_in/c5_prim_sec_rad_isots.log	/home/tau/projects/t99_calc/v1/qchem_data/log_to_pdb_out/c5_prim_sec_rad_isots.pdb	mismatch	InChI=1S/C5F10.F/c6-1(2(7)8)3(9,10)4(11,12)5(13,14)15;	InChI=1S/C5F10.FH/c6-1(2(7)8)3(9,10)4(11,12)5(13,14)15;/h;1H
/home/tau/projects/t99_calc/v1/qchem_data/log_to_pdb_in/c5_rad.log	/home/tau/projects/t99_calc/v1/qchem_data/log_to_pdb_out/c5_rad.pdb	mismatch	InChI=1S/C5F11/c6-1(7)2(8,9)3(10,11)4(12,13)5(14,15)16	InChI=1S/C5HF11/c6-1(7)2(8,9)3(10,11)4(12,13)5(14,15)16/h1H
/home/tau/projects/t99_calc/v1/qchem_data/log_to_pdb_in/c5_sec_tert_rad_isots.log	/home/tau/projects/t99_calc/v1/qchem_data/log_to_pdb_out/c5_sec_tert_rad_isots.pdb	mismatch	InChI=1S/C5F10.F/c6-1(2(7)4(10,11)12)3(8,9)5(13,14)15;/b2-1+;	InChI=1S/C5F10.FH/c6-1(2(7)4(10,11)12)3(8,9)5(13,14)15;/h;1H/b2-1+;
/home/tau/projects/t99_calc/v1/qchem_data/log_to_pdb_in/c5_secondary_rad.log	/home/tau/projects/t99_calc/v1/qchem_data/log_to_pdb_out/c5_secondary_rad.pdb	mismatch	InChI=1S/C5F11/c6-1(3(9,10)11)2(7,8)4(12,13)5(14,15)16	InChI=1S/C5HF11/c6-1(3(9,10)11)2(7,8)4(12,13)5(14,15)16/h1H/t1-/m0/s1
/home/tau/projects/t99_calc/v1/qchem_data/log_to_pdb_in/c5f11oh.log	/home/tau/projects/t99_calc/v1/qchem_data/log_to_pdb_out/c5f11oh.pdb	ok	InChI=1S/C5HF11O/c6-1(7,2(8,9)4(12,13)14)3(10,11)5(15,16)17/h17H	InChI=1S/C5HF11O/c6-1(7,2(8,9)4(12,13)14)3(10,11)5(15,16)17/h17H
/home/tau/projects/t99_calc/v1/qchem_data/log_to_pdb_in/c6_rad.log	/home/tau/projects/t99_calc/v1/qchem_data/log_to_pdb_out/c6_rad.pdb	mismatch	InChI=1S/C6F13/c7-1(8)2(9,10)3(11,12)4(13,14)5(15,16)6(17,18)19	InChI=1S/C6HF13/c7-1(8)2(9,10)3(11,12)4(13,14)5(15,16)6(17,18)19/h1H
/home/tau/projects/t99_calc/v1/qchem_data/log_to_pdb_in/c6_secondary_rad.log	/home/tau/projects/t99_calc/v1/qchem_data/log_to_pdb_out/c6_secondary_rad.pdb	mismatch	InChI=1S/C6F13/c7-1(3(10,11)12)2(8,9)4(13,14)5(15,16)6(17,18)19	InChI=1S/C6HF13/c7-1(3(10,11)12)2(8,9)4(13,14)5(15,16)6(17,18)19/h1H/t1-/m0/s1
/home/tau/projects/t99_calc/v1/qchem_data/log_to_pdb_in/c6f13oh.log	/home/tau/projects/t99_calc/v1/qchem_data/log_to_pdb_out/c6f13oh.pdb	ok	InChI=1S/C6HF13O/c7-1(8,3(11,12)5(15,16)17)2(9,10)4(13,14)6(18,19)20/h20H	InChI=1S/C6HF13O/c7-1(8,3(11,12)5(15,16)17)2(9,10)4(13,14)6(18,19)20/h20H
/home/tau/projects/t99_calc/v1/qchem_data/log_to_pdb_in/c7_secondary_rad.log	/home/tau/projects/t99_calc/v1/qchem_data/log_to_pdb_out/c7_secondary_rad.pdb	mismatch	InChI=1S/C7F15/c8-1(3(11,12)13)2(9,10)4(14,15)5(16,17)6(18,19)7(20,21)22	InChI=1S/C7HF15/c8-1(3(11,12)13)2(9,10)4(14,15)5(16,17)6(18,19)7(20,21)22/h1H/t1-/m0/s1
/home/tau/projects/t99_calc/v1/qchem_data/log_to_pdb_in/c7f15oh.log	/home/tau/projects/t99_calc/v1/qchem_data/log_to_pdb_out/c7f15oh.pdb	ok	InChI=1S/C7HF15O/c8-1(9,2(10,11)4(14,15)6(18,19)20)3(12,13)5(16,17)7(21,22)23/h23H	InChI=1S/C7HF15O/c8-1(9,2(10,11)4(14,15)6(18,19)20)3(12,13)5(16,17)7(21,22)23/h23H
/home/tau/projects/t99_calc/v1/qchem_data/log_to_pdb_in/c8_secondary_rad.log	/home/tau/projects/t99_calc/v1/qchem_data/log_to_pdb_out/c8_secondary_rad.pdb	mismatch	InChI=1S/C8F17/c9-1(3(12,13)14)2(10,11)4(15,16)5(17,18)6(19,20)7(21,22)8(23,24)25	InChI=1S/C8HF17/c9-1(3(12,13)14)2(10,11)4(15,16)5(17,18)6(19,20)7(21,22)8(23,24)25/h1H/t1-/m0/s1
/home/tau/projects/t99_calc/v1/qchem_data/log_to_pdb_in/cbutane.log	/home/tau/projects/t99_calc/v1/qchem_data/log_to_pdb_out/cbutane.pdb	ok	InChI=1S/C4F8/c5-1(6)2(7,8)4(11,12)3(1,9)10	InChI=1S/C4F8/c5-1(6)2(7,8)4(11,12)3(1,9)10
/home/tau/projects/t99_calc/v1/qchem_data/log_to_pdb_in/cbutane_diradical.log	/home/tau/projects/t99_calc/v1/qchem_data/log_to_pdb_out/cbutane_diradical.pdb	mismatch	InChI=1S/C4F8/c5-1(6)3(9,10)4(11,12)2(7)8	InChI=1S/C4H2F8/c5-1(6)3(9,10)4(11,12)2(7)8/h1-2H
/home/tau/projects/t99_calc/v1/qchem_data/log_to_pdb_in/cf2.log	/home/tau/projects/t99_calc/v1/qchem_data/log_to_pdb_out/cf2.pdb	mismatch	InChI=1S/CF2/c2-1-3	InChI=1S/CH2F2/c2-1-3/h1H2
/home/tau/projects/t99_calc/v1/qchem_data/log_to_pdb_in/cf2_2h2o.log	/home/tau/projects/t99_calc/v1/qchem_data/log_to_pdb_out/cf2_2h2o.pdb	mismatch	InChI=1S/CF2.2H2O/c2-1-3;;/h;2*1H2	InChI=1S/CH2F2.2H2O/c2-1-3;;/h1H2;2*1H2
/home/tau/projects/t99_calc/v1/qchem_data/log_to_pdb_in/cf2_2h2o_prod.log	/home/tau/projects/t99_calc/v1/qchem_data/log_to_pdb_out/cf2_2h2o_prod.pdb	ok	InChI=1S/CH2F2O.H2O/c2-1(3)4;/h1,4H;1H2	InChI=1S/CH2F2O.H2O/c2-1(3)4;/h1,4H;1H2
/home/tau/projects/t99_calc/v1/qchem_data/log_to_pdb_in/cf2_h2o_ts_prod.log	/home/tau/projects/t99_calc/v1/qchem_data/log_to_pdb_out/cf2_h2o_ts_prod.pdb	ok	InChI=1S/CH2F2O/c2-1(3)4/h1,4H	InChI=1S/CH2F2O/c2-1(3)4/h1,4H
/home/tau/projects/t99_calc/v1/qchem_data/log_to_pdb_in/cf2_h2o_ts_react.log	/home/tau/projects/t99_calc/v1/qchem_data/log_to_pdb_out/cf2_h2o_ts_react.pdb	mismatch	InChI=1S/CF2.H2O/c2-1-3;/h;1H2	InChI=1S/CH2F2.H2O/c2-1-3;/h1H2;1H2
/home/tau/projects/t99_calc/v1/qchem_data/log_to_pdb_in/cf2_tfa_prod.log	/home/tau/projects/t99_calc/v1/qchem_data/log_to_pdb_out/cf2_tfa_prod.pdb	ok	InChI=1S/C3HF5O2/c4-2(5)10-1(9)3(6,7)8/h2H	InChI=1S/C3HF5O2/c4-2(5)10-1(9)3(6,7)8/h2H
/home/tau/projects/t99_calc/v1/qchem_data/log_to_pdb_in/cf2cf.log	/home/tau/projects/t99_calc/v1/qchem_data/log_to_pdb_out/cf2cf.pdb	mismatch	InChI=1S/C2F3/c3-1-2(4)5	InChI=1S/C2HF3/c3-1-2(4)5/h1H
/home/tau/projects/t99_calc/v1/qchem_data/log_to_pdb_in/cf2coho.log	/home/tau/projects/t99_calc/v1/qchem_data/log_to_pdb_out/cf2coho.pdb	mismatch	InChI=1S/C2HF2O2/c3-1(4)2(5)6/h(H,5,6)	InChI=1S/C2H2F2O2/c3-1(4)2(5)6/h1H,(H,5,6)
/home/tau/projects/t99_calc/v1/qchem_data/log_to_pdb_in/cf2h.log	/home/tau/projects/t99_calc/v1/qchem_data/log_to_pdb_out/cf2h.pdb	mismatch	InChI=1S/CHF2/c2-1-3/h1H	InChI=1S/CH2F2/c2-1-3/h1H2
/home/tau/projects/t99_calc/v1/qchem_data/log_to_pdb_in/cf2hcf2.log	/home/tau/projects/t99_calc/v1/qchem_data/log_to_pdb_out/cf2hcf2.pdb	mismatch	InChI=1S/C2HF4/c3-1(4)2(5)6/h1H	InChI=1S/C2H2F4/c3-1(4)2(5)6/h1-2H
/home/tau/projects/t99_calc/v1/qchem_data/log_to_pdb_in/cf2o.log	/home/tau/projects/t99_calc/v1/qchem_data/log_to_pdb_out/cf2o.pdb	ok	InChI=1S/CF2O/c2-1(3)4	InChI=1S/CF2O/c2-1(3)4
/home/tau/projects/t99_calc/v1/qchem_data/log_to_pdb_in/cf2o2_rad.log	/home/tau/projects/t99_calc/v1/qchem_data/log_to_pdb_out/cf2o2_rad.pdb	mismatch	InChI=1S/CF2O2/c2-1(3)5-4	InChI=1S/CH2F2O2/c2-1(3)5-4/h1,4H
/home/tau/projects/t99_calc/v1/qchem_data/log_to_pdb_in/cf2o_2h2oprod.log	/home/tau/projects/t99_calc/v1/qchem_data/log_to_pdb_out/cf2o_2h2oprod.pdb	ok	InChI=1S/CH2F2O2.H2O/c2-1(3,4)5;/h4-5H;1H2	InChI=1S/CH2F2O2.H2O/c2-1(3,4)5;/h4-5H;1H2
/home/tau/projects/t99_calc/v1/qchem_data/log_to_pdb_in/cf2o_2h2oreact.log	/home/tau/projects/t99_calc/v1/qchem_data/log_to_pdb_out/cf2o_2h2oreact.pdb	ok	InChI=1S/CF2O.2H2O/c2-1(3)4;;/h;2*1H2	InChI=1S/CF2O.2H2O/c2-1(3)4;;/h;2*1H2
/home/tau/projects/t99_calc/v1/qchem_data/log_to_pdb_in/cf2o_h2o.log	/home/tau/projects/t99_calc/v1/qchem_data/log_to_pdb_out/cf2o_h2o.pdb	ok	InChI=1S/CF2O.H2O/c2-1(3)4;/h;1H2	InChI=1S/CF2O.H2O/c2-1(3)4;/h;1H2
/home/tau/projects/t99_calc/v1/qchem_data/log_to_pdb_in/cf2o_oh.log	/home/tau/projects/t99_calc/v1/qchem_data/log_to_pdb_out/cf2o_oh.pdb	mismatch	InChI=1S/CHF2O2/c2-1(3,4)5/h4H	InChI=1S/CH2F2O2/c2-1(3,4)5/h4-5H
/home/tau/projects/t99_calc/v1/qchem_data/log_to_pdb_in/cf2oh.log	/home/tau/projects/t99_calc/v1/qchem_data/log_to_pdb_out/cf2oh.pdb	mismatch	InChI=1S/CHF2O/c2-1(3)4/h4H	InChI=1S/CH2F2O/c2-1(3)4/h1,4H
/home/tau/projects/t99_calc/v1/qchem_data/log_to_pdb_in/cf2oh2.log	/home/tau/projects/t99_calc/v1/qchem_data/log_to_pdb_out/cf2oh2.pdb	ok	InChI=1S/CH2F2O2/c2-1(3,4)5/h4-5H	InChI=1S/CH2F2O2/c2-1(3,4)5/h4-5H
/home/tau/projects/t99_calc/v1/qchem_data/log_to_pdb_in/cf3.log	/home/tau/projects/t99_calc/v1/qchem_data/log_to_pdb_out/cf3.pdb	mismatch	InChI=1S/CF3/c2-1(3)4	InChI=1S/CHF3/c2-1(3)4/h1H
/home/tau/projects/t99_calc/v1/qchem_data/log_to_pdb_in/cf3ccf2.log	/home/tau/projects/t99_calc/v1/qchem_data/log_to_pdb_out/cf3ccf2.pdb	mismatch	InChI=1S/C3F5/c4-2(5)1-3(6,7)8	InChI=1S/C3HF5/c4-2(5)1-3(6,7)8/h1H
/home/tau/projects/t99_calc/v1/qchem_data/log_to_pdb_in/cf3cf2chf.log	/home/tau/projects/t99_calc/v1/qchem_data/log_to_pdb_out/cf3cf2chf.pdb	mismatch	InChI=1S/C3HF6/c4-1-2(5,6)3(7,8)9/h1H	InChI=1S/C3H2F6/c4-1-2(5,6)3(7,8)9/h1H2
/home/tau/projects/t99_calc/v1/qchem_data/log_to_pdb_in/cf3cf_carbene.log	/home/tau/projects/t99_calc/v1/qchem_data/log_to_pdb_out/cf3cf_carbene.pdb	mismatch	InChI=1S/C2F4/c3-1-2(4,5)6	InChI=1S/C2H2F4/c3-1-2(4,5)6/h1H2
/home/tau/projects/t99_calc/v1/qchem_data/log_to_pdb_in/cf3cfoh.log	/home/tau/projects/t99_calc/v1/qchem_data/log_to_pdb_out/cf3cfoh.pdb	mismatch	InChI=1S/C2HF4O/c3-1(7)2(4,5)6/h7H	InChI=1S/C2H2F4O/c3-1(7)2(4,5)6/h1,7H/t1-/m1/s1
/home/tau/projects/t99_calc/v1/qchem_data/log_to_pdb_in/cf3cfoh_cis.log	/home/tau/projects/t99_calc/v1/qchem_data/log_to_pdb_out/cf3cfoh_cis.pdb	mismatch	InChI=1S/C2HF4O/c3-1(7)2(4,5)6/h7H	InChI=1S/C2H2F4O/c3-1(7)2(4,5)6/h1,7H/t1-/m1/s1
/home/tau/projects/t99_calc/v1/qchem_data/log_to_pdb_in/cf3chf.log	/home/tau/projects/t99_calc/v1/qchem_data/log_to_pdb_out/cf3chf.pdb	mismatch	InChI=1S/C2HF4/c3-1-2(4,5)6/h1H	InChI=1S/C2H2F4/c3-1-2(4,5)6/h1H2
/home/tau/projects/t99_calc/v1/qchem_data/log_to_pdb_in/cf3co.log	/home/tau/projects/t99_calc/v1/qchem_data/log_to_pdb_out/cf3co.pdb	mismatch	InChI=1S/C2F3O/c3-2(4,5)1-6	InChI=1S/C2HF3O/c3-2(4,5)1-6/h1H
/home/tau/projects/t99_calc/v1/qchem_data/log_to_pdb_in/cf3h.log	/home/tau/projects/t99_calc/v1/qchem_data/log_to_pdb_out/cf3h.pdb	ok	InChI=1S/CHF3/c2-1(3)4/h1H	InChI=1S/CHF3/c2-1(3)4/h1H
/home/tau/projects/t99_calc/v1/qchem_data/log_to_pdb_in/cf3o.log	/home/tau/projects/t99_calc/v1/qchem_data/log_to_pdb_out/cf3o.pdb	mismatch	InChI=1S/CF3O/c2-1(3,4)5	InChI=1S/CHF3O/c2-1(3,4)5/h5H
/home/tau/projects/t99_calc/v1/qchem_data/log_to_pdb_in/cf3o_cf2o_prod.log	/home/tau/projects/t99_calc/v1/qchem_data/log_to_pdb_out/cf3o_cf2o_prod.pdb	mismatch	InChI=1S/C2F5O2/c3-1(4,5)9-2(6,7)8	InChI=1S/C2HF5O2/c3-1(4,5)9-2(6,7)8/h8H
/home/tau/projects/t99_calc/v1/qchem_data/log_to_pdb_in/cf3oh.log	/home/tau/projects/t99_calc/v1/qchem_data/log_to_pdb_out/cf3oh.pdb	ok	InChI=1S/CHF3O/c2-1(3,4)5/h5H	InChI=1S/CHF3O/c2-1(3,4)5/h5H
/home/tau/projects/t99_calc/v1/qchem_data/log_to_pdb_in/cf4.log	/home/tau/projects/t99_calc/v1/qchem_data/log_to_pdb_out/cf4.pdb	ok	InChI=1S/CF4/c2-1(3,4)5	InChI=1S/CF4/c2-1(3,4)5
/home/tau/projects/t99_calc/v1/qchem_data/log_to_pdb_in/cfho.log	/home/tau/projects/t99_calc/v1/qchem_data/log_to_pdb_out/cfho.pdb	ok	InChI=1S/CHFO/c2-1-3/h1H	InChI=1S/CHFO/c2-1-3/h1H
/home/tau/projects/t99_calc/v1/qchem_data/log_to_pdb_in/cfo.log	/home/tau/projects/t99_calc/v1/qchem_data/log_to_pdb_out/cfo.pdb	mismatch	InChI=1S/CFO/c2-1-3	InChI=1S/CHFO/c2-1-3/h1H
/home/tau/projects/t99_calc/v1/qchem_data/log_to_pdb_in/cfo2.log	/home/tau/projects/t99_calc/v1/qchem_data/log_to_pdb_out/cfo2.pdb	mismatch	InChI=1S/CFO2/c2-1(3)4	InChI=1S/CHFO2/c2-1(3)4/h(H,3,4)
/home/tau/projects/t99_calc/v1/qchem_data/log_to_pdb_in/cfo2h.log	/home/tau/projects/t99_calc/v1/qchem_data/log_to_pdb_out/cfo2h.pdb	ok	InChI=1S/CHFO2/c2-1(3)4/h(H,3,4)	InChI=1S/CHFO2/c2-1(3)4/h(H,3,4)
/home/tau/projects/t99_calc/v1/qchem_data/log_to_pdb_in/cfoh.log	/home/tau/projects/t99_calc/v1/qchem_data/log_to_pdb_out/cfoh.pdb	mismatch	InChI=1S/CHFO/c2-1-3/h3H	InChI=1S/CH3FO/c2-1-3/h3H,1H2
/home/tau/projects/t99_calc/v1/qchem_data/log_to_pdb_in/cfoh3.log	/home/tau/projects/t99_calc/v1/qchem_data/log_to_pdb_out/cfoh3.pdb	ok	InChI=1S/CH3FO3/c2-1(3,4)5/h3-5H	InChI=1S/CH3FO3/c2-1(3,4)5/h3-5H
/home/tau/projects/t99_calc/v1/qchem_data/log_to_pdb_in/cfoh_cis.log	/home/tau/projects/t99_calc/v1/qchem_data/log_to_pdb_out/cfoh_cis.pdb	mismatch	InChI=1S/CHFO/c2-1-3/h3H	InChI=1S/CH3FO/c2-1-3/h3H,1H2
/home/tau/projects/t99_calc/v1/qchem_data/log_to_pdb_in/ch2F.log	/home/tau/projects/t99_calc/v1/qchem_data/log_to_pdb_out/ch2F.pdb	mismatch	InChI=1S/CH2F/c1-2/h1H2	InChI=1S/CH3F/c1-2/h1H3
/home/tau/projects/t99_calc/v1/qchem_data/log_to_pdb_in/ch3.log	/home/tau/projects/t99_calc/v1/qchem_data/log_to_pdb_out/ch3.pdb	mismatch	InChI=1S/CH3/h1H3	InChI=1S/CH4/h1H4
/home/tau/projects/t99_calc/v1/qchem_data/log_to_pdb_in/chfo2.log	/home/tau/projects/t99_calc/v1/qchem_data/log_to_pdb_out/chfo2.pdb	ok	InChI=1S/CHFO2/c2-1(3)4/h(H,3,4)	InChI=1S/CHFO2/c2-1(3)4/h(H,3,4)
/home/tau/projects/t99_calc/v1/qchem_data/log_to_pdb_in/cho2h.log	/home/tau/projects/t99_calc/v1/qchem_data/log_to_pdb_out/cho2h.pdb	ok	InChI=1S/CH2O2/c2-1-3/h1H,(H,2,3)	InChI=1S/CH2O2/c2-1-3/h1H,(H,2,3)
/home/tau/projects/t99_calc/v1/qchem_data/log_to_pdb_in/co.log	/home/tau/projects/t99_calc/v1/qchem_data/log_to_pdb_out/co.pdb	mismatch	InChI=1S/CO/c1-2	InChI=1S/CH2O/c1-2/h1H2
/home/tau/projects/t99_calc/v1/qchem_data/log_to_pdb_in/co2.log	/home/tau/projects/t99_calc/v1/qchem_data/log_to_pdb_out/co2.pdb	ok	InChI=1S/CO2/c2-1-3	InChI=1S/CO2/c2-1-3
/home/tau/projects/t99_calc/v1/qchem_data/log_to_pdb_in/co2h.log	/home/tau/projects/t99_calc/v1/qchem_data/log_to_pdb_out/co2h.pdb	mismatch	InChI=1S/CHO2/c2-1-3/h(H,2,3)	InChI=1S/CH2O2/c2-1-3/h1H,(H,2,3)
/home/tau/projects/t99_calc/v1/qchem_data/log_to_pdb_in/cof.log	/home/tau/projects/t99_calc/v1/qchem_data/log_to_pdb_out/cof.pdb	mismatch	InChI=1S/CFO/c2-1-3	InChI=1S/CHFO/c2-1-3/h1H
/home/tau/projects/t99_calc/v1/qchem_data/log_to_pdb_in/cof2nd_.log	/home/tau/projects/t99_calc/v1/qchem_data/log_to_pdb_out/cof2nd_.pdb	mismatch	InChI=1S/CFO/c2-1-3	InChI=1S/CHFO/c2-1-3/h1H
/home/tau/projects/t99_calc/v1/qchem_data/log_to_pdb_in/cooh.log	/home/tau/projects/t99_calc/v1/qchem_data/log_to_pdb_out/cooh.pdb	mismatch	InChI=1S/CHO2/c2-1-3/h(H,2,3)	InChI=1S/CH2O2/c2-1-3/h1H,(H,2,3)
/home/tau/projects/t99_calc/v1/qchem_data/log_to_pdb_in/cooh2.log	/home/tau/projects/t99_calc/v1/qchem_data/log_to_pdb_out/cooh2.pdb	ok	InChI=1S/CH2O3/c2-1(3)4/h(H2,2,3,4)	InChI=1S/CH2O3/c2-1(3)4/h(H2,2,3,4)
/home/tau/projects/t99_calc/v1/qchem_data/log_to_pdb_in/cpropane.log	/home/tau/projects/t99_calc/v1/qchem_data/log_to_pdb_out/cpropane.pdb	ok	InChI=1S/C3F6/c4-1(5)2(6,7)3(1,8)9	InChI=1S/C3F6/c4-1(5)2(6,7)3(1,8)9
/home/tau/projects/t99_calc/v1/qchem_data/log_to_pdb_in/cpropane_intts_prod.log	/home/tau/projects/t99_calc/v1/qchem_data/log_to_pdb_out/cpropane_intts_prod.pdb	mismatch	InChI=1S/C3F6/c4-1(5)3(8,9)2(6)7	InChI=1S/C3H2F6/c4-1(5)3(8,9)2(6)7/h1-2H
/home/tau/projects/t99_calc/v1/qchem_data/log_to_pdb_in/cpropane_picomplex.log	/home/tau/projects/t99_calc/v1/qchem_data/log_to_pdb_out/cpropane_picomplex.pdb	mismatch	InChI=1S/C2F4.CF2/c3-1(4)2(5)6;2-1-3	InChI=1S/C2F4.CH2F2/c3-1(4)2(5)6;2-1-3/h;1H2
/home/tau/projects/t99_calc/v1/qchem_data/log_to_pdb_in/e1.log	/home/tau/projects/t99_calc/v1/qchem_data/log_to_pdb_out/e1.pdb	ok	InChI=1S/C5HF11O/c6-1(2(7,8)9)17-5(15,16)3(10,11)4(12,13)14/h1H/t1-/m0/s1	InChI=1S/C5HF11O/c6-1(2(7,8)9)17-5(15,16)3(10,11)4(12,13)14/h1H/t1-/m0/s1
/home/tau/projects/t99_calc/v1/qchem_data/log_to_pdb_in/e1_minusH.log	/home/tau/projects/t99_calc/v1/qchem_data/log_to_pdb_out/e1_minusH.pdb	mismatch	InChI=1S/C5F11O/c6-1(2(7,8)9)17-5(15,16)3(10,11)4(12,13)14	InChI=1S/C5HF11O/c6-1(2(7,8)9)17-5(15,16)3(10,11)4(12,13)14/h1H/t1-/m0/s1
/home/tau/projects/t99_calc/v1/qchem_data/log_to_pdb_in/epoxide.log	/home/tau/projects/t99_calc/v1/qchem_data/log_to_pdb_out/epoxide.pdb	ok	InChI=1S/C2F4O/c3-1(4)2(5,6)7-1	InChI=1S/C2F4O/c3-1(4)2(5,6)7-1
/home/tau/projects/t99_calc/v1/qchem_data/log_to_pdb_in/ester.log	/home/tau/projects/t99_calc/v1/qchem_data/log_to_pdb_out/ester.pdb	ok	InChI=1S/C5F10O2/c6-2(7,8)1(16)17-5(14,15)3(9,10)4(11,12)13	InChI=1S/C5F10O2/c6-2(7,8)1(16)17-5(14,15)3(9,10)4(11,12)13
/home/tau/projects/t99_calc/v1/qchem_data/log_to_pdb_in/ester_oh.log	/home/tau/projects/t99_calc/v1/qchem_data/log_to_pdb_out/ester_oh.pdb	mismatch	InChI=1S/C5HF10O3/c6-1(7,2(8,9)10)4(14,15)18-5(16,17)3(11,12)13/h16H/t5-/m0/s1	InChI=1S/C5H2F10O3/c6-1(7,2(8,9)10)4(14,15)18-5(16,17)3(11,12)13/h16-17H
/home/tau/projects/t99_calc/v1/qchem_data/log_to_pdb_in/ethane1H.log	/home/tau/projects/t99_calc/v1/qchem_data/log_to_pdb_out/ethane1H.pdb	ok	InChI=1S/C2HF5/c3-1(4)2(5,6)7/h1H	InChI=1S/C2HF5/c3-1(4)2(5,6)7/h1H
/home/tau/projects/t99_calc/v1/qchem_data/log_to_pdb_in/ethane_2000.log	/home/tau/projects/t99_calc/v1/qchem_data/log_to_pdb_out/ethane_2000.pdb	ok	InChI=1S/C2HF3O2/c3-2(4,5)1(6)7/h(H,6,7)	InChI=1S/C2HF3O2/c3-2(4,5)1(6)7/h(H,6,7)
/home/tau/projects/t99_calc/v1/qchem_data/log_to_pdb_in/f.log	/home/tau/projects/t99_calc/v1/qchem_data/log_to_pdb_out/f.pdb	mismatch	InChI=1S/F	InChI=1S/FH/h1H
/home/tau/projects/t99_calc/v1/qchem_data/log_to_pdb_in/fbsa.log	/home/tau/projects/t99_calc/v1/qchem_data/log_to_pdb_out/fbsa.pdb	ok	InChI=1S/C4H2F9NO2S/c5-1(6,3(9,10)11)2(7,8)4(12,13)17(14,15)16/h(H2,14,15,16)	InChI=1S/C4H2F9NO2S/c5-1(6,3(9,10)11)2(7,8)4(12,13)17(14,15)16/h(H2,14,15,16)
/home/tau/projects/t99_calc/v1/qchem_data/log_to_pdb_in/fetsa.log	/home/tau/projects/t99_calc/v1/qchem_data/log_to_pdb_out/fetsa.pdb	ok	InChI=1S/C2H2F5NO2S/c3-1(4,5)2(6,7)11(8,9)10/h(H2,8,9,10)	InChI=1S/C2H2F5NO2S/c3-1(4,5)2(6,7)11(8,9)10/h(H2,8,9,10)
/home/tau/projects/t99_calc/v1/qchem_data/log_to_pdb_in/fhpsa.log	/home/tau/projects/t99_calc/v1/qchem_data/log_to_pdb_out/fhpsa.pdb	ok	InChI=1S/C7H2F15NO2S/c8-1(9,2(10,11)4(14,15)6(18,19)20)3(12,13)5(16,17)7(21,22)26(23,24)25/h(H2,23,24,25)	InChI=1S/C7H2F15NO2S/c8-1(9,2(10,11)4(14,15)6(18,19)20)3(12,13)5(16,17)7(21,22)26(23,24)25/h(H2,23,24,25)
/home/tau/projects/t99_calc/v1/qchem_data/log_to_pdb_in/fhxsa.log	/home/tau/projects/t99_calc/v1/qchem_data/log_to_pdb_out/fhxsa.pdb	ok	InChI=1S/C6H2F13NO2S/c7-1(8,3(11,12)5(15,16)17)2(9,10)4(13,14)6(18,19)23(20,21)22/h(H2,20,21,22)	InChI=1S/C6H2F13NO2S/c7-1(8,3(11,12)5(15,16)17)2(9,10)4(13,14)6(18,19)23(20,21)22/h(H2,20,21,22)
/home/tau/projects/t99_calc/v1/qchem_data/log_to_pdb_in/fosa.log	/home/tau/projects/t99_calc/v1/qchem_data/log_to_pdb_out/fosa.pdb	ok	InChI=1S/C8H2F17NO2S/c9-1(10,3(13,14)5(17,18)7(21,22)23)2(11,12)4(15,16)6(19,20)8(24,25)29(26,27)28/h(H2,26,27,28)	InChI=1S/C8H2F17NO2S/c9-1(10,3(13,14)5(17,18)7(21,22)23)2(11,12)4(15,16)6(19,20)8(24,25)29(26,27)28/h(H2,26,27,28)
/home/tau/projects/t99_calc/v1/qchem_data/log_to_pdb_in/fpnsa.log	/home/tau/projects/t99_calc/v1/qchem_data/log_to_pdb_out/fpnsa.pdb	ok	InChI=1S/C5H2F11NO2S/c6-1(7,2(8,9)4(12,13)14)3(10,11)5(15,16)20(17,18)19/h(H2,17,18,19)	InChI=1S/C5H2F11NO2S/c6-1(7,2(8,9)4(12,13)14)3(10,11)5(15,16)20(17,18)19/h(H2,17,18,19)
/home/tau/projects/t99_calc/v1/qchem_data/log_to_pdb_in/fprsa.log	/home/tau/projects/t99_calc/v1/qchem_data/log_to_pdb_out/fprsa.pdb	ok	InChI=1S/C3H2F7NO2S/c4-1(5,2(6,7)8)3(9,10)14(11,12)13/h(H2,11,12,13)	InChI=1S/C3H2F7NO2S/c4-1(5,2(6,7)8)3(9,10)14(11,12)13/h(H2,11,12,13)
/home/tau/projects/t99_calc/v1/qchem_data/log_to_pdb_in/frd_903.log	/home/tau/projects/t99_calc/v1/qchem_data/log_to_pdb_out/frd_903.pdb	ok	InChI=1S/C6HF11O3/c7-2(1(18)19,4(10,11)12)20-6(16,17)3(8,9)5(13,14)15/h(H,18,19)/t2-/m0/s1	InChI=1S/C6HF11O3/c7-2(1(18)19,4(10,11)12)20-6(16,17)3(8,9)5(13,14)15/h(H,18,19)/t2-/m0/s1
/home/tau/projects/t99_calc/v1/qchem_data/log_to_pdb_in/frd_903_0HFAts_prod.log	/home/tau/projects/t99_calc/v1/qchem_data/log_to_pdb_out/frd_903_0HFAts_prod.pdb	ok	InChI=1S/C6F10O3.FH/c7-3(8,5(12,13)14)6(15,16)19-2(1(17)18-2)4(9,10)11;/h;1H/t2-;/m1./s1	InChI=1S/C6F10O3.FH/c7-3(8,5(12,13)14)6(15,16)19-2(1(17)18-2)4(9,10)11;/h;1H/t2-;/m1./s1
/home/tau/projects/t99_calc/v1/qchem_data/log_to_pdb_in/frd_903_0HFAts_prod_COlossprod.log	/home/tau/projects/t99_calc/v1/qchem_data/log_to_pdb_out/frd_903_0HFAts_prod_COlossprod.pdb	ok	InChI=1S/C5F10O2/c6-2(7,8)1(16)17-5(14,15)3(9,10)4(11,12)13	InChI=1S/C5F10O2/c6-2(7,8)1(16)17-5(14,15)3(9,10)4(11,12)13
/home/tau/projects/t99_calc/v1/qchem_data/log_to_pdb_in/frd_903_0HFAts_prod_minusHF.log	/home/tau/projects/t99_calc/v1/qchem_data/log_to_pdb_out/frd_903_0HFAts_prod_minusHF.pdb	ok	InChI=1S/C6F10O3/c7-3(8,5(12,13)14)6(15,16)19-2(1(17)18-2)4(9,10)11/t2-/m1/s1	InChI=1S/C6F10O3/c7-3(8,5(12,13)14)6(15,16)19-2(1(17)18-2)4(9,10)11/t2-/m1/s1
/home/tau/projects/t99_calc/v1/qchem_data/log_to_pdb_in/frd_903_carbF.log	/home/tau/projects/t99_calc/v1/qchem_data/log_to_pdb_out/frd_903_carbF.pdb	ok	InChI=1S/C6F12O2/c7-1(19)2(8,4(11,12)13)20-6(17,18)3(9,10)5(14,15)16/t2-/m0/s1	InChI=1S/C6F12O2/c7-1(19)2(8,4(11,12)13)20-6(17,18)3(9,10)5(14,15)16/t2-/m0/s1
/home/tau/projects/t99_calc/v1/qchem_data/log_to_pdb_in/frd_903_carbF_OH.log	/home/tau/projects/t99_calc/v1/qchem_data/log_to_pdb_out/frd_903_carbF_OH.pdb	mismatch	InChI=1S/C6HF12O3/c7-1(8,3(10,11)12)5(16,17)21-2(9,4(13,14)15)6(18,19)20/h19H/t2-,6-/m1/s1	InChI=1S/C6H2F12O3/c7-1(8,3(10,11)12)5(16,17)21-2(9,4(13,14)15)6(18,19)20/h19-20H/t2-/m1/s1
/home/tau/projects/t99_calc/v1/qchem_data/log_to_pdb_in/frd_903_cof.log	/home/tau/projects/t99_calc/v1/qchem_data/log_to_pdb_out/frd_903_cof.pdb	ok	InChI=1S/C6F12O2/c7-1(19)2(8,4(11,12)13)20-6(17,18)3(9,10)5(14,15)16/t2-/m0/s1	InChI=1S/C6F12O2/c7-1(19)2(8,4(11,12)13)20-6(17,18)3(9,10)5(14,15)16/t2-/m0/s1
/home/tau/projects/t99_calc/v1/qchem_data/log_to_pdb_in/frd_903_cof_OH.log	/home/tau/projects/t99_calc/v1/qchem_data/log_to_pdb_out/frd_903_cof_OH.pdb	mismatch	InChI=1S/C6HF12O3/c7-1(8,3(10,11)12)5(16,17)21-2(9,4(13,14)15)6(18,19)20/h19H/t2-,6-/m1/s1	InChI=1S/C6H2F12O3/c7-1(8,3(10,11)12)5(16,17)21-2(9,4(13,14)15)6(18,19)20/h19-20H/t2-/m1/s1
/home/tau/projects/t99_calc/v1/qchem_data/log_to_pdb_in/frd_c5f11o.log	/home/tau/projects/t99_calc/v1/qchem_data/log_to_pdb_out/frd_c5f11o.pdb	mismatch	InChI=1S/C5F11O/c6-1(2(7,8)9)17-5(15,16)3(10,11)4(12,13)14	InChI=1S/C5HF11O/c6-1(2(7,8)9)17-5(15,16)3(10,11)4(12,13)14/h1H/t1-/m0/s1
/home/tau/projects/t99_calc/v1/qchem_data/log_to_pdb_in/h2o.log	/home/tau/projects/t99_calc/v1/qchem_data/log_to_pdb_out/h2o.pdb	ok	InChI=1S/H2O/h1H2	InChI=1S/H2O/h1H2
/home/tau/projects/t99_calc/v1/qchem_data/log_to_pdb_in/heptane.log	/home/tau/projects/t99_calc/v1/qchem_data/log_to_pdb_out/heptane.pdb	ok	InChI=1S/C7F16/c8-1(9,2(10,11)4(14,15)6(18,19)20)3(12,13)5(16,17)7(21,22)23	InChI=1S/C7F16/c8-1(9,2(10,11)4(14,15)6(18,19)20)3(12,13)5(16,17)7(21,22)23
/home/tau/projects/t99_calc/v1/qchem_data/log_to_pdb_in/heptane1H.log	/home/tau/projects/t99_calc/v1/qchem_data/log_to_pdb_out/heptane1H.pdb	ok	InChI=1S/C7HF15/c8-1(9)2(10,11)3(12,13)4(14,15)5(16,17)6(18,19)7(20,21)22/h1H	InChI=1S/C7HF15/c8-1(9)2(10,11)3(12,13)4(14,15)5(16,17)6(18,19)7(20,21)22/h1H
/home/tau/projects/t99_calc/v1/qchem_data/log_to_pdb_in/heptene.log	/home/tau/projects/t99_calc/v1/qchem_data/log_to_pdb_out/heptene.pdb	ok	InChI=1S/C7F14/c8-1(2(9)10)3(11,12)4(13,14)5(15,16)6(17,18)7(19,20)21	InChI=1S/C7F14/c8-1(2(9)10)3(11,12)4(13,14)5(15,16)6(17,18)7(19,20)21
/home/tau/projects/t99_calc/v1/qchem_data/log_to_pdb_in/hexane.log	/home/tau/projects/t99_calc/v1/qchem_data/log_to_pdb_out/hexane.pdb	ok	InChI=1S/C6F14/c7-1(8,3(11,12)5(15,16)17)2(9,10)4(13,14)6(18,19)20	InChI=1S/C6F14/c7-1(8,3(11,12)5(15,16)17)2(9,10)4(13,14)6(18,19)20
/home/tau/projects/t99_calc/v1/qchem_data/log_to_pdb_in/hexane1H.log	/home/tau/projects/t99_calc/v1/qchem_data/log_to_pdb_out/hexane1H.pdb	ok	InChI=1S/C6HF13/c7-1(8)2(9,10)3(11,12)4(13,14)5(15,16)6(17,18)19/h1H	InChI=1S/C6HF13/c7-1(8)2(9,10)3(11,12)4(13,14)5(15,16)6(17,18)19/h1H
/home/tau/projects/t99_calc/v1/qchem_data/log_to_pdb_in/hexene.log	/home/tau/projects/t99_calc/v1/qchem_data/log_to_pdb_out/hexene.pdb	ok	InChI=1S/C6F12/c7-1(2(8)9)3(10,11)4(12,13)5(14,15)6(16,17)18	InChI=1S/C6F12/c7-1(2(8)9)3(10,11)4(12,13)5(14,15)6(16,17)18
/home/tau/projects/t99_calc/v1/qchem_data/log_to_pdb_in/hf.log	/home/tau/projects/t99_calc/v1/qchem_data/log_to_pdb_out/hf.pdb	ok	InChI=1S/FH/h1H	InChI=1S/FH/h1H
/home/tau/projects/t99_calc/v1/qchem_data/log_to_pdb_in/hfp_1oh.log	/home/tau/projects/t99_calc/v1/qchem_data/log_to_pdb_out/hfp_1oh.pdb	mismatch	InChI=1S/C3HF6O/c4-1(2(5,6)7)3(8,9)10/h10H	InChI=1S/C3H2F6O/c4-1(2(5,6)7)3(8,9)10/h1,10H/t1-/m0/s1
/home/tau/projects/t99_calc/v1/qchem_data/log_to_pdb_in/hfp_1oh_1rad_prod.log	/home/tau/projects/t99_calc/v1/qchem_data/log_to_pdb_out/hfp_1oh_1rad_prod.pdb	mismatch	InChI=1S/C3HF6O/c4-1(10)2(5,6)3(7,8)9/h10H	InChI=1S/C3H2F6O/c4-1(10)2(5,6)3(7,8)9/h1,10H/t1-/m0/s1
/home/tau/projects/t99_calc/v1/qchem_data/log_to_pdb_in/hfp_1oh_2nd.log	/home/tau/projects/t99_calc/v1/qchem_data/log_to_pdb_out/hfp_1oh_2nd.pdb	mismatch	InChI=1S/C3HF6O/c4-1(2(5,6)7)3(8,9)10/h10H	InChI=1S/C3H2F6O/c4-1(2(5,6)7)3(8,9)10/h1,10H/t1-/m0/s1
/home/tau/projects/t99_calc/v1/qchem_data/log_to_pdb_in/hfp_1oh_2rad_prod.log	/home/tau/projects/t99_calc/v1/qchem_data/log_to_pdb_out/hfp_1oh_2rad_prod.pdb	mismatch	InChI=1S/C3HF6O/c4-1(2(5,6)7)3(8,9)10/h10H	InChI=1S/C3H2F6O/c4-1(2(5,6)7)3(8,9)10/h1,10H/t1-/m1/s1
/home/tau/projects/t99_calc/v1/qchem_data/log_to_pdb_in/hfp_1oh_2rad_scan.log	/home/tau/projects/t99_calc/v1/qchem_data/log_to_pdb_out/hfp_1oh_2rad_scan.pdb	mismatch	InChI=1S/C3F6.HO/c4-1(2(5)6)3(7,8)9;/h;1H	InChI=1S/C3F6.H2O/c4-1(2(5)6)3(7,8)9;/h;1H2
/home/tau/projects/t99_calc/v1/qchem_data/log_to_pdb_in/hfp_1oh_2rad_scanhf.log	/home/tau/projects/t99_calc/v1/qchem_data/log_to_pdb_out/hfp_1oh_2rad_scanhf.pdb	mismatch	InChI=1S/C3F5O.FH/c4-1(2(5)9)3(6,7)8;/h;1H	InChI=1S/C3HF5O.FH/c4-1(2(5)9)3(6,7)8;/h1H;1H
/home/tau/projects/t99_calc/v1/qchem_data/log_to_pdb_in/hfp_1oh_ts.log	/home/tau/projects/t99_calc/v1/qchem_data/log_to_pdb_out/hfp_1oh_ts.pdb	mismatch	InChI=1S/C3HF5O.F/c4-1(2(5)9)3(6,7)8;/h9H;/b2-1+;	InChI=1S/C3HF5O.FH/c4-1(2(5)9)3(6,7)8;/h9H;1H/b2-1+;
/home/tau/projects/t99_calc/v1/qchem_data/log_to_pdb_in/hfp_2oh.log	/home/tau/projects/t99_calc/v1/qchem_data/log_to_pdb_out/hfp_2oh.pdb	mismatch	InChI=1S/C3HF6O/c4-1(5)2(6,10)3(7,8)9/h10H/t2-/m1/s1	InChI=1S/C3H2F6O/c4-1(5)2(6,10)3(7,8)9/h1,10H/t2-/m1/s1
/home/tau/projects/t99_calc/v1/qchem_data/log_to_pdb_in/hfp_2oh_1rad_prod.log	/home/tau/projects/t99_calc/v1/qchem_data/log_to_pdb_out/hfp_2oh_1rad_prod.pdb	mismatch	InChI=1S/C3HF6O/c4-1(5)2(6,10)3(7,8)9/h10H/t2-/m0/s1	InChI=1S/C3H2F6O/c4-1(5)2(6,10)3(7,8)9/h1,10H/t2-/m0/s1
/home/tau/projects/t99_calc/v1/qchem_data/log_to_pdb_in/hfp_2oh_2rad_prod.log	/home/tau/projects/t99_calc/v1/qchem_data/log_to_pdb_out/hfp_2oh_2rad_prod.pdb	mismatch	InChI=1S/C3HF6O/c4-2(5,6)1(10)3(7,8)9/h10H	InChI=1S/C3H2F6O/c4-2(5,6)1(10)3(7,8)9/h1,10H
/home/tau/projects/t99_calc/v1/qchem_data/log_to_pdb_in/hfpo_da.log	/home/tau/projects/t99_calc/v1/qchem_data/log_to_pdb_out/hfpo_da.pdb	ok	InChI=1S/C6HF11O3/c7-2(1(18)19,4(10,11)12)20-6(16,17)3(8,9)5(13,14)15/h(H,18,19)/t2-/m0/s1	InChI=1S/C6HF11O3/c7-2(1(18)19,4(10,11)12)20-6(16,17)3(8,9)5(13,14)15/h(H,18,19)/t2-/m0/s1
/home/tau/projects/t99_calc/v1/qchem_data/log_to_pdb_in/lactone.log	/home/tau/projects/t99_calc/v1/qchem_data/log_to_pdb_out/lactone.pdb	ok	InChI=1S/C2F2O2/c3-2(4)1(5)6-2	InChI=1S/C2F2O2/c3-2(4)1(5)6-2
/home/tau/projects/t99_calc/v1/qchem_data/log_to_pdb_in/n_octane_twisted.log	/home/tau/projects/t99_calc/v1/qchem_data/log_to_pdb_out/n_octane_twisted.pdb	ok	InChI=1S/C8F18/c9-1(10,3(13,14)5(17,18)7(21,22)23)2(11,12)4(15,16)6(19,20)8(24,25)26	InChI=1S/C8F18/c9-1(10,3(13,14)5(17,18)7(21,22)23)2(11,12)4(15,16)6(19,20)8(24,25)26
/home/tau/projects/t99_calc/v1/qchem_data/log_to_pdb_in/nmefosaa.log	/home/tau/projects/t99_calc/v1/qchem_data/log_to_pdb_out/nmefosaa.pdb	ok	InChI=1S/C6H4F9NO4S/c7-3(8,5(11,12)13)4(9,10)6(14,15)21(19,20)16-1-2(17)18/h16H,1H2,(H,17,18)	InChI=1S/C6H4F9NO4S/c7-3(8,5(11,12)13)4(9,10)6(14,15)21(19,20)16-1-2(17)18/h16H,1H2,(H,17,18)
/home/tau/projects/t99_calc/v1/qchem_data/log_to_pdb_in/o.log	/home/tau/projects/t99_calc/v1/qchem_data/log_to_pdb_out/o.pdb	mismatch	InChI=1S/O	InChI=1S/H2O/h1H2
/home/tau/projects/t99_calc/v1/qchem_data/log_to_pdb_in/o2.log	/home/tau/projects/t99_calc/v1/qchem_data/log_to_pdb_out/o2.pdb	ok	InChI=1S/O2/c1-2	InChI=1S/O2/c1-2
/home/tau/projects/t99_calc/v1/qchem_data/log_to_pdb_in/octane1H.log	/home/tau/projects/t99_calc/v1/qchem_data/log_to_pdb_out/octane1H.pdb	ok	InChI=1S/C8HF17/c9-1(10)2(11,12)3(13,14)4(15,16)5(17,18)6(19,20)7(21,22)8(23,24)25/h1H	InChI=1S/C8HF17/c9-1(10)2(11,12)3(13,14)4(15,16)5(17,18)6(19,20)7(21,22)8(23,24)25/h1H
/home/tau/projects/t99_calc/v1/qchem_data/log_to_pdb_in/octene.log	/home/tau/projects/t99_calc/v1/qchem_data/log_to_pdb_out/octene.pdb	ok	InChI=1S/C8F16/c9-1(2(10)11)3(12,13)4(14,15)5(16,17)6(18,19)7(20,21)8(22,23)24	InChI=1S/C8F16/c9-1(2(10)11)3(12,13)4(14,15)5(16,17)6(18,19)7(20,21)8(22,23)24
/home/tau/projects/t99_calc/v1/qchem_data/log_to_pdb_in/oh.log	/home/tau/projects/t99_calc/v1/qchem_data/log_to_pdb_out/oh.pdb	mismatch	InChI=1S/HO/h1H	InChI=1S/H2O/h1H2
/home/tau/projects/t99_calc/v1/qchem_data/log_to_pdb_in/pentane.log	/home/tau/projects/t99_calc/v1/qchem_data/log_to_pdb_out/pentane.pdb	ok	InChI=1S/C5F12/c6-1(7,2(8,9)4(12,13)14)3(10,11)5(15,16)17	InChI=1S/C5F12/c6-1(7,2(8,9)4(12,13)14)3(10,11)5(15,16)17
/home/tau/projects/t99_calc/v1/qchem_data/log_to_pdb_in/pentane1H.log	/home/tau/projects/t99_calc/v1/qchem_data/log_to_pdb_out/pentane1H.pdb	ok	InChI=1S/C5HF11/c6-1(7)2(8,9)3(10,11)4(12,13)5(14,15)16/h1H	InChI=1S/C5HF11/c6-1(7)2(8,9)3(10,11)4(12,13)5(14,15)16/h1H
/home/tau/projects/t99_calc/v1/qchem_data/log_to_pdb_in/pentene.log	/home/tau/projects/t99_calc/v1/qchem_data/log_to_pdb_out/pentene.pdb	ok	InChI=1S/C5F10/c6-1(2(7)8)3(9,10)4(11,12)5(13,14)15	InChI=1S/C5F10/c6-1(2(7)8)3(9,10)4(11,12)5(13,14)15
/home/tau/projects/t99_calc/v1/qchem_data/log_to_pdb_in/pfba.log	/home/tau/projects/t99_calc/v1/qchem_data/log_to_pdb_out/pfba.pdb	ok	InChI=1S/C4HF7O2/c5-2(6,1(12)13)3(7,8)4(9,10)11/h(H,12,13)	InChI=1S/C4HF7O2/c5-2(6,1(12)13)3(7,8)4(9,10)11/h(H,12,13)
/home/tau/projects/t99_calc/v1/qchem_data/log_to_pdb_in/pfbal.log	/home/tau/projects/t99_calc/v1/qchem_data/log_to_pdb_out/pfbal.pdb	ok	InChI=1S/C4F8O/c5-1(13)2(6,7)3(8,9)4(10,11)12	InChI=1S/C4F8O/c5-1(13)2(6,7)3(8,9)4(10,11)12
/home/tau/projects/t99_calc/v1/qchem_data/log_to_pdb_in/pfbcof.log	/home/tau/projects/t99_calc/v1/qchem_data/log_to_pdb_out/pfbcof.pdb	ok	InChI=1S/C4F8O/c5-1(13)2(6,7)3(8,9)4(10,11)12	InChI=1S/C4F8O/c5-1(13)2(6,7)3(8,9)4(10,11)12
/home/tau/projects/t99_calc/v1/qchem_data/log_to_pdb_in/pfboh.log	/home/tau/projects/t99_calc/v1/qchem_data/log_to_pdb_out/pfboh.pdb	ok	InChI=1S/C4HF9O/c5-1(6,3(9,10)11)2(7,8)4(12,13)14/h14H	InChI=1S/C4HF9O/c5-1(6,3(9,10)11)2(7,8)4(12,13)14/h14H
/home/tau/projects/t99_calc/v1/qchem_data/log_to_pdb_in/pfbs.log	/home/tau/projects/t99_calc/v1/qchem_data/log_to_pdb_out/pfbs.pdb	mismatch	InChI=1S/C4HF9O3S/c5-1(6,3(9,10)11)2(7,8)4(12,13)17(14,15)16/h14H	InChI=1S/C4H3F9O3S/c5-1(6,3(9,10)11)2(7,8)4(12,13)17(14,15)16/h14-16H
/home/tau/projects/t99_calc/v1/qchem_data/log_to_pdb_in/pfeoh.log	/home/tau/projects/t99_calc/v1/qchem_data/log_to_pdb_out/pfeoh.pdb	ok	InChI=1S/C2HF5O/c3-1(4,5)2(6,7)8/h8H	InChI=1S/C2HF5O/c3-1(4,5)2(6,7)8/h8H
/home/tau/projects/t99_calc/v1/qchem_data/log_to_pdb_in/pfets.log	/home/tau/projects/t99_calc/v1/qchem_data/log_to_pdb_out/pfets.pdb	mismatch	InChI=1S/C2HF5O3S/c3-1(4,5)2(6,7)11(8,9)10/h8H	InChI=1S/C2H3F5O3S/c3-1(4,5)2(6,7)11(8,9)10/h8-10H
/home/tau/projects/t99_calc/v1/qchem_data/log_to_pdb_in/pfhpa.log	/home/tau/projects/t99_calc/v1/qchem_data/log_to_pdb_out/pfhpa.pdb	ok	InChI=1S/C7HF13O2/c8-2(9,1(21)22)3(10,11)4(12,13)5(14,15)6(16,17)7(18,19)20/h(H,21,22)	InChI=1S/C7HF13O2/c8-2(9,1(21)22)3(10,11)4(12,13)5(14,15)6(16,17)7(18,19)20/h(H,21,22)
/home/tau/projects/t99_calc/v1/qchem_data/log_to_pdb_in/pfhpal.log	/home/tau/projects/t99_calc/v1/qchem_data/log_to_pdb_out/pfhpal.pdb	ok	InChI=1S/C7F14O/c8-1(22)2(9,10)3(11,12)4(13,14)5(15,16)6(17,18)7(19,20)21	InChI=1S/C7F14O/c8-1(22)2(9,10)3(11,12)4(13,14)5(15,16)6(17,18)7(19,20)21
/home/tau/projects/t99_calc/v1/qchem_data/log_to_pdb_in/pfhpcof.log	/home/tau/projects/t99_calc/v1/qchem_data/log_to_pdb_out/pfhpcof.pdb	ok	InChI=1S/C7F14O/c8-1(22)2(9,10)3(11,12)4(13,14)5(15,16)6(17,18)7(19,20)21	InChI=1S/C7F14O/c8-1(22)2(9,10)3(11,12)4(13,14)5(15,16)6(17,18)7(19,20)21
/home/tau/projects/t99_calc/v1/qchem_data/log_to_pdb_in/pfhpoh.log	/home/tau/projects/t99_calc/v1/qchem_data/log_to_pdb_out/pfhpoh.pdb	ok	InChI=1S/C7HF15O/c8-1(9,2(10,11)4(14,15)6(18,19)20)3(12,13)5(16,17)7(21,22)23/h23H	InChI=1S/C7HF15O/c8-1(9,2(10,11)4(14,15)6(18,19)20)3(12,13)5(16,17)7(21,22)23/h23H
/home/tau/projects/t99_calc/v1/qchem_data/log_to_pdb_in/pfhps.log	/home/tau/projects/t99_calc/v1/qchem_data/log_to_pdb_out/pfhps.pdb	mismatch	InChI=1S/C7HF15O3S/c8-1(9,2(10,11)4(14,15)6(18,19)20)3(12,13)5(16,17)7(21,22)26(23,24)25/h23H	InChI=1S/C7H3F15O3S/c8-1(9,2(10,11)4(14,15)6(18,19)20)3(12,13)5(16,17)7(21,22)26(23,24)25/h23-25H
/home/tau/projects/t99_calc/v1/qchem_data/log_to_pdb_in/pfhxa.log	/home/tau/projects/t99_calc/v1/qchem_data/log_to_pdb_out/pfhxa.pdb	ok	InChI=1S/C6HF11O2/c7-2(8,1(18)19)3(9,10)4(11,12)5(13,14)6(15,16)17/h(H,18,19)	InChI=1S/C6HF11O2/c7-2(8,1(18)19)3(9,10)4(11,12)5(13,14)6(15,16)17/h(H,18,19)
/home/tau/projects/t99_calc/v1/qchem_data/log_to_pdb_in/pfhxal.log	/home/tau/projects/t99_calc/v1/qchem_data/log_to_pdb_out/pfhxal.pdb	ok	InChI=1S/C6F12O/c7-1(19)2(8,9)3(10,11)4(12,13)5(14,15)6(16,17)18	InChI=1S/C6F12O/c7-1(19)2(8,9)3(10,11)4(12,13)5(14,15)6(16,17)18
/home/tau/projects/t99_calc/v1/qchem_data/log_to_pdb_in/pfhxcof.log	/home/tau/projects/t99_calc/v1/qchem_data/log_to_pdb_out/pfhxcof.pdb	ok	InChI=1S/C6F12O/c7-1(19)2(8,9)3(10,11)4(12,13)5(14,15)6(16,17)18	InChI=1S/C6F12O/c7-1(19)2(8,9)3(10,11)4(12,13)5(14,15)6(16,17)18
/home/tau/projects/t99_calc/v1/qchem_data/log_to_pdb_in/pfhxoh.log	/home/tau/projects/t99_calc/v1/qchem_data/log_to_pdb_out/pfhxoh.pdb	ok	InChI=1S/C6HF13O/c7-1(8,3(11,12)5(15,16)17)2(9,10)4(13,14)6(18,19)20/h20H	InChI=1S/C6HF13O/c7-1(8,3(11,12)5(15,16)17)2(9,10)4(13,14)6(18,19)20/h20H
/home/tau/projects/t99_calc/v1/qchem_data/log_to_pdb_in/pfhxs.log	/home/tau/projects/t99_calc/v1/qchem_data/log_to_pdb_out/pfhxs.pdb	mismatch	InChI=1S/C6HF13O3S/c7-1(8,3(11,12)5(15,16)17)2(9,10)4(13,14)6(18,19)23(20,21)22/h20H	InChI=1S/C6H3F13O3S/c7-1(8,3(11,12)5(15,16)17)2(9,10)4(13,14)6(18,19)23(20,21)22/h20-22H
/home/tau/projects/t99_calc/v1/qchem_data/log_to_pdb_in/pfoa.log	/home/tau/projects/t99_calc/v1/qchem_data/log_to_pdb_out/pfoa.pdb	ok	InChI=1S/C8HF15O2/c9-2(10,1(24)25)3(11,12)4(13,14)5(15,16)6(17,18)7(19,20)8(21,22)23/h(H,24,25)	InChI=1S/C8HF15O2/c9-2(10,1(24)25)3(11,12)4(13,14)5(15,16)6(17,18)7(19,20)8(21,22)23/h(H,24,25)
/home/tau/projects/t99_calc/v1/qchem_data/log_to_pdb_in/pfocof.log	/home/tau/projects/t99_calc/v1/qchem_data/log_to_pdb_out/pfocof.pdb	ok	InChI=1S/C7F14O/c8-1(22)2(9,10)3(11,12)4(13,14)5(15,16)6(17,18)7(19,20)21	InChI=1S/C7F14O/c8-1(22)2(9,10)3(11,12)4(13,14)5(15,16)6(17,18)7(19,20)21
/home/tau/projects/t99_calc/v1/qchem_data/log_to_pdb_in/pfooh.log	/home/tau/projects/t99_calc/v1/qchem_data/log_to_pdb_out/pfooh.pdb	ok	InChI=1S/C8HF17O/c9-1(10,3(13,14)5(17,18)7(21,22)23)2(11,12)4(15,16)6(19,20)8(24,25)26/h26H	InChI=1S/C8HF17O/c9-1(10,3(13,14)5(17,18)7(21,22)23)2(11,12)4(15,16)6(19,20)8(24,25)26/h26H
/home/tau/projects/t99_calc/v1/qchem_data/log_to_pdb_in/pfos.log	/home/tau/projects/t99_calc/v1/qchem_data/log_to_pdb_out/pfos.pdb	mismatch	InChI=1S/C8HF17O3S/c9-1(10,3(13,14)5(17,18)7(21,22)23)2(11,12)4(15,16)6(19,20)8(24,25)29(26,27)28/h26H	InChI=1S/C8H3F17O3S/c9-1(10,3(13,14)5(17,18)7(21,22)23)2(11,12)4(15,16)6(19,20)8(24,25)29(26,27)28/h26-28H
/home/tau/projects/t99_calc/v1/qchem_data/log_to_pdb_in/pfpal.log	/home/tau/projects/t99_calc/v1/qchem_data/log_to_pdb_out/pfpal.pdb	ok	InChI=1S/C3F6O/c4-1(10)2(5,6)3(7,8)9	InChI=1S/C3F6O/c4-1(10)2(5,6)3(7,8)9
/home/tau/projects/t99_calc/v1/qchem_data/log_to_pdb_in/pfpeoh.log	/home/tau/projects/t99_calc/v1/qchem_data/log_to_pdb_out/pfpeoh.pdb	ok	InChI=1S/C5HF11O/c6-1(7,2(8,9)4(12,13)14)3(10,11)5(15,16)17/h17H	InChI=1S/C5HF11O/c6-1(7,2(8,9)4(12,13)14)3(10,11)5(15,16)17/h17H
/home/tau/projects/t99_calc/v1/qchem_data/log_to_pdb_in/pfpes.log	/home/tau/projects/t99_calc/v1/qchem_data/log_to_pdb_out/pfpes.pdb	mismatch	InChI=1S/C5HF11O3S/c6-1(7,2(8,9)4(12,13)14)3(10,11)5(15,16)20(17,18)19/h17H	InChI=1S/C5H3F11O3S/c6-1(7,2(8,9)4(12,13)14)3(10,11)5(15,16)20(17,18)19/h17-19H
/home/tau/projects/t99_calc/v1/qchem_data/log_to_pdb_in/pfpna.log	/home/tau/projects/t99_calc/v1/qchem_data/log_to_pdb_out/pfpna.pdb	ok	InChI=1S/C5HF9O2/c6-2(7,1(15)16)3(8,9)4(10,11)5(12,13)14/h(H,15,16)	InChI=1S/C5HF9O2/c6-2(7,1(15)16)3(8,9)4(10,11)5(12,13)14/h(H,15,16)
/home/tau/projects/t99_calc/v1/qchem_data/log_to_pdb_in/pfpnal.log	/home/tau/projects/t99_calc/v1/qchem_data/log_to_pdb_out/pfpnal.pdb	ok	InChI=1S/C5F10O/c6-1(16)2(7,8)3(9,10)4(11,12)5(13,14)15	InChI=1S/C5F10O/c6-1(16)2(7,8)3(9,10)4(11,12)5(13,14)15
/home/tau/projects/t99_calc/v1/qchem_data/log_to_pdb_in/pfpncof.log	/home/tau/projects/t99_calc/v1/qchem_data/log_to_pdb_out/pfpncof.pdb	ok	InChI=1S/C5F10O/c6-1(16)2(7,8)3(9,10)4(11,12)5(13,14)15	InChI=1S/C5F10O/c6-1(16)2(7,8)3(9,10)4(11,12)5(13,14)15
/home/tau/projects/t99_calc/v1/qchem_data/log_to_pdb_in/pfpra.log	/home/tau/projects/t99_calc/v1/qchem_data/log_to_pdb_out/pfpra.pdb	ok	InChI=1S/C3HF5O2/c4-2(5,1(9)10)3(6,7)8/h(H,9,10)	InChI=1S/C3HF5O2/c4-2(5,1(9)10)3(6,7)8/h(H,9,10)
/home/tau/projects/t99_calc/v1/qchem_data/log_to_pdb_in/pfprcof.log	/home/tau/projects/t99_calc/v1/qchem_data/log_to_pdb_out/pfprcof.pdb	ok	InChI=1S/C3F6O/c4-1(10)2(5,6)3(7,8)9	InChI=1S/C3F6O/c4-1(10)2(5,6)3(7,8)9
/home/tau/projects/t99_calc/v1/qchem_data/log_to_pdb_in/pfproh.log	/home/tau/projects/t99_calc/v1/qchem_data/log_to_pdb_out/pfproh.pdb	ok	InChI=1S/C3HF7O/c4-1(5,2(6,7)8)3(9,10)11/h11H	InChI=1S/C3HF7O/c4-1(5,2(6,7)8)3(9,10)11/h11H
/home/tau/projects/t99_calc/v1/qchem_data/log_to_pdb_in/pfprs.log	/home/tau/projects/t99_calc/v1/qchem_data/log_to_pdb_out/pfprs.pdb	mismatch	InChI=1S/C3HF7O3S/c4-1(5,2(6,7)8)3(9,10)14(11,12)13/h11H	InChI=1S/C3H3F7O3S/c4-1(5,2(6,7)8)3(9,10)14(11,12)13/h11-13H
/home/tau/projects/t99_calc/v1/qchem_data/log_to_pdb_in/pftoh.log	/home/tau/projects/t99_calc/v1/qchem_data/log_to_pdb_out/pftoh.pdb	ok	InChI=1S/CHF3O/c2-1(3,4)5/h5H	InChI=1S/CHF3O/c2-1(3,4)5/h5H
/home/tau/projects/t99_calc/v1/qchem_data/log_to_pdb_in/propane.log	/home/tau/projects/t99_calc/v1/qchem_data/log_to_pdb_out/propane.pdb	ok	InChI=1S/C3H8/c1-3-2/h3H2,1-2H3	InChI=1S/C3H8/c1-3-2/h3H2,1-2H3
/home/tau/projects/t99_calc/v1/qchem_data/log_to_pdb_in/propane1H.log	/home/tau/projects/t99_calc/v1/qchem_data/log_to_pdb_out/propane1H.pdb	ok	InChI=1S/C3HF7/c4-1(5)2(6,7)3(8,9)10/h1H	InChI=1S/C3HF7/c4-1(5)2(6,7)3(8,9)10/h1H
/home/tau/projects/t99_calc/v1/qchem_data/log_to_pdb_in/propene.log	/home/tau/projects/t99_calc/v1/qchem_data/log_to_pdb_out/propene.pdb	ok	InChI=1S/C3F6/c4-1(2(5)6)3(7,8)9	InChI=1S/C3F6/c4-1(2(5)6)3(7,8)9
/home/tau/projects/t99_calc/v1/qchem_data/log_to_pdb_in/propene_betaF_rad.log	/home/tau/projects/t99_calc/v1/qchem_data/log_to_pdb_out/propene_betaF_rad.pdb	mismatch	InChI=1S/C3F5/c4-2(5)1-3(6,7)8	InChI=1S/C3HF5/c4-2(5)1-3(6,7)8/h1H
/home/tau/projects/t99_calc/v1/qchem_data/log_to_pdb_in/propene_calpha_rad.log	/home/tau/projects/t99_calc/v1/qchem_data/log_to_pdb_out/propene_calpha_rad.pdb	mismatch	InChI=1S/C3F5/c4-1-2(5)3(6,7)8	InChI=1S/C3HF5/c4-1-2(5)3(6,7)8/h1H/b2-1-
/home/tau/projects/t99_calc/v1/qchem_data/log_to_pdb_in/propene_talphaF_rad.log	/home/tau/projects/t99_calc/v1/qchem_data/log_to_pdb_out/propene_talphaF_rad.pdb	mismatch	InChI=1S/C3F5/c4-1-2(5)3(6,7)8	InChI=1S/C3HF5/c4-1-2(5)3(6,7)8/h1H/b2-1+
/home/tau/projects/t99_calc/v1/qchem_data/log_to_pdb_in/tfa.log	/home/tau/projects/t99_calc/v1/qchem_data/log_to_pdb_out/tfa.pdb	ok	InChI=1S/C2HF3O2/c3-2(4,5)1(6)7/h(H,6,7)	InChI=1S/C2HF3O2/c3-2(4,5)1(6)7/h(H,6,7)
/home/tau/projects/t99_calc/v1/qchem_data/log_to_pdb_in/tfal.log	/home/tau/projects/t99_calc/v1/qchem_data/log_to_pdb_out/tfal.pdb	ok	InChI=1S/C2F4O/c3-1(7)2(4,5)6	InChI=1S/C2F4O/c3-1(7)2(4,5)6
/home/tau/projects/t99_calc/v1/qchem_data/log_to_pdb_in/tfcof.log	/home/tau/projects/t99_calc/v1/qchem_data/log_to_pdb_out/tfcof.pdb	ok	InChI=1S/C2F4O/c3-1(7)2(4,5)6	InChI=1S/C2F4O/c3-1(7)2(4,5)6
/home/tau/projects/t99_calc/v1/qchem_data/log_to_pdb_in/tfcof_oh.log	/home/tau/projects/t99_calc/v1/qchem_data/log_to_pdb_out/tfcof_oh.pdb	mismatch	InChI=1S/C2HF4O2/c3-1(4,5)2(6,7)8/h7H/t2-/m1/s1	InChI=1S/C2H2F4O2/c3-1(4,5)2(6,7)8/h7-8H
/home/tau/projects/t99_calc/v1/qchem_data/log_to_pdb_in/triflate_amide.log	/home/tau/projects/t99_calc/v1/qchem_data/log_to_pdb_out/triflate_amide.pdb	ok	InChI=1S/CH2F3NO2S/c2-1(3,4)8(5,6)7/h(H2,5,6,7)	InChI=1S/CH2F3NO2S/c2-1(3,4)8(5,6)7/h(H2,5,6,7)
/home/tau/projects/t99_calc/v1/qchem_data/log_to_pdb_in/triflic.log	/home/tau/projects/t99_calc/v1/qchem_data/log_to_pdb_out/triflic.pdb	mismatch	InChI=1S/CHF3O3S/c2-1(3,4)8(5,6)7/h5H	InChI=1S/CH3F3O3S/c2-1(3,4)8(5,6)7/h5-7H
