Input File,Output File
/home/yang/projects/t99_calc/v1/qchem_data/combined/log_fchk/cpropane_intts_prod.log,/home/yang/projects/t99_calc/v1/qchem_data/sdf/cpropane_intts_prod.sdf
/home/yang/projects/t99_calc/v1/qchem_data/combined/log_fchk/cf2o_h2o.log,/home/yang/projects/t99_calc/v1/qchem_data/sdf/cf2o_h2o.sdf
/home/yang/projects/t99_calc/v1/qchem_data/combined/log_fchk/52_heptene.fchk,/home/yang/projects/t99_calc/v1/qchem_data/sdf/52_heptene.sdf
/home/yang/projects/t99_calc/v1/qchem_data/combined/log_fchk/hfpo_da.log,/home/yang/projects/t99_calc/v1/qchem_data/sdf/hfpo_da.sdf
/home/yang/projects/t99_calc/v1/qchem_data/combined/log_fchk/o2.fchk,/home/yang/projects/t99_calc/v1/qchem_data/sdf/o2.sdf
/home/yang/projects/t99_calc/v1/qchem_data/combined/log_fchk/1_octane.log,/home/yang/projects/t99_calc/v1/qchem_data/sdf/1_octane.sdf
/home/yang/projects/t99_calc/v1/qchem_data/combined/log_fchk/frd_903.fchk,/home/yang/projects/t99_calc/v1/qchem_data/sdf/frd_903.sdf
/home/yang/projects/t99_calc/v1/qchem_data/combined/log_fchk/1_octane_alpha_prod_prod_ene.fchk,/home/yang/projects/t99_calc/v1/qchem_data/sdf/1_octane_alpha_prod_prod_ene.sdf
/home/yang/projects/t99_calc/v1/qchem_data/combined/log_fchk/1H_nonane.fchk,/home/yang/projects/t99_calc/v1/qchem_data/sdf/1H_nonane.sdf
/home/yang/projects/t99_calc/v1/qchem_data/combined/log_fchk/3_heptyl.log,/home/yang/projects/t99_calc/v1/qchem_data/sdf/3_heptyl.sdf
/home/yang/projects/t99_calc/v1/qchem_data/combined/log_fchk/cf2o_2h2oreact.log,/home/yang/projects/t99_calc/v1/qchem_data/sdf/cf2o_2h2oreact.sdf
/home/yang/projects/t99_calc/v1/qchem_data/combined/log_fchk/cf3h.log,/home/yang/projects/t99_calc/v1/qchem_data/sdf/cf3h.sdf
/home/yang/projects/t99_calc/v1/qchem_data/combined/log_fchk/c4_sec_sec_rad_isots.log,/home/yang/projects/t99_calc/v1/qchem_data/sdf/c4_sec_sec_rad_isots.sdf
/home/yang/projects/t99_calc/v1/qchem_data/combined/log_fchk/23_ftca.fchk,/home/yang/projects/t99_calc/v1/qchem_data/sdf/23_ftca.sdf
/home/yang/projects/t99_calc/v1/qchem_data/combined/log_fchk/h2o.log,/home/yang/projects/t99_calc/v1/qchem_data/sdf/h2o.sdf
/home/yang/projects/t99_calc/v1/qchem_data/combined/log_fchk/cf3o_cf2o_prod.log,/home/yang/projects/t99_calc/v1/qchem_data/sdf/cf3o_cf2o_prod.sdf
/home/yang/projects/t99_calc/v1/qchem_data/combined/log_fchk/cpropane.fchk,/home/yang/projects/t99_calc/v1/qchem_data/sdf/cpropane.sdf
/home/yang/projects/t99_calc/v1/qchem_data/combined/log_fchk/42rh.fchk,/home/yang/projects/t99_calc/v1/qchem_data/sdf/42rh.sdf
/home/yang/projects/t99_calc/v1/qchem_data/combined/log_fchk/cfo.log,/home/yang/projects/t99_calc/v1/qchem_data/sdf/cfo.sdf
/home/yang/projects/t99_calc/v1/qchem_data/combined/log_fchk/pfocof.log,/home/yang/projects/t99_calc/v1/qchem_data/sdf/pfocof.sdf
/home/yang/projects/t99_calc/v1/qchem_data/combined/log_fchk/fetsa.log,/home/yang/projects/t99_calc/v1/qchem_data/sdf/fetsa.sdf
/home/yang/projects/t99_calc/v1/qchem_data/combined/log_fchk/butane.log,/home/yang/projects/t99_calc/v1/qchem_data/sdf/butane.sdf
/home/yang/projects/t99_calc/v1/qchem_data/combined/log_fchk/cho2h.log,/home/yang/projects/t99_calc/v1/qchem_data/sdf/cho2h.sdf
/home/yang/projects/t99_calc/v1/qchem_data/combined/log_fchk/1_propane.fchk,/home/yang/projects/t99_calc/v1/qchem_data/sdf/1_propane.sdf
/home/yang/projects/t99_calc/v1/qchem_data/combined/log_fchk/41_pentene.log,/home/yang/projects/t99_calc/v1/qchem_data/sdf/41_pentene.sdf
/home/yang/projects/t99_calc/v1/qchem_data/combined/log_fchk/hfp_1oh_2rad_scanhf.log,/home/yang/projects/t99_calc/v1/qchem_data/sdf/hfp_1oh_2rad_scanhf.sdf
/home/yang/projects/t99_calc/v1/qchem_data/combined/log_fchk/32_ftsa.fchk,/home/yang/projects/t99_calc/v1/qchem_data/sdf/32_ftsa.sdf
/home/yang/projects/t99_calc/v1/qchem_data/combined/log_fchk/pfhpoh.fchk,/home/yang/projects/t99_calc/v1/qchem_data/sdf/pfhpoh.sdf
/home/yang/projects/t99_calc/v1/qchem_data/combined/log_fchk/chfo2.log,/home/yang/projects/t99_calc/v1/qchem_data/sdf/chfo2.sdf
/home/yang/projects/t99_calc/v1/qchem_data/combined/log_fchk/2_octene.fchk,/home/yang/projects/t99_calc/v1/qchem_data/sdf/2_octene.sdf
/home/yang/projects/t99_calc/v1/qchem_data/combined/log_fchk/fhpsa.log,/home/yang/projects/t99_calc/v1/qchem_data/sdf/fhpsa.sdf
/home/yang/projects/t99_calc/v1/qchem_data/combined/log_fchk/cof2nd_.log,/home/yang/projects/t99_calc/v1/qchem_data/sdf/cof2nd_.sdf
/home/yang/projects/t99_calc/v1/qchem_data/combined/log_fchk/pfprcof.log,/home/yang/projects/t99_calc/v1/qchem_data/sdf/pfprcof.sdf
/home/yang/projects/t99_calc/v1/qchem_data/combined/log_fchk/o.fchk,/home/yang/projects/t99_calc/v1/qchem_data/sdf/o.sdf
/home/yang/projects/t99_calc/v1/qchem_data/combined/log_fchk/cf2_2h2o.log,/home/yang/projects/t99_calc/v1/qchem_data/sdf/cf2_2h2o.sdf
/home/yang/projects/t99_calc/v1/qchem_data/combined/log_fchk/pfpal.log,/home/yang/projects/t99_calc/v1/qchem_data/sdf/pfpal.sdf
/home/yang/projects/t99_calc/v1/qchem_data/combined/log_fchk/62ftoh.fchk,/home/yang/projects/t99_calc/v1/qchem_data/sdf/62ftoh.sdf
/home/yang/projects/t99_calc/v1/qchem_data/combined/log_fchk/c2h6.fchk,/home/yang/projects/t99_calc/v1/qchem_data/sdf/c2h6.sdf
/home/yang/projects/t99_calc/v1/qchem_data/combined/log_fchk/21_propene.fchk,/home/yang/projects/t99_calc/v1/qchem_data/sdf/21_propene.sdf
/home/yang/projects/t99_calc/v1/qchem_data/combined/log_fchk/pfpeoh.fchk,/home/yang/projects/t99_calc/v1/qchem_data/sdf/pfpeoh.sdf
/home/yang/projects/t99_calc/v1/qchem_data/combined/log_fchk/1_propyl.log,/home/yang/projects/t99_calc/v1/qchem_data/sdf/1_propyl.sdf
/home/yang/projects/t99_calc/v1/qchem_data/combined/log_fchk/co2.log,/home/yang/projects/t99_calc/v1/qchem_data/sdf/co2.sdf
/home/yang/projects/t99_calc/v1/qchem_data/combined/log_fchk/pentane.fchk,/home/yang/projects/t99_calc/v1/qchem_data/sdf/pentane.sdf
/home/yang/projects/t99_calc/v1/qchem_data/combined/log_fchk/62_fts.log,/home/yang/projects/t99_calc/v1/qchem_data/sdf/62_fts.sdf
/home/yang/projects/t99_calc/v1/qchem_data/combined/log_fchk/1_pentane.log,/home/yang/projects/t99_calc/v1/qchem_data/sdf/1_pentane.sdf
/home/yang/projects/t99_calc/v1/qchem_data/combined/log_fchk/c3f6o2_1st.log,/home/yang/projects/t99_calc/v1/qchem_data/sdf/c3f6o2_1st.sdf
/home/yang/projects/t99_calc/v1/qchem_data/combined/log_fchk/32_fts.log,/home/yang/projects/t99_calc/v1/qchem_data/sdf/32_fts.sdf
/home/yang/projects/t99_calc/v1/qchem_data/combined/log_fchk/c7_secondary_rad.fchk,/home/yang/projects/t99_calc/v1/qchem_data/sdf/c7_secondary_rad.sdf
/home/yang/projects/t99_calc/v1/qchem_data/combined/log_fchk/1H_dodecane.log,/home/yang/projects/t99_calc/v1/qchem_data/sdf/1H_dodecane.sdf
/home/yang/projects/t99_calc/v1/qchem_data/combined/log_fchk/c4_secondary_rad.log,/home/yang/projects/t99_calc/v1/qchem_data/sdf/c4_secondary_rad.sdf
/home/yang/projects/t99_calc/v1/qchem_data/combined/log_fchk/c4f9H_secondary.log,/home/yang/projects/t99_calc/v1/qchem_data/sdf/c4f9H_secondary.sdf
/home/yang/projects/t99_calc/v1/qchem_data/combined/log_fchk/2_hexene.log,/home/yang/projects/t99_calc/v1/qchem_data/sdf/2_hexene.sdf
/home/yang/projects/t99_calc/v1/qchem_data/combined/log_fchk/cfo2.log,/home/yang/projects/t99_calc/v1/qchem_data/sdf/cfo2.sdf
/home/yang/projects/t99_calc/v1/qchem_data/combined/log_fchk/42_ftsa.log,/home/yang/projects/t99_calc/v1/qchem_data/sdf/42_ftsa.sdf
/home/yang/projects/t99_calc/v1/qchem_data/combined/log_fchk/1_heptane.log,/home/yang/projects/t99_calc/v1/qchem_data/sdf/1_heptane.sdf
/home/yang/projects/t99_calc/v1/qchem_data/combined/log_fchk/frd_903_cof_OH.log,/home/yang/projects/t99_calc/v1/qchem_data/sdf/frd_903_cof_OH.sdf
/home/yang/projects/t99_calc/v1/qchem_data/combined/log_fchk/51_hexene.log,/home/yang/projects/t99_calc/v1/qchem_data/sdf/51_hexene.sdf
/home/yang/projects/t99_calc/v1/qchem_data/combined/log_fchk/cf3cf_carbene.log,/home/yang/projects/t99_calc/v1/qchem_data/sdf/cf3cf_carbene.sdf
/home/yang/projects/t99_calc/v1/qchem_data/combined/log_fchk/hfp_2oh.log,/home/yang/projects/t99_calc/v1/qchem_data/sdf/hfp_2oh.sdf
/home/yang/projects/t99_calc/v1/qchem_data/combined/log_fchk/frd_903_cof.log,/home/yang/projects/t99_calc/v1/qchem_data/sdf/frd_903_cof.sdf
/home/yang/projects/t99_calc/v1/qchem_data/combined/log_fchk/pfbcof.fchk,/home/yang/projects/t99_calc/v1/qchem_data/sdf/pfbcof.sdf
/home/yang/projects/t99_calc/v1/qchem_data/combined/log_fchk/pfprs.fchk,/home/yang/projects/t99_calc/v1/qchem_data/sdf/pfprs.sdf
/home/yang/projects/t99_calc/v1/qchem_data/combined/log_fchk/propane.log,/home/yang/projects/t99_calc/v1/qchem_data/sdf/propane.sdf
/home/yang/projects/t99_calc/v1/qchem_data/combined/log_fchk/22_fts.fchk,/home/yang/projects/t99_calc/v1/qchem_data/sdf/22_fts.sdf
/home/yang/projects/t99_calc/v1/qchem_data/combined/log_fchk/1H_ethane.fchk,/home/yang/projects/t99_calc/v1/qchem_data/sdf/1H_ethane.sdf
/home/yang/projects/t99_calc/v1/qchem_data/combined/log_fchk/pfhxa.log,/home/yang/projects/t99_calc/v1/qchem_data/sdf/pfhxa.sdf
/home/yang/projects/t99_calc/v1/qchem_data/combined/log_fchk/cfo2h.log,/home/yang/projects/t99_calc/v1/qchem_data/sdf/cfo2h.sdf
/home/yang/projects/t99_calc/v1/qchem_data/combined/log_fchk/pentane1H.log,/home/yang/projects/t99_calc/v1/qchem_data/sdf/pentane1H.sdf
/home/yang/projects/t99_calc/v1/qchem_data/combined/log_fchk/hexene.fchk,/home/yang/projects/t99_calc/v1/qchem_data/sdf/hexene.sdf
/home/yang/projects/t99_calc/v1/qchem_data/combined/log_fchk/pfpra.log,/home/yang/projects/t99_calc/v1/qchem_data/sdf/pfpra.sdf
/home/yang/projects/t99_calc/v1/qchem_data/combined/log_fchk/22_butene.fchk,/home/yang/projects/t99_calc/v1/qchem_data/sdf/22_butene.sdf
/home/yang/projects/t99_calc/v1/qchem_data/combined/log_fchk/hf.fchk,/home/yang/projects/t99_calc/v1/qchem_data/sdf/hf.sdf
/home/yang/projects/t99_calc/v1/qchem_data/combined/log_fchk/cf3cfoh.log,/home/yang/projects/t99_calc/v1/qchem_data/sdf/cf3cfoh.sdf
/home/yang/projects/t99_calc/v1/qchem_data/combined/log_fchk/c2f4_oh.log,/home/yang/projects/t99_calc/v1/qchem_data/sdf/c2f4_oh.sdf
/home/yang/projects/t99_calc/v1/qchem_data/combined/log_fchk/c6_secondary_rad.log,/home/yang/projects/t99_calc/v1/qchem_data/sdf/c6_secondary_rad.sdf
/home/yang/projects/t99_calc/v1/qchem_data/combined/log_fchk/tfa.log,/home/yang/projects/t99_calc/v1/qchem_data/sdf/tfa.sdf
/home/yang/projects/t99_calc/v1/qchem_data/combined/log_fchk/cf2.log,/home/yang/projects/t99_calc/v1/qchem_data/sdf/cf2.sdf
/home/yang/projects/t99_calc/v1/qchem_data/combined/log_fchk/c5_prim_sec_rad_isots.log,/home/yang/projects/t99_calc/v1/qchem_data/sdf/c5_prim_sec_rad_isots.sdf
/home/yang/projects/t99_calc/v1/qchem_data/combined/log_fchk/c6f13oh.log,/home/yang/projects/t99_calc/v1/qchem_data/sdf/c6f13oh.sdf
/home/yang/projects/t99_calc/v1/qchem_data/combined/log_fchk/c4_rad.log,/home/yang/projects/t99_calc/v1/qchem_data/sdf/c4_rad.sdf
/home/yang/projects/t99_calc/v1/qchem_data/combined/log_fchk/cf2cf.log,/home/yang/projects/t99_calc/v1/qchem_data/sdf/cf2cf.sdf
/home/yang/projects/t99_calc/v1/qchem_data/combined/log_fchk/c3f6oOH2nd.log,/home/yang/projects/t99_calc/v1/qchem_data/sdf/c3f6oOH2nd.sdf
/home/yang/projects/t99_calc/v1/qchem_data/combined/log_fchk/c2f4h2o_prod.log,/home/yang/projects/t99_calc/v1/qchem_data/sdf/c2f4h2o_prod.sdf
/home/yang/projects/t99_calc/v1/qchem_data/combined/log_fchk/2_butene_ip.log,/home/yang/projects/t99_calc/v1/qchem_data/sdf/2_butene_ip.sdf
/home/yang/projects/t99_calc/v1/qchem_data/combined/log_fchk/c5f11oh.fchk,/home/yang/projects/t99_calc/v1/qchem_data/sdf/c5f11oh.sdf
/home/yang/projects/t99_calc/v1/qchem_data/combined/log_fchk/pfpnal.log,/home/yang/projects/t99_calc/v1/qchem_data/sdf/pfpnal.sdf
/home/yang/projects/t99_calc/v1/qchem_data/combined/log_fchk/pfoa.fchk,/home/yang/projects/t99_calc/v1/qchem_data/sdf/pfoa.sdf
/home/yang/projects/t99_calc/v1/qchem_data/combined/log_fchk/pfpna.log,/home/yang/projects/t99_calc/v1/qchem_data/sdf/pfpna.sdf
/home/yang/projects/t99_calc/v1/qchem_data/combined/log_fchk/fprsa.log,/home/yang/projects/t99_calc/v1/qchem_data/sdf/fprsa.sdf
/home/yang/projects/t99_calc/v1/qchem_data/combined/log_fchk/pfhps.fchk,/home/yang/projects/t99_calc/v1/qchem_data/sdf/pfhps.sdf
/home/yang/projects/t99_calc/v1/qchem_data/combined/log_fchk/c2f4.log,/home/yang/projects/t99_calc/v1/qchem_data/sdf/c2f4.sdf
/home/yang/projects/t99_calc/v1/qchem_data/combined/log_fchk/42_hexene.log,/home/yang/projects/t99_calc/v1/qchem_data/sdf/42_hexene.sdf
/home/yang/projects/t99_calc/v1/qchem_data/combined/log_fchk/heptene.log,/home/yang/projects/t99_calc/v1/qchem_data/sdf/heptene.sdf
/home/yang/projects/t99_calc/v1/qchem_data/combined/log_fchk/1H_methane.log,/home/yang/projects/t99_calc/v1/qchem_data/sdf/1H_methane.sdf
/home/yang/projects/t99_calc/v1/qchem_data/combined/log_fchk/ester.log,/home/yang/projects/t99_calc/v1/qchem_data/sdf/ester.sdf
/home/yang/projects/t99_calc/v1/qchem_data/combined/log_fchk/c2f4o.log,/home/yang/projects/t99_calc/v1/qchem_data/sdf/c2f4o.sdf
/home/yang/projects/t99_calc/v1/qchem_data/combined/log_fchk/1H_butane.fchk,/home/yang/projects/t99_calc/v1/qchem_data/sdf/1H_butane.sdf
/home/yang/projects/t99_calc/v1/qchem_data/combined/log_fchk/61_heptene.fchk,/home/yang/projects/t99_calc/v1/qchem_data/sdf/61_heptene.sdf
/home/yang/projects/t99_calc/v1/qchem_data/combined/log_fchk/cf2hcf2.log,/home/yang/projects/t99_calc/v1/qchem_data/sdf/cf2hcf2.sdf
/home/yang/projects/t99_calc/v1/qchem_data/combined/log_fchk/c2f5oh.log,/home/yang/projects/t99_calc/v1/qchem_data/sdf/c2f5oh.sdf
/home/yang/projects/t99_calc/v1/qchem_data/combined/log_fchk/c5_rad.log,/home/yang/projects/t99_calc/v1/qchem_data/sdf/c5_rad.sdf
/home/yang/projects/t99_calc/v1/qchem_data/combined/log_fchk/pfhxoh.fchk,/home/yang/projects/t99_calc/v1/qchem_data/sdf/pfhxoh.sdf
/home/yang/projects/t99_calc/v1/qchem_data/combined/log_fchk/cf3ccf2.log,/home/yang/projects/t99_calc/v1/qchem_data/sdf/cf3ccf2.sdf
/home/yang/projects/t99_calc/v1/qchem_data/combined/log_fchk/frd_903_0HFAts_prod_minusHF.log,/home/yang/projects/t99_calc/v1/qchem_data/sdf/frd_903_0HFAts_prod_minusHF.sdf
/home/yang/projects/t99_calc/v1/qchem_data/combined/log_fchk/1_octane_c8_rad.log,/home/yang/projects/t99_calc/v1/qchem_data/sdf/1_octane_c8_rad.sdf
/home/yang/projects/t99_calc/v1/qchem_data/combined/log_fchk/3_hexyl.log,/home/yang/projects/t99_calc/v1/qchem_data/sdf/3_hexyl.sdf
/home/yang/projects/t99_calc/v1/qchem_data/combined/log_fchk/pfooh.fchk,/home/yang/projects/t99_calc/v1/qchem_data/sdf/pfooh.sdf
/home/yang/projects/t99_calc/v1/qchem_data/combined/log_fchk/62_ftsa.log,/home/yang/projects/t99_calc/v1/qchem_data/sdf/62_ftsa.sdf
/home/yang/projects/t99_calc/v1/qchem_data/combined/log_fchk/pfeoh.log,/home/yang/projects/t99_calc/v1/qchem_data/sdf/pfeoh.sdf
/home/yang/projects/t99_calc/v1/qchem_data/combined/log_fchk/52rh.fchk,/home/yang/projects/t99_calc/v1/qchem_data/sdf/52rh.sdf
/home/yang/projects/t99_calc/v1/qchem_data/combined/log_fchk/cof.log,/home/yang/projects/t99_calc/v1/qchem_data/sdf/cof.sdf
/home/yang/projects/t99_calc/v1/qchem_data/combined/log_fchk/1H_hexane.log,/home/yang/projects/t99_calc/v1/qchem_data/sdf/1H_hexane.sdf
/home/yang/projects/t99_calc/v1/qchem_data/combined/log_fchk/62rh.log,/home/yang/projects/t99_calc/v1/qchem_data/sdf/62rh.sdf
/home/yang/projects/t99_calc/v1/qchem_data/combined/log_fchk/22ftoh.fchk,/home/yang/projects/t99_calc/v1/qchem_data/sdf/22ftoh.sdf
/home/yang/projects/t99_calc/v1/qchem_data/combined/log_fchk/ch3.fchk,/home/yang/projects/t99_calc/v1/qchem_data/sdf/ch3.sdf
/home/yang/projects/t99_calc/v1/qchem_data/combined/log_fchk/cfoh3.log,/home/yang/projects/t99_calc/v1/qchem_data/sdf/cfoh3.sdf
/home/yang/projects/t99_calc/v1/qchem_data/combined/log_fchk/cooh2.log,/home/yang/projects/t99_calc/v1/qchem_data/sdf/cooh2.sdf
/home/yang/projects/t99_calc/v1/qchem_data/combined/log_fchk/1_butane.fchk,/home/yang/projects/t99_calc/v1/qchem_data/sdf/1_butane.sdf
/home/yang/projects/t99_calc/v1/qchem_data/combined/log_fchk/hfp_1oh_ts.log,/home/yang/projects/t99_calc/v1/qchem_data/sdf/hfp_1oh_ts.sdf
/home/yang/projects/t99_calc/v1/qchem_data/combined/log_fchk/1H_propane.fchk,/home/yang/projects/t99_calc/v1/qchem_data/sdf/1H_propane.sdf
/home/yang/projects/t99_calc/v1/qchem_data/combined/log_fchk/c2f4_carbene.log,/home/yang/projects/t99_calc/v1/qchem_data/sdf/c2f4_carbene.sdf
/home/yang/projects/t99_calc/v1/qchem_data/combined/log_fchk/n_octane_twisted.log,/home/yang/projects/t99_calc/v1/qchem_data/sdf/n_octane_twisted.sdf
/home/yang/projects/t99_calc/v1/qchem_data/combined/log_fchk/52_fts.log,/home/yang/projects/t99_calc/v1/qchem_data/sdf/52_fts.sdf
/home/yang/projects/t99_calc/v1/qchem_data/combined/log_fchk/pfhxs.log,/home/yang/projects/t99_calc/v1/qchem_data/sdf/pfhxs.sdf
/home/yang/projects/t99_calc/v1/qchem_data/combined/log_fchk/c4f9oh.log,/home/yang/projects/t99_calc/v1/qchem_data/sdf/c4f9oh.sdf
/home/yang/projects/t99_calc/v1/qchem_data/combined/log_fchk/c3f6.fchk,/home/yang/projects/t99_calc/v1/qchem_data/sdf/c3f6.sdf
/home/yang/projects/t99_calc/v1/qchem_data/combined/log_fchk/c3_secondary_rad.log,/home/yang/projects/t99_calc/v1/qchem_data/sdf/c3_secondary_rad.sdf
/home/yang/projects/t99_calc/v1/qchem_data/combined/log_fchk/cf2o_2h2oprod.log,/home/yang/projects/t99_calc/v1/qchem_data/sdf/cf2o_2h2oprod.sdf
/home/yang/projects/t99_calc/v1/qchem_data/combined/log_fchk/ethane_2000.log,/home/yang/projects/t99_calc/v1/qchem_data/sdf/ethane_2000.sdf
/home/yang/projects/t99_calc/v1/qchem_data/combined/log_fchk/fhxsa.log,/home/yang/projects/t99_calc/v1/qchem_data/sdf/fhxsa.sdf
/home/yang/projects/t99_calc/v1/qchem_data/combined/log_fchk/c3_rad.log,/home/yang/projects/t99_calc/v1/qchem_data/sdf/c3_rad.sdf
/home/yang/projects/t99_calc/v1/qchem_data/combined/log_fchk/c4f9_1_rad.log,/home/yang/projects/t99_calc/v1/qchem_data/sdf/c4f9_1_rad.sdf
/home/yang/projects/t99_calc/v1/qchem_data/combined/log_fchk/32ftoh.fchk,/home/yang/projects/t99_calc/v1/qchem_data/sdf/32ftoh.sdf
/home/yang/projects/t99_calc/v1/qchem_data/combined/log_fchk/cf3o.log,/home/yang/projects/t99_calc/v1/qchem_data/sdf/cf3o.sdf
/home/yang/projects/t99_calc/v1/qchem_data/combined/log_fchk/butene_OH.fchk,/home/yang/projects/t99_calc/v1/qchem_data/sdf/butene_OH.sdf
/home/yang/projects/t99_calc/v1/qchem_data/combined/log_fchk/cf2h.fchk,/home/yang/projects/t99_calc/v1/qchem_data/sdf/cf2h.sdf
/home/yang/projects/t99_calc/v1/qchem_data/combined/log_fchk/f.log,/home/yang/projects/t99_calc/v1/qchem_data/sdf/f.sdf
/home/yang/projects/t99_calc/v1/qchem_data/combined/log_fchk/pfhpa.fchk,/home/yang/projects/t99_calc/v1/qchem_data/sdf/pfhpa.sdf
/home/yang/projects/t99_calc/v1/qchem_data/combined/log_fchk/c3_oco2h.log,/home/yang/projects/t99_calc/v1/qchem_data/sdf/c3_oco2h.sdf
/home/yang/projects/t99_calc/v1/qchem_data/combined/log_fchk/hexane1H.log,/home/yang/projects/t99_calc/v1/qchem_data/sdf/hexane1H.sdf
/home/yang/projects/t99_calc/v1/qchem_data/combined/log_fchk/1H_decane.fchk,/home/yang/projects/t99_calc/v1/qchem_data/sdf/1H_decane.sdf
/home/yang/projects/t99_calc/v1/qchem_data/combined/log_fchk/42_fts.log,/home/yang/projects/t99_calc/v1/qchem_data/sdf/42_fts.sdf
/home/yang/projects/t99_calc/v1/qchem_data/combined/log_fchk/71_octene.fchk,/home/yang/projects/t99_calc/v1/qchem_data/sdf/71_octene.sdf
/home/yang/projects/t99_calc/v1/qchem_data/combined/log_fchk/cbutane.log,/home/yang/projects/t99_calc/v1/qchem_data/sdf/cbutane.sdf
/home/yang/projects/t99_calc/v1/qchem_data/combined/log_fchk/heptane.log,/home/yang/projects/t99_calc/v1/qchem_data/sdf/heptane.sdf
/home/yang/projects/t99_calc/v1/qchem_data/combined/log_fchk/propene_calpha_rad.log,/home/yang/projects/t99_calc/v1/qchem_data/sdf/propene_calpha_rad.sdf
/home/yang/projects/t99_calc/v1/qchem_data/combined/log_fchk/hexane.fchk,/home/yang/projects/t99_calc/v1/qchem_data/sdf/hexane.sdf
/home/yang/projects/t99_calc/v1/qchem_data/combined/log_fchk/c2f5cof.log,/home/yang/projects/t99_calc/v1/qchem_data/sdf/c2f5cof.sdf
/home/yang/projects/t99_calc/v1/qchem_data/combined/log_fchk/32rh.fchk,/home/yang/projects/t99_calc/v1/qchem_data/sdf/32rh.sdf
/home/yang/projects/t99_calc/v1/qchem_data/combined/log_fchk/cfho.log,/home/yang/projects/t99_calc/v1/qchem_data/sdf/cfho.sdf
/home/yang/projects/t99_calc/v1/qchem_data/combined/log_fchk/fosa.fchk,/home/yang/projects/t99_calc/v1/qchem_data/sdf/fosa.sdf
/home/yang/projects/t99_calc/v1/qchem_data/combined/log_fchk/pfba.fchk,/home/yang/projects/t99_calc/v1/qchem_data/sdf/pfba.sdf
/home/yang/projects/t99_calc/v1/qchem_data/combined/log_fchk/triflate_amide.log,/home/yang/projects/t99_calc/v1/qchem_data/sdf/triflate_amide.sdf
/home/yang/projects/t99_calc/v1/qchem_data/combined/log_fchk/c2f3_o.log,/home/yang/projects/t99_calc/v1/qchem_data/sdf/c2f3_o.sdf
/home/yang/projects/t99_calc/v1/qchem_data/combined/log_fchk/frd_c5f11o.log,/home/yang/projects/t99_calc/v1/qchem_data/sdf/frd_c5f11o.sdf
/home/yang/projects/t99_calc/v1/qchem_data/combined/log_fchk/43_ftca.log,/home/yang/projects/t99_calc/v1/qchem_data/sdf/43_ftca.sdf
/home/yang/projects/t99_calc/v1/qchem_data/combined/log_fchk/ch2F.log,/home/yang/projects/t99_calc/v1/qchem_data/sdf/ch2F.sdf
/home/yang/projects/t99_calc/v1/qchem_data/combined/log_fchk/pfos.log,/home/yang/projects/t99_calc/v1/qchem_data/sdf/pfos.sdf
/home/yang/projects/t99_calc/v1/qchem_data/combined/log_fchk/1H_pentane.log,/home/yang/projects/t99_calc/v1/qchem_data/sdf/1H_pentane.sdf
/home/yang/projects/t99_calc/v1/qchem_data/combined/log_fchk/c5_sec_tert_rad_isots.log,/home/yang/projects/t99_calc/v1/qchem_data/sdf/c5_sec_tert_rad_isots.sdf
/home/yang/projects/t99_calc/v1/qchem_data/combined/log_fchk/pfets.fchk,/home/yang/projects/t99_calc/v1/qchem_data/sdf/pfets.sdf
/home/yang/projects/t99_calc/v1/qchem_data/combined/log_fchk/c3f7oh.log,/home/yang/projects/t99_calc/v1/qchem_data/sdf/c3f7oh.sdf
/home/yang/projects/t99_calc/v1/qchem_data/combined/log_fchk/propene.log,/home/yang/projects/t99_calc/v1/qchem_data/sdf/propene.sdf
/home/yang/projects/t99_calc/v1/qchem_data/combined/log_fchk/butane1H.fchk,/home/yang/projects/t99_calc/v1/qchem_data/sdf/butane1H.sdf
/home/yang/projects/t99_calc/v1/qchem_data/combined/log_fchk/cfoh_cis.log,/home/yang/projects/t99_calc/v1/qchem_data/sdf/cfoh_cis.sdf
/home/yang/projects/t99_calc/v1/qchem_data/combined/log_fchk/cf2_tfa_prod.log,/home/yang/projects/t99_calc/v1/qchem_data/sdf/cf2_tfa_prod.sdf
/home/yang/projects/t99_calc/v1/qchem_data/combined/log_fchk/1_hexane.fchk,/home/yang/projects/t99_calc/v1/qchem_data/sdf/1_hexane.sdf
/home/yang/projects/t99_calc/v1/qchem_data/combined/log_fchk/cfoh.log,/home/yang/projects/t99_calc/v1/qchem_data/sdf/cfoh.sdf
/home/yang/projects/t99_calc/v1/qchem_data/combined/log_fchk/cf3cfoh_cis.log,/home/yang/projects/t99_calc/v1/qchem_data/sdf/cf3cfoh_cis.sdf
/home/yang/projects/t99_calc/v1/qchem_data/combined/log_fchk/hfp_1oh_1rad_prod.log,/home/yang/projects/t99_calc/v1/qchem_data/sdf/hfp_1oh_1rad_prod.sdf
/home/yang/projects/t99_calc/v1/qchem_data/combined/log_fchk/pftoh.log,/home/yang/projects/t99_calc/v1/qchem_data/sdf/pftoh.sdf
/home/yang/projects/t99_calc/v1/qchem_data/combined/log_fchk/c3f7o.log,/home/yang/projects/t99_calc/v1/qchem_data/sdf/c3f7o.sdf
/home/yang/projects/t99_calc/v1/qchem_data/combined/log_fchk/32_pentene.log,/home/yang/projects/t99_calc/v1/qchem_data/sdf/32_pentene.sdf
/home/yang/projects/t99_calc/v1/qchem_data/combined/log_fchk/butene_2OH.fchk,/home/yang/projects/t99_calc/v1/qchem_data/sdf/butene_2OH.sdf
/home/yang/projects/t99_calc/v1/qchem_data/combined/log_fchk/c3f7_2nd.log,/home/yang/projects/t99_calc/v1/qchem_data/sdf/c3f7_2nd.sdf
/home/yang/projects/t99_calc/v1/qchem_data/combined/log_fchk/fpnsa.log,/home/yang/projects/t99_calc/v1/qchem_data/sdf/fpnsa.sdf
/home/yang/projects/t99_calc/v1/qchem_data/combined/log_fchk/hfp_1oh.log,/home/yang/projects/t99_calc/v1/qchem_data/sdf/hfp_1oh.sdf
/home/yang/projects/t99_calc/v1/qchem_data/combined/log_fchk/c2f5.log,/home/yang/projects/t99_calc/v1/qchem_data/sdf/c2f5.sdf
/home/yang/projects/t99_calc/v1/qchem_data/combined/log_fchk/fbsa.log,/home/yang/projects/t99_calc/v1/qchem_data/sdf/fbsa.sdf
/home/yang/projects/t99_calc/v1/qchem_data/combined/log_fchk/2_octyl.log,/home/yang/projects/t99_calc/v1/qchem_data/sdf/2_octyl.sdf
/home/yang/projects/t99_calc/v1/qchem_data/combined/log_fchk/e1_minusH.log,/home/yang/projects/t99_calc/v1/qchem_data/sdf/e1_minusH.sdf
/home/yang/projects/t99_calc/v1/qchem_data/combined/log_fchk/frd_903_0HFAts_prod_COlossprod.log,/home/yang/projects/t99_calc/v1/qchem_data/sdf/frd_903_0HFAts_prod_COlossprod.sdf
/home/yang/projects/t99_calc/v1/qchem_data/combined/log_fchk/c3f6o2_ring.log,/home/yang/projects/t99_calc/v1/qchem_data/sdf/c3f6o2_ring.sdf
/home/yang/projects/t99_calc/v1/qchem_data/combined/log_fchk/4_heptyl.log,/home/yang/projects/t99_calc/v1/qchem_data/sdf/4_heptyl.sdf
/home/yang/projects/t99_calc/v1/qchem_data/combined/log_fchk/53_ftca.log,/home/yang/projects/t99_calc/v1/qchem_data/sdf/53_ftca.sdf
/home/yang/projects/t99_calc/v1/qchem_data/combined/log_fchk/52_ftsa.log,/home/yang/projects/t99_calc/v1/qchem_data/sdf/52_ftsa.sdf
/home/yang/projects/t99_calc/v1/qchem_data/combined/log_fchk/1H_heptane.fchk,/home/yang/projects/t99_calc/v1/qchem_data/sdf/1H_heptane.sdf
/home/yang/projects/t99_calc/v1/qchem_data/combined/log_fchk/c3f7.log,/home/yang/projects/t99_calc/v1/qchem_data/sdf/c3f7.sdf
/home/yang/projects/t99_calc/v1/qchem_data/combined/log_fchk/butene.fchk,/home/yang/projects/t99_calc/v1/qchem_data/sdf/butene.sdf
/home/yang/projects/t99_calc/v1/qchem_data/combined/log_fchk/hfp_1oh_2rad_scan.log,/home/yang/projects/t99_calc/v1/qchem_data/sdf/hfp_1oh_2rad_scan.sdf
/home/yang/projects/t99_calc/v1/qchem_data/combined/log_fchk/pfbs.fchk,/home/yang/projects/t99_calc/v1/qchem_data/sdf/pfbs.sdf
/home/yang/projects/t99_calc/v1/qchem_data/combined/log_fchk/1Hbutane.log,/home/yang/projects/t99_calc/v1/qchem_data/sdf/1Hbutane.sdf
/home/yang/projects/t99_calc/v1/qchem_data/combined/log_fchk/c8_secondary_rad.log,/home/yang/projects/t99_calc/v1/qchem_data/sdf/c8_secondary_rad.sdf
/home/yang/projects/t99_calc/v1/qchem_data/combined/log_fchk/42ftoh.fchk,/home/yang/projects/t99_calc/v1/qchem_data/sdf/42ftoh.sdf
/home/yang/projects/t99_calc/v1/qchem_data/combined/log_fchk/pfbal.log,/home/yang/projects/t99_calc/v1/qchem_data/sdf/pfbal.sdf
/home/yang/projects/t99_calc/v1/qchem_data/combined/log_fchk/cpropane_picomplex.log,/home/yang/projects/t99_calc/v1/qchem_data/sdf/cpropane_picomplex.sdf
/home/yang/projects/t99_calc/v1/qchem_data/combined/log_fchk/22_ftsa.log,/home/yang/projects/t99_calc/v1/qchem_data/sdf/22_ftsa.sdf
/home/yang/projects/t99_calc/v1/qchem_data/combined/log_fchk/co.log,/home/yang/projects/t99_calc/v1/qchem_data/sdf/co.sdf
/home/yang/projects/t99_calc/v1/qchem_data/combined/log_fchk/cf4.fchk,/home/yang/projects/t99_calc/v1/qchem_data/sdf/cf4.sdf
/home/yang/projects/t99_calc/v1/qchem_data/combined/log_fchk/cf2o.log,/home/yang/projects/t99_calc/v1/qchem_data/sdf/cf2o.sdf
/home/yang/projects/t99_calc/v1/qchem_data/combined/log_fchk/hfp_1oh_2rad_prod.log,/home/yang/projects/t99_calc/v1/qchem_data/sdf/hfp_1oh_2rad_prod.sdf
/home/yang/projects/t99_calc/v1/qchem_data/combined/log_fchk/pfboh.log,/home/yang/projects/t99_calc/v1/qchem_data/sdf/pfboh.sdf
/home/yang/projects/t99_calc/v1/qchem_data/combined/log_fchk/2_pentyl.log,/home/yang/projects/t99_calc/v1/qchem_data/sdf/2_pentyl.sdf
/home/yang/projects/t99_calc/v1/qchem_data/combined/log_fchk/cf3oh.log,/home/yang/projects/t99_calc/v1/qchem_data/sdf/cf3oh.sdf
/home/yang/projects/t99_calc/v1/qchem_data/combined/log_fchk/c5_secondary_rad.log,/home/yang/projects/t99_calc/v1/qchem_data/sdf/c5_secondary_rad.sdf
/home/yang/projects/t99_calc/v1/qchem_data/combined/log_fchk/62_octene.fchk,/home/yang/projects/t99_calc/v1/qchem_data/sdf/62_octene.sdf
/home/yang/projects/t99_calc/v1/qchem_data/combined/log_fchk/1H_undecane.fchk,/home/yang/projects/t99_calc/v1/qchem_data/sdf/1H_undecane.sdf
/home/yang/projects/t99_calc/v1/qchem_data/combined/log_fchk/1_octane_c7_carbene.log,/home/yang/projects/t99_calc/v1/qchem_data/sdf/1_octane_c7_carbene.sdf
/home/yang/projects/t99_calc/v1/qchem_data/combined/log_fchk/33_ftca.fchk,/home/yang/projects/t99_calc/v1/qchem_data/sdf/33_ftca.sdf
/home/yang/projects/t99_calc/v1/qchem_data/combined/log_fchk/cf2o_oh.log,/home/yang/projects/t99_calc/v1/qchem_data/sdf/cf2o_oh.sdf
/home/yang/projects/t99_calc/v1/qchem_data/combined/log_fchk/tfcof.fchk,/home/yang/projects/t99_calc/v1/qchem_data/sdf/tfcof.sdf
/home/yang/projects/t99_calc/v1/qchem_data/combined/log_fchk/lactone.log,/home/yang/projects/t99_calc/v1/qchem_data/sdf/lactone.sdf
/home/yang/projects/t99_calc/v1/qchem_data/combined/log_fchk/c2f5h.fchk,/home/yang/projects/t99_calc/v1/qchem_data/sdf/c2f5h.sdf
/home/yang/projects/t99_calc/v1/qchem_data/combined/log_fchk/2butene.log,/home/yang/projects/t99_calc/v1/qchem_data/sdf/2butene.sdf
/home/yang/projects/t99_calc/v1/qchem_data/combined/log_fchk/co2h.fchk,/home/yang/projects/t99_calc/v1/qchem_data/sdf/co2h.sdf
/home/yang/projects/t99_calc/v1/qchem_data/combined/log_fchk/c3f6o.log,/home/yang/projects/t99_calc/v1/qchem_data/sdf/c3f6o.sdf
/home/yang/projects/t99_calc/v1/qchem_data/combined/log_fchk/oh.fchk,/home/yang/projects/t99_calc/v1/qchem_data/sdf/oh.sdf
/home/yang/projects/t99_calc/v1/qchem_data/combined/log_fchk/1H_octane.log,/home/yang/projects/t99_calc/v1/qchem_data/sdf/1H_octane.sdf
/home/yang/projects/t99_calc/v1/qchem_data/combined/log_fchk/c3f5co.log,/home/yang/projects/t99_calc/v1/qchem_data/sdf/c3f5co.sdf
/home/yang/projects/t99_calc/v1/qchem_data/combined/log_fchk/hfp_2oh_1rad_prod.log,/home/yang/projects/t99_calc/v1/qchem_data/sdf/hfp_2oh_1rad_prod.sdf
/home/yang/projects/t99_calc/v1/qchem_data/combined/log_fchk/cf3.log,/home/yang/projects/t99_calc/v1/qchem_data/sdf/cf3.sdf
/home/yang/projects/t99_calc/v1/qchem_data/combined/log_fchk/pfproh.log,/home/yang/projects/t99_calc/v1/qchem_data/sdf/pfproh.sdf
/home/yang/projects/t99_calc/v1/qchem_data/combined/log_fchk/pfhxcof.log,/home/yang/projects/t99_calc/v1/qchem_data/sdf/pfhxcof.sdf
/home/yang/projects/t99_calc/v1/qchem_data/combined/log_fchk/epoxide.log,/home/yang/projects/t99_calc/v1/qchem_data/sdf/epoxide.sdf
/home/yang/projects/t99_calc/v1/qchem_data/combined/log_fchk/c6_rad.log,/home/yang/projects/t99_calc/v1/qchem_data/sdf/c6_rad.sdf
/home/yang/projects/t99_calc/v1/qchem_data/combined/log_fchk/pfpes.fchk,/home/yang/projects/t99_calc/v1/qchem_data/sdf/pfpes.sdf
/home/yang/projects/t99_calc/v1/qchem_data/combined/log_fchk/c2_rad.log,/home/yang/projects/t99_calc/v1/qchem_data/sdf/c2_rad.sdf
/home/yang/projects/t99_calc/v1/qchem_data/combined/log_fchk/2_pentene.log,/home/yang/projects/t99_calc/v1/qchem_data/sdf/2_pentene.sdf
/home/yang/projects/t99_calc/v1/qchem_data/combined/log_fchk/cf2_h2o_ts_react.log,/home/yang/projects/t99_calc/v1/qchem_data/sdf/cf2_h2o_ts_react.sdf
/home/yang/projects/t99_calc/v1/qchem_data/combined/log_fchk/frd_903_carbF_OH.log,/home/yang/projects/t99_calc/v1/qchem_data/sdf/frd_903_carbF_OH.sdf
/home/yang/projects/t99_calc/v1/qchem_data/combined/log_fchk/pfhpcof.fchk,/home/yang/projects/t99_calc/v1/qchem_data/sdf/pfhpcof.sdf
/home/yang/projects/t99_calc/v1/qchem_data/combined/log_fchk/22rh.log,/home/yang/projects/t99_calc/v1/qchem_data/sdf/22rh.sdf
/home/yang/projects/t99_calc/v1/qchem_data/combined/log_fchk/52ftoh.fchk,/home/yang/projects/t99_calc/v1/qchem_data/sdf/52ftoh.sdf
/home/yang/projects/t99_calc/v1/qchem_data/combined/log_fchk/nmefosaa.fchk,/home/yang/projects/t99_calc/v1/qchem_data/sdf/nmefosaa.sdf
/home/yang/projects/t99_calc/v1/qchem_data/combined/log_fchk/c2f5cof_oh.log,/home/yang/projects/t99_calc/v1/qchem_data/sdf/c2f5cof_oh.sdf
/home/yang/projects/t99_calc/v1/qchem_data/combined/log_fchk/propene_betaF_rad.log,/home/yang/projects/t99_calc/v1/qchem_data/sdf/propene_betaF_rad.sdf
/home/yang/projects/t99_calc/v1/qchem_data/combined/log_fchk/allyl.log,/home/yang/projects/t99_calc/v1/qchem_data/sdf/allyl.sdf
/home/yang/projects/t99_calc/v1/qchem_data/combined/log_fchk/31_butene.fchk,/home/yang/projects/t99_calc/v1/qchem_data/sdf/31_butene.sdf
/home/yang/projects/t99_calc/v1/qchem_data/combined/log_fchk/cbutane_diradical.log,/home/yang/projects/t99_calc/v1/qchem_data/sdf/cbutane_diradical.sdf
/home/yang/projects/t99_calc/v1/qchem_data/combined/log_fchk/pfhpal.log,/home/yang/projects/t99_calc/v1/qchem_data/sdf/pfhpal.sdf
/home/yang/projects/t99_calc/v1/qchem_data/combined/log_fchk/cf2_h2o_ts_prod.log,/home/yang/projects/t99_calc/v1/qchem_data/sdf/cf2_h2o_ts_prod.sdf
/home/yang/projects/t99_calc/v1/qchem_data/combined/log_fchk/c4f7_o.log,/home/yang/projects/t99_calc/v1/qchem_data/sdf/c4f7_o.sdf
/home/yang/projects/t99_calc/v1/qchem_data/combined/log_fchk/c3f7_t.log,/home/yang/projects/t99_calc/v1/qchem_data/sdf/c3f7_t.sdf
/home/yang/projects/t99_calc/v1/qchem_data/combined/log_fchk/cf2coho.fchk,/home/yang/projects/t99_calc/v1/qchem_data/sdf/cf2coho.sdf
/home/yang/projects/t99_calc/v1/qchem_data/combined/log_fchk/hfp_1oh_2nd.log,/home/yang/projects/t99_calc/v1/qchem_data/sdf/hfp_1oh_2nd.sdf
/home/yang/projects/t99_calc/v1/qchem_data/combined/log_fchk/c3f8.log,/home/yang/projects/t99_calc/v1/qchem_data/sdf/c3f8.sdf
/home/yang/projects/t99_calc/v1/qchem_data/combined/log_fchk/triflic.log,/home/yang/projects/t99_calc/v1/qchem_data/sdf/triflic.sdf
/home/yang/projects/t99_calc/v1/qchem_data/combined/log_fchk/1_butene.log,/home/yang/projects/t99_calc/v1/qchem_data/sdf/1_butene.sdf
/home/yang/projects/t99_calc/v1/qchem_data/combined/log_fchk/pfpncof.log,/home/yang/projects/t99_calc/v1/qchem_data/sdf/pfpncof.sdf
/home/yang/projects/t99_calc/v1/qchem_data/combined/log_fchk/tfcof_oh.log,/home/yang/projects/t99_calc/v1/qchem_data/sdf/tfcof_oh.sdf
/home/yang/projects/t99_calc/v1/qchem_data/combined/log_fchk/1_octane_c7_rad.log,/home/yang/projects/t99_calc/v1/qchem_data/sdf/1_octane_c7_rad.sdf
/home/yang/projects/t99_calc/v1/qchem_data/combined/log_fchk/2_propyl.log,/home/yang/projects/t99_calc/v1/qchem_data/sdf/2_propyl.sdf
/home/yang/projects/t99_calc/v1/qchem_data/combined/log_fchk/cf2o2_rad.log,/home/yang/projects/t99_calc/v1/qchem_data/sdf/cf2o2_rad.sdf
/home/yang/projects/t99_calc/v1/qchem_data/combined/log_fchk/4_octyl.log,/home/yang/projects/t99_calc/v1/qchem_data/sdf/4_octyl.sdf
/home/yang/projects/t99_calc/v1/qchem_data/combined/log_fchk/ethane1H.log,/home/yang/projects/t99_calc/v1/qchem_data/sdf/ethane1H.sdf
/home/yang/projects/t99_calc/v1/qchem_data/combined/log_fchk/octene.log,/home/yang/projects/t99_calc/v1/qchem_data/sdf/octene.sdf
/home/yang/projects/t99_calc/v1/qchem_data/combined/log_fchk/2_hexyl.log,/home/yang/projects/t99_calc/v1/qchem_data/sdf/2_hexyl.sdf
/home/yang/projects/t99_calc/v1/qchem_data/combined/log_fchk/ester_oh.log,/home/yang/projects/t99_calc/v1/qchem_data/sdf/ester_oh.sdf
/home/yang/projects/t99_calc/v1/qchem_data/combined/log_fchk/c2f4o2.log,/home/yang/projects/t99_calc/v1/qchem_data/sdf/c2f4o2.sdf
/home/yang/projects/t99_calc/v1/qchem_data/combined/log_fchk/frd_903_carbF.log,/home/yang/projects/t99_calc/v1/qchem_data/sdf/frd_903_carbF.sdf
/home/yang/projects/t99_calc/v1/qchem_data/combined/log_fchk/2_heptene.log,/home/yang/projects/t99_calc/v1/qchem_data/sdf/2_heptene.sdf
/home/yang/projects/t99_calc/v1/qchem_data/combined/log_fchk/e1.log,/home/yang/projects/t99_calc/v1/qchem_data/sdf/e1.sdf
/home/yang/projects/t99_calc/v1/qchem_data/combined/log_fchk/frd_903_0HFAts_prod.log,/home/yang/projects/t99_calc/v1/qchem_data/sdf/frd_903_0HFAts_prod.sdf
/home/yang/projects/t99_calc/v1/qchem_data/combined/log_fchk/propene_talphaF_rad.log,/home/yang/projects/t99_calc/v1/qchem_data/sdf/propene_talphaF_rad.sdf
/home/yang/projects/t99_calc/v1/qchem_data/combined/log_fchk/cf3co.log,/home/yang/projects/t99_calc/v1/qchem_data/sdf/cf3co.sdf
/home/yang/projects/t99_calc/v1/qchem_data/combined/log_fchk/butylallyl.log,/home/yang/projects/t99_calc/v1/qchem_data/sdf/butylallyl.sdf
/home/yang/projects/t99_calc/v1/qchem_data/combined/log_fchk/3_pentyl.log,/home/yang/projects/t99_calc/v1/qchem_data/sdf/3_pentyl.sdf
/home/yang/projects/t99_calc/v1/qchem_data/combined/log_fchk/heptane1H.log,/home/yang/projects/t99_calc/v1/qchem_data/sdf/heptane1H.sdf
/home/yang/projects/t99_calc/v1/qchem_data/combined/log_fchk/2_butyl.log,/home/yang/projects/t99_calc/v1/qchem_data/sdf/2_butyl.sdf
/home/yang/projects/t99_calc/v1/qchem_data/combined/log_fchk/c4f9_2_rad.log,/home/yang/projects/t99_calc/v1/qchem_data/sdf/c4f9_2_rad.sdf
/home/yang/projects/t99_calc/v1/qchem_data/combined/log_fchk/cf2oh2.log,/home/yang/projects/t99_calc/v1/qchem_data/sdf/cf2oh2.sdf
/home/yang/projects/t99_calc/v1/qchem_data/combined/log_fchk/cf3cf2chf.log,/home/yang/projects/t99_calc/v1/qchem_data/sdf/cf3cf2chf.sdf
/home/yang/projects/t99_calc/v1/qchem_data/combined/log_fchk/cf2_2h2o_prod.log,/home/yang/projects/t99_calc/v1/qchem_data/sdf/cf2_2h2o_prod.sdf
/home/yang/projects/t99_calc/v1/qchem_data/combined/log_fchk/2Hbutane.log,/home/yang/projects/t99_calc/v1/qchem_data/sdf/2Hbutane.sdf
/home/yang/projects/t99_calc/v1/qchem_data/combined/log_fchk/c2f6.log,/home/yang/projects/t99_calc/v1/qchem_data/sdf/c2f6.sdf
/home/yang/projects/t99_calc/v1/qchem_data/combined/log_fchk/cooh.log,/home/yang/projects/t99_calc/v1/qchem_data/sdf/cooh.sdf
/home/yang/projects/t99_calc/v1/qchem_data/combined/log_fchk/tfal.log,/home/yang/projects/t99_calc/v1/qchem_data/sdf/tfal.sdf
/home/yang/projects/t99_calc/v1/qchem_data/combined/log_fchk/c7f15oh.log,/home/yang/projects/t99_calc/v1/qchem_data/sdf/c7f15oh.sdf
/home/yang/projects/t99_calc/v1/qchem_data/combined/log_fchk/propane1H.log,/home/yang/projects/t99_calc/v1/qchem_data/sdf/propane1H.sdf
/home/yang/projects/t99_calc/v1/qchem_data/combined/log_fchk/2_butene.log,/home/yang/projects/t99_calc/v1/qchem_data/sdf/2_butene.sdf
/home/yang/projects/t99_calc/v1/qchem_data/combined/log_fchk/pentene.log,/home/yang/projects/t99_calc/v1/qchem_data/sdf/pentene.sdf
/home/yang/projects/t99_calc/v1/qchem_data/combined/log_fchk/hfp_2oh_2rad_prod.log,/home/yang/projects/t99_calc/v1/qchem_data/sdf/hfp_2oh_2rad_prod.sdf
/home/yang/projects/t99_calc/v1/qchem_data/combined/log_fchk/3_octyl.log,/home/yang/projects/t99_calc/v1/qchem_data/sdf/3_octyl.sdf
/home/yang/projects/t99_calc/v1/qchem_data/combined/log_fchk/pfhxal.log,/home/yang/projects/t99_calc/v1/qchem_data/sdf/pfhxal.sdf
/home/yang/projects/t99_calc/v1/qchem_data/combined/log_fchk/1_octane_c4_rad.log,/home/yang/projects/t99_calc/v1/qchem_data/sdf/1_octane_c4_rad.sdf
/home/yang/projects/t99_calc/v1/qchem_data/combined/log_fchk/cf2oh.log,/home/yang/projects/t99_calc/v1/qchem_data/sdf/cf2oh.sdf
/home/yang/projects/t99_calc/v1/qchem_data/combined/log_fchk/octane1H.log,/home/yang/projects/t99_calc/v1/qchem_data/sdf/octane1H.sdf
/home/yang/projects/t99_calc/v1/qchem_data/combined/log_fchk/allene.log,/home/yang/projects/t99_calc/v1/qchem_data/sdf/allene.sdf
/home/yang/projects/t99_calc/v1/qchem_data/combined/log_fchk/cf3chf.log,/home/yang/projects/t99_calc/v1/qchem_data/sdf/cf3chf.sdf
