Log Files (Rel. Path),Log Files
qchem_data/log/33_ftca.log,33_ftca.log
qchem_data/log/fhpsa.log,fhpsa.log
qchem_data/log/62_octene.log,62_octene.log
qchem_data/log/hfp_2oh_1rad_prod.log,hfp_2oh_1rad_prod.log
qchem_data/log/cf3cf_carbene.log,cf3cf_carbene.log
qchem_data/log/pfoa.log,pfoa.log
qchem_data/log/cooh.log,cooh.log
qchem_data/log/2_hexyl.log,2_hexyl.log
qchem_data/log/pfets.log,pfets.log
qchem_data/log/hfp_1oh.log,hfp_1oh.log
qchem_data/log/c6_secondary_rad.log,c6_secondary_rad.log
qchem_data/log/c4f9oh.log,c4f9oh.log
qchem_data/log/c5_sec_tert_rad_isots.log,c5_sec_tert_rad_isots.log
qchem_data/log/butene_OH.log,butene_OH.log
qchem_data/log/c2f4.log,c2f4.log
qchem_data/log/1H_pentane.log,1H_pentane.log
qchem_data/log/fhxsa.log,fhxsa.log
qchem_data/log/62ftab.log,62ftab.log
qchem_data/log/62_fts.log,62_fts.log
qchem_data/log/23_ftca.log,23_ftca.log
qchem_data/log/1H_dodecane.log,1H_dodecane.log
qchem_data/log/1H_propane.log,1H_propane.log
qchem_data/log/hfp_2oh.log,hfp_2oh.log
qchem_data/log/heptene.log,heptene.log
qchem_data/log/1H_nonane.log,1H_nonane.log
qchem_data/log/c7_secondary_rad.log,c7_secondary_rad.log
qchem_data/log/22_butene.log,22_butene.log
qchem_data/log/2_propyl.log,2_propyl.log
qchem_data/log/triflic.log,triflic.log
qchem_data/log/c2f5cof_oh.log,c2f5cof_oh.log
qchem_data/log/ester_oh.log,ester_oh.log
qchem_data/log/e1_minusH.log,e1_minusH.log
qchem_data/log/butene.log,butene.log
qchem_data/log/61_heptene.log,61_heptene.log
qchem_data/log/pftoh.log,pftoh.log
qchem_data/log/hfpo_da.log,hfpo_da.log
qchem_data/log/cf2_tfa_prod.log,cf2_tfa_prod.log
qchem_data/log/1H_heptane.log,1H_heptane.log
qchem_data/log/41_pentene.log,41_pentene.log
qchem_data/log/52_heptene.log,52_heptene.log
qchem_data/log/32ftoh.log,32ftoh.log
qchem_data/log/pfpra.log,pfpra.log
qchem_data/log/22ftoh.log,22ftoh.log
qchem_data/log/hexane.log,hexane.log
qchem_data/log/pfbcof.log,pfbcof.log
qchem_data/log/1_heptane.log,1_heptane.log
qchem_data/log/51_hexene.log,51_hexene.log
qchem_data/log/pfprcof.log,pfprcof.log
qchem_data/log/cf2o_oh.log,cf2o_oh.log
qchem_data/log/ester.log,ester.log
qchem_data/log/2_butene.log,2_butene.log
qchem_data/log/c3f6o2_ring.log,c3f6o2_ring.log
qchem_data/log/c3_oco2h.log,c3_oco2h.log
qchem_data/log/pfhxs.log,pfhxs.log
qchem_data/log/tfcof.log,tfcof.log
qchem_data/log/triflate_amide.log,triflate_amide.log
qchem_data/log/pfhpa.log,pfhpa.log
qchem_data/log/1_pentane.log,1_pentane.log
qchem_data/log/c5_prim_sec_rad_isots.log,c5_prim_sec_rad_isots.log
qchem_data/log/fbsa.log,fbsa.log
qchem_data/log/hfp_1oh_1rad_prod.log,hfp_1oh_1rad_prod.log
qchem_data/log/cf2.log,cf2.log
qchem_data/log/22_fts.log,22_fts.log
qchem_data/log/3_heptyl.log,3_heptyl.log
qchem_data/log/butylallyl.log,butylallyl.log
qchem_data/log/hfp_1oh_ts.log,hfp_1oh_ts.log
qchem_data/log/1H_decane.log,1H_decane.log
qchem_data/log/42rh.log,42rh.log
qchem_data/log/octene.log,octene.log
qchem_data/log/frd_903_carbF.log,frd_903_carbF.log
qchem_data/log/1H_hexane.log,1H_hexane.log
qchem_data/log/c2f6.log,c2f6.log
qchem_data/log/tfcof_oh.log,tfcof_oh.log
qchem_data/log/62_ftsa.log,62_ftsa.log
qchem_data/log/pfhps.log,pfhps.log
qchem_data/log/frd_903_0HFAts_prod_COlossprod.log,frd_903_0HFAts_prod_COlossprod.log
qchem_data/log/52_ftsa.log,52_ftsa.log
qchem_data/log/pentene.log,pentene.log
qchem_data/log/52rh.log,52rh.log
qchem_data/log/cf2cf.log,cf2cf.log
qchem_data/log/propene_calpha_rad.log,propene_calpha_rad.log
qchem_data/log/43_ftca.log,43_ftca.log
qchem_data/log/pfproh.log,pfproh.log
qchem_data/log/c3f6o2_1st.log,c3f6o2_1st.log
qchem_data/log/1_propane.log,1_propane.log
qchem_data/log/cof.log,cof.log
qchem_data/log/c3f5co.log,c3f5co.log
qchem_data/log/nmefosaa.log,nmefosaa.log
qchem_data/log/c2h6.log,c2h6.log
qchem_data/log/2_hexene.log,2_hexene.log
qchem_data/log/hfp_1oh_2rad_scanhf.log,hfp_1oh_2rad_scanhf.log
qchem_data/log/21_propene.log,21_propene.log
qchem_data/log/53_ftca.log,53_ftca.log
qchem_data/log/e1.log,e1.log
qchem_data/log/fetsa.log,fetsa.log
qchem_data/log/32_fts.log,32_fts.log
qchem_data/log/cf3o.log,cf3o.log
qchem_data/log/frd_903.log,frd_903.log
qchem_data/log/42_ftsa.log,42_ftsa.log
qchem_data/log/1_butane.log,1_butane.log
qchem_data/log/pfos.log,pfos.log
qchem_data/log/c2f5h.log,c2f5h.log
qchem_data/log/hfp_1oh_2rad_scan.log,hfp_1oh_2rad_scan.log
qchem_data/log/42_fts.log,42_fts.log
qchem_data/log/fosa.log,fosa.log
qchem_data/log/2_octyl.log,2_octyl.log
qchem_data/log/pfpna.log,pfpna.log
qchem_data/log/fprsa.log,fprsa.log
qchem_data/log/62ftoh.log,62ftoh.log
qchem_data/log/71_octene.log,71_octene.log
qchem_data/log/hexene.log,hexene.log
qchem_data/log/3_hexyl.log,3_hexyl.log
qchem_data/log/c3f6o.log,c3f6o.log
qchem_data/log/cfoh_cis.log,cfoh_cis.log
qchem_data/log/pfpeoh.log,pfpeoh.log
qchem_data/log/fpnsa.log,fpnsa.log
qchem_data/log/butene_2OH.log,butene_2OH.log
qchem_data/log/c2f5.log,c2f5.log
qchem_data/log/4_octyl.log,4_octyl.log
qchem_data/log/cf3cfoh.log,cf3cfoh.log
qchem_data/log/cfoh.log,cfoh.log
qchem_data/log/c2f5cof.log,c2f5cof.log
qchem_data/log/c3f7oh.log,c3f7oh.log
qchem_data/log/pfeoh.log,pfeoh.log
qchem_data/log/cf3.log,cf3.log
qchem_data/log/22_ftsa.log,22_ftsa.log
qchem_data/log/hfp_2oh_2rad_prod.log,hfp_2oh_2rad_prod.log
qchem_data/log/propene_betaF_rad.log,propene_betaF_rad.log
qchem_data/log/42ftoh.log,42ftoh.log
qchem_data/log/32_pentene.log,32_pentene.log
qchem_data/log/pfhpcof.log,pfhpcof.log
qchem_data/log/chfo2.log,chfo2.log
qchem_data/log/2_octene.log,2_octene.log
qchem_data/log/hfp_1oh_2rad_prod.log,hfp_1oh_2rad_prod.log
qchem_data/log/propene_talphaF_rad.log,propene_talphaF_rad.log
qchem_data/log/cf3cfoh_cis.log,cf3cfoh_cis.log
qchem_data/log/1H_octane.log,1H_octane.log
qchem_data/log/frd_903_cof.log,frd_903_cof.log
qchem_data/log/cf3o_cf2o_prod.log,cf3o_cf2o_prod.log
qchem_data/log/32rh.log,32rh.log
qchem_data/log/frd_903_0HFAts_prod_minusHF.log,frd_903_0HFAts_prod_minusHF.log
qchem_data/log/31_butene.log,31_butene.log
qchem_data/log/pfpncof.log,pfpncof.log
qchem_data/log/1H_ethane.log,1H_ethane.log
qchem_data/log/pfhxoh.log,pfhxoh.log
qchem_data/log/c7f15oh.log,c7f15oh.log
qchem_data/log/cf2o_2h2oreact.log,cf2o_2h2oreact.log
qchem_data/log/pfba.log,pfba.log
qchem_data/log/pfbs.log,pfbs.log
qchem_data/log/frd_903_cof_OH.log,frd_903_cof_OH.log
qchem_data/log/pfpes.log,pfpes.log
qchem_data/log/4_heptyl.log,4_heptyl.log
qchem_data/log/3_octyl.log,3_octyl.log
qchem_data/log/c3f7.log,c3f7.log
qchem_data/log/pfhpoh.log,pfhpoh.log
qchem_data/log/1H_butane.log,1H_butane.log
qchem_data/log/pfocof.log,pfocof.log
qchem_data/log/c5f11oh.log,c5f11oh.log
qchem_data/log/pfooh.log,pfooh.log
qchem_data/log/propene.log,propene.log
qchem_data/log/tfa.log,tfa.log
qchem_data/log/pfprs.log,pfprs.log
qchem_data/log/hfp_1oh_2nd.log,hfp_1oh_2nd.log
qchem_data/log/22rh.log,22rh.log
qchem_data/log/1H_methane.log,1H_methane.log
qchem_data/log/pfboh.log,pfboh.log
qchem_data/log/52_fts.log,52_fts.log
qchem_data/log/cof2nd_.log,cof2nd_.log
qchem_data/log/c4_sec_sec_rad_isots.log,c4_sec_sec_rad_isots.log
qchem_data/log/1_hexane.log,1_hexane.log
qchem_data/log/42_hexene.log,42_hexene.log
qchem_data/log/pfhxcof.log,pfhxcof.log
qchem_data/log/2_butene_ip.log,2_butene_ip.log
qchem_data/log/cf2_h2o_ts_prod.log,cf2_h2o_ts_prod.log
qchem_data/log/2_butyl.log,2_butyl.log
qchem_data/log/frd_903_carbF_OH.log,frd_903_carbF_OH.log
qchem_data/log/c2f5oh.log,c2f5oh.log
qchem_data/log/1H_undecane.log,1H_undecane.log
qchem_data/log/3_pentyl.log,3_pentyl.log
qchem_data/log/2_heptene.log,2_heptene.log
qchem_data/log/frd_903_0HFAts_prod.log,frd_903_0HFAts_prod.log
qchem_data/log/pfhxa.log,pfhxa.log
qchem_data/log/62rh.log,62rh.log
qchem_data/log/2_pentene.log,2_pentene.log
qchem_data/log/c6f13oh.log,c6f13oh.log
qchem_data/log/c3f7o.log,c3f7o.log
qchem_data/log/52ftoh.log,52ftoh.log
qchem_data/log/frd_c5f11o.log,frd_c5f11o.log
qchem_data/log/32_ftsa.log,32_ftsa.log
qchem_data/log/2_pentyl.log,2_pentyl.log
qchem_data/log/c3f6oOH2nd.log,c3f6oOH2nd.log
qchem_data/log/cf2_h2o_ts_react.log,cf2_h2o_ts_react.log
