SMILES,Molecule,Veri. SMILES,Log Name,Log Path,Unnamed: 0,Log Mol. Objects
FC(C(C(C(C(C(C(F)(F)F)(F)F)(F)F)(F)F)(F)F)(F)F)F,C7HF15,FC(F)C(F)(F)C(F)(F)C(F)(F)C(F)(F)C(F)(F)C(F)(F)F,heptane1H,/qchem_data/log_to_pdb_in/heptane1H.log,0,<rdkit.Chem.rdchem.Mol object at 0x7fe2d7d33300>
[O]C([C@@](C(F)(F)F)(OC(C(C(F)(F)F)(F)F)(F)F)F)(F)O,C6HF12O3,[O]C(O)(F)[C@](F)(OC(F)(F)C(F)(F)C(F)(F)F)C(F)(F)F,frd_903_cof_OH,/qchem_data/log_to_pdb_in/frd_903_cof_OH.log,1,<rdkit.Chem.rdchem.Mol object at 0x7fe2d7a920a0>
OC(F)(F)F,CHF3O,OC(F)(F)F,cf3oh,/qchem_data/log_to_pdb_in/cf3oh.log,2,<rdkit.Chem.rdchem.Mol object at 0x7fe2d7a92180>
FC(C(F)(F)F)F,C2HF5,FC(F)C(F)(F)F,1H_ethane,/qchem_data/log_to_pdb_in/1H_ethane.log,3,<rdkit.Chem.rdchem.Mol object at 0x7fe2d7a92030>
OC(=O)[C@@](C(F)(F)F)(OC(C(C(F)(F)F)(F)F)(F)F)F,C6HF11O3,O=C(O)[C@](F)(OC(F)(F)C(F)(F)C(F)(F)F)C(F)(F)F,frd_903,/qchem_data/log_to_pdb_in/frd_903.log,4,<rdkit.Chem.rdchem.Mol object at 0x7fe2d7a921f0>
F[C](C(F)(F)F)F,C2F5,F[C](F)C(F)(F)F,c2_rad,/qchem_data/log_to_pdb_in/c2_rad.log,5,<rdkit.Chem.rdchem.Mol object at 0x7fe2d7a922d0>
F[C]([C@@](C(C(F)(F)F)(F)F)(F)O)F,C4HF8O,O[C@](F)([C](F)F)C(F)(F)C(F)(F)F,butene_2OH,/qchem_data/log_to_pdb_in/butene_2OH.log,6,<rdkit.Chem.rdchem.Mol object at 0x7fe2d7a92340>
OC(=O)C(C(C(C(C(C(F)(F)F)(F)F)(F)F)(F)F)(F)F)(F)F,C7HF13O2,O=C(O)C(F)(F)C(F)(F)C(F)(F)C(F)(F)C(F)(F)C(F)(F)F,pfhpa,/qchem_data/log_to_pdb_in/pfhpa.log,7,<rdkit.Chem.rdchem.Mol object at 0x7fe2d7a923b0>
FC(=C=C(F)F)F,C3F4,FC(F)=C=C(F)F,allene,/qchem_data/log_to_pdb_in/allene.log,8,<rdkit.Chem.rdchem.Mol object at 0x7fe2d7a92420>
FC(=O)C(C(C(C(C(C(F)(F)F)(F)F)(F)F)(F)F)(F)F)(F)F,C7F14O,O=C(F)C(F)(F)C(F)(F)C(F)(F)C(F)(F)C(F)(F)C(F)(F)F,pfhpal,/qchem_data/log_to_pdb_in/pfhpal.log,9,<rdkit.Chem.rdchem.Mol object at 0x7fe2d7a92490>
OC(C(C(C(C(F)(F)F)(F)F)(F)F)(F)F)(F)F,C5HF11O,OC(F)(F)C(F)(F)C(F)(F)C(F)(F)C(F)(F)F,pfpeoh,/qchem_data/log_to_pdb_in/pfpeoh.log,10,<rdkit.Chem.rdchem.Mol object at 0x7fe2d7a92500>
FC(=C)C(C(F)(F)F)(F)F,C4H2F6,C=C(F)C(F)(F)C(F)(F)F,31_butene,/qchem_data/log_to_pdb_in/31_butene.log,11,<rdkit.Chem.rdchem.Mol object at 0x7fe2d7a91fc0>
FC(C(C(F)(F)F)(F)F)(C(C(F)(F)F)(F)F)F,C5F12,FC(F)(F)C(F)(F)C(F)(F)C(F)(F)C(F)(F)F,pentane,/qchem_data/log_to_pdb_in/pentane.log,12,<rdkit.Chem.rdchem.Mol object at 0x7fe2d7a91f50>
OC(=O)C(C(C(C(F)(F)F)(F)F)(F)F)(F)F,C5HF9O2,O=C(O)C(F)(F)C(F)(F)C(F)(F)C(F)(F)F,1_pentane,/qchem_data/log_to_pdb_in/1_pentane.log,13,<rdkit.Chem.rdchem.Mol object at 0x7fe2d7a91ee0>
F[C](C(C(C(F)(F)F)(F)F)(F)F)C(F)(F)F,C5F11,F[C](C(F)(F)F)C(F)(F)C(F)(F)C(F)(F)F,c5_secondary_rad,/qchem_data/log_to_pdb_in/c5_secondary_rad.log,14,<rdkit.Chem.rdchem.Mol object at 0x7fe2d7a91e70>
FC(=O)[C](C(F)(F)F)F.F,C3HF6O,F.O=C(F)[C](F)C(F)(F)F,hfp_1oh_2rad_scanhf,/qchem_data/log_to_pdb_in/hfp_1oh_2rad_scanhf.log,15,<rdkit.Chem.rdchem.Mol object at 0x7fe2d7a92260>
F[C](C(C(F)(F)F)(F)F)F,C3F7,F[C](F)C(F)(F)C(F)(F)F,1_propyl,/qchem_data/log_to_pdb_in/1_propyl.log,16,<rdkit.Chem.rdchem.Mol object at 0x7fe2d7a91d20>
OC=O,CH2O2,O=CO,cho2h,/qchem_data/log_to_pdb_in/cho2h.log,17,<rdkit.Chem.rdchem.Mol object at 0x7fe2d7a91e00>
FC(=[C]C(F)(F)F)F,C3F5,FC(F)=[C]C(F)(F)F,cf3ccf2,/qchem_data/log_to_pdb_in/cf3ccf2.log,18,<rdkit.Chem.rdchem.Mol object at 0x7fe2d7a91d90>
FC(C(F)(F)O)(F)F,C2HF5O,OC(F)(F)C(F)(F)F,pfeoh,/qchem_data/log_to_pdb_in/pfeoh.log,19,<rdkit.Chem.rdchem.Mol object at 0x7fe2d7a91c40>
FC1(F)OC1(F)F,C2F4O,FC1(F)OC1(F)F,epoxide,/qchem_data/log_to_pdb_in/epoxide.log,20,<rdkit.Chem.rdchem.Mol object at 0x7fe2d7a91bd0>
[CH3],CH3,[CH3],ch3,/qchem_data/log_to_pdb_in/ch3.log,21,<rdkit.Chem.rdchem.Mol object at 0x7fe2d7a91b60>
FC(=C)C(C(C(F)(F)F)(F)F)(F)F,C5H2F8,C=C(F)C(F)(F)C(F)(F)C(F)(F)F,41_pentene,/qchem_data/log_to_pdb_in/41_pentene.log,22,<rdkit.Chem.rdchem.Mol object at 0x7fe2d7a91af0>
[O]OC([C](F)F)(F)F,C2F4O2,[O]OC(F)(F)[C](F)F,c2f4o2,/qchem_data/log_to_pdb_in/c2f4o2.log,23,<rdkit.Chem.rdchem.Mol object at 0x7fe2d7a91a80>
OCCC(C(F)(F)F)(F)F,C4H5F5O,OCCC(F)(F)C(F)(F)F,22ftoh,/qchem_data/log_to_pdb_in/22ftoh.log,24,<rdkit.Chem.rdchem.Mol object at 0x7fe2d7a91a10>
F[CH]F,CHF2,F[CH]F,cf2h,/qchem_data/log_to_pdb_in/cf2h.log,25,<rdkit.Chem.rdchem.Mol object at 0x7fe2d7a919a0>
FC(C(C(C(C(C(C(F)(F)F)(F)F)(F)F)(F)F)(F)F)(F)F)(S([O])(O)[O])F,C7HF15O3S,O=S(=O)(O)C(F)(F)C(F)(F)C(F)(F)C(F)(F)C(F)(F)C(F)(F)C(F)(F)F,pfhps,/qchem_data/log_to_pdb_in/pfhps.log,26,<rdkit.Chem.rdchem.Mol object at 0x7fe2d7a91930>
O=C1OC1(F)F,C2F2O2,O=C1OC1(F)F,lactone,/qchem_data/log_to_pdb_in/lactone.log,27,<rdkit.Chem.rdchem.Mol object at 0x7fe2d7a918c0>
FC(C(C(S(=O)(=O)N)(F)F)(F)F)(C(F)(F)F)F,C4H2F9NO2S,NS(=O)(=O)C(F)(F)C(F)(F)C(F)(F)C(F)(F)F,fbsa,/qchem_data/log_to_pdb_in/fbsa.log,28,<rdkit.Chem.rdchem.Mol object at 0x7fe2d7a91850>
C=CC(C(C(C(C(F)(F)F)(F)F)(F)F)(F)F)(F)F,C7H3F11,C=CC(F)(F)C(F)(F)C(F)(F)C(F)(F)C(F)(F)F,52_heptene,/qchem_data/log_to_pdb_in/52_heptene.log,29,<rdkit.Chem.rdchem.Mol object at 0x7fe2d7a917e0>
F/C(=C(\C(C(F)(F)F)(F)F)/F)/C(F)(F)F.[F],C5F11,F/C(=C(/F)C(F)(F)C(F)(F)F)C(F)(F)F.[F],c5_sec_tert_rad_isots,/qchem_data/log_to_pdb_in/c5_sec_tert_rad_isots.log,30,<rdkit.Chem.rdchem.Mol object at 0x7fe2d7a91770>
[O]C(OC(F)(F)F)(F)F,C2F5O2,[O]C(F)(F)OC(F)(F)F,cf3o_cf2o_prod,/qchem_data/log_to_pdb_in/cf3o_cf2o_prod.log,31,<rdkit.Chem.rdchem.Mol object at 0x7fe2d7a91cb0>
OC(F)(F)O.O,CH4F2O3,O.OC(O)(F)F,cf2o_2h2oprod,/qchem_data/log_to_pdb_in/cf2o_2h2oprod.log,32,<rdkit.Chem.rdchem.Mol object at 0x7fe2d7a91620>
FC(C(C(C(C(C(C(C(C(C(C(C(F)(F)F)(F)F)(F)F)(F)F)(F)F)(F)F)(F)F)(F)F)(F)F)(F)F)(F)F)F,C12HF25,FC(F)C(F)(F)C(F)(F)C(F)(F)C(F)(F)C(F)(F)C(F)(F)C(F)(F)C(F)(F)C(F)(F)C(F)(F)C(F)(F)F,1H_dodecane,/qchem_data/log_to_pdb_in/1H_dodecane.log,33,<rdkit.Chem.rdchem.Mol object at 0x7fe2d7a91700>
CCC(C(C(C(F)(F)F)(F)F)(F)F)(F)F,C6H5F9,CCC(F)(F)C(F)(F)C(F)(F)C(F)(F)F,42rh,/qchem_data/log_to_pdb_in/42rh.log,34,<rdkit.Chem.rdchem.Mol object at 0x7fe2d7a91690>
FC(C(C(C(C(S(=O)(=O)N)(F)F)(F)F)(F)F)(F)F)(C(C(C(F)(F)F)(F)F)(F)F)F,C8H2F17NO2S,NS(=O)(=O)C(F)(F)C(F)(F)C(F)(F)C(F)(F)C(F)(F)C(F)(F)C(F)(F)C(F)(F)F,fosa,/qchem_data/log_to_pdb_in/fosa.log,35,<rdkit.Chem.rdchem.Mol object at 0x7fe2d7a91540>
FC(=O)[C@@](C(F)(F)F)(OC(C(C(F)(F)F)(F)F)(F)F)F,C6F12O2,O=C(F)[C@](F)(OC(F)(F)C(F)(F)C(F)(F)F)C(F)(F)F,frd_903_carbF,/qchem_data/log_to_pdb_in/frd_903_carbF.log,36,<rdkit.Chem.rdchem.Mol object at 0x7fe2d7a914d0>
O[C](F)F,CHF2O,O[C](F)F,cf2oh,/qchem_data/log_to_pdb_in/cf2oh.log,37,<rdkit.Chem.rdchem.Mol object at 0x7fe2d7a91460>
NS(=O)(=O)CCC(C(C(C(C(F)(F)F)(F)F)(F)F)(F)F)(F)F,C7H6F11NO2S,NS(=O)(=O)CCC(F)(F)C(F)(F)C(F)(F)C(F)(F)C(F)(F)F,52_ftsa,/qchem_data/log_to_pdb_in/52_ftsa.log,38,<rdkit.Chem.rdchem.Mol object at 0x7fe2d7a913f0>
F[C](C(C(C(C(C(C(F)(F)F)(F)F)(F)F)(F)F)(F)F)(F)F)C(F)(F)F,C8F17,F[C](C(F)(F)F)C(F)(F)C(F)(F)C(F)(F)C(F)(F)C(F)(F)C(F)(F)F,c8_secondary_rad,/qchem_data/log_to_pdb_in/c8_secondary_rad.log,39,<rdkit.Chem.rdchem.Mol object at 0x7fe2d7a91380>
FC(F)(F)F,CF4,FC(F)(F)F,cf4,/qchem_data/log_to_pdb_in/cf4.log,40,<rdkit.Chem.rdchem.Mol object at 0x7fe2d7a915b0>
F[C](C(C(C(F)(F)F)(F)F)(F)F)F,C4F9,F[C](F)C(F)(F)C(F)(F)C(F)(F)F,1_octane_c4_rad,/qchem_data/log_to_pdb_in/1_octane_c4_rad.log,41,<rdkit.Chem.rdchem.Mol object at 0x7fe2d7a91310>
F[C]C(F)(F)F,C2F4,F[C]C(F)(F)F,cf3cf_carbene,/qchem_data/log_to_pdb_in/cf3cf_carbene.log,42,<rdkit.Chem.rdchem.Mol object at 0x7fe2d7a91230>
C=CC(C(C(C(F)(F)F)(F)F)(F)F)(F)F,C6H3F9,C=CC(F)(F)C(F)(F)C(F)(F)C(F)(F)F,42_hexene,/qchem_data/log_to_pdb_in/42_hexene.log,43,<rdkit.Chem.rdchem.Mol object at 0x7fe2d7a912a0>
[C]=O,CO,[C]=O,co,/qchem_data/log_to_pdb_in/co.log,44,<rdkit.Chem.rdchem.Mol object at 0x7fe2d7a911c0>
F[C](C(F)(F)F)C(F)(F)O,C3HF6O,OC(F)(F)[C](F)C(F)(F)F,hfp_1oh_2nd,/qchem_data/log_to_pdb_in/hfp_1oh_2nd.log,45,<rdkit.Chem.rdchem.Mol object at 0x7fe2d7a910e0>
FC(C(C(C(C(C(C(C(C(C(F)(F)F)(F)F)(F)F)(F)F)(F)F)(F)F)(F)F)(F)F)(F)F)F,C10HF21,FC(F)C(F)(F)C(F)(F)C(F)(F)C(F)(F)C(F)(F)C(F)(F)C(F)(F)C(F)(F)C(F)(F)F,1H_decane,/qchem_data/log_to_pdb_in/1H_decane.log,46,<rdkit.Chem.rdchem.Mol object at 0x7fe2d7a91070>
FC(C(F)(F)F)(CCS([O])([O])O)F,C4H5F5O3S,O=S(=O)(O)CCC(F)(F)C(F)(F)F,22_fts,/qchem_data/log_to_pdb_in/22_fts.log,47,<rdkit.Chem.rdchem.Mol object at 0x7fe2d7a91000>
FC(=C(C(F)(F)F)F)F,C3F6,FC(F)=C(F)C(F)(F)F,c3f6,/qchem_data/log_to_pdb_in/c3f6.log,48,<rdkit.Chem.rdchem.Mol object at 0x7fe2d7a90f90>
F[C](C(F)(F)F)C(F)(F)F,C3F7,F[C](C(F)(F)F)C(F)(F)F,c3f7_2nd,/qchem_data/log_to_pdb_in/c3f7_2nd.log,49,<rdkit.Chem.rdchem.Mol object at 0x7fe2d7a90f20>
FC([C@@]1(F)OOC1(F)F)(F)F,C3F6O2,FC(F)(F)[C@@]1(F)OOC1(F)F,c3f6o2_ring,/qchem_data/log_to_pdb_in/c3f6o2_ring.log,50,<rdkit.Chem.rdchem.Mol object at 0x7fe2d7a90eb0>
F[C](C(C(C(C(F)(F)F)(F)F)(F)F)(F)F)C(F)(F)F,C6F13,F[C](C(F)(F)F)C(F)(F)C(F)(F)C(F)(F)C(F)(F)F,2_hexyl,/qchem_data/log_to_pdb_in/2_hexyl.log,51,<rdkit.Chem.rdchem.Mol object at 0x7fe2d7a90e40>
O[C]=O,CHO2,O=[C]O,co2h,/qchem_data/log_to_pdb_in/co2h.log,52,<rdkit.Chem.rdchem.Mol object at 0x7fe2d7a90dd0>
FC(=C(C(F)(F)F)F)F.[OH],C3HF6O,FC(F)=C(F)C(F)(F)F.[OH],hfp_1oh_2rad_scan,/qchem_data/log_to_pdb_in/hfp_1oh_2rad_scan.log,53,<rdkit.Chem.rdchem.Mol object at 0x7fe2d7a90d60>
O=C1O[C@]1(OC(C(C(F)(F)F)(F)F)(F)F)C(F)(F)F.F,C6HF11O3,F.O=C1O[C@]1(OC(F)(F)C(F)(F)C(F)(F)F)C(F)(F)F,frd_903_0HFAts_prod,/qchem_data/log_to_pdb_in/frd_903_0HFAts_prod.log,54,<rdkit.Chem.rdchem.Mol object at 0x7fe2d7a91150>
FC(C(C(C(C(C(C(C(F)(F)F)(F)F)(F)F)(F)F)(F)F)(F)F)(F)F)F,C8HF17,FC(F)C(F)(F)C(F)(F)C(F)(F)C(F)(F)C(F)(F)C(F)(F)C(F)(F)F,octane1H,/qchem_data/log_to_pdb_in/octane1H.log,55,<rdkit.Chem.rdchem.Mol object at 0x7fe2d7a90c10>
FC(C(C(C(C(C(C(C(C(F)(F)F)(F)F)(F)F)(F)F)(F)F)(F)F)(F)F)(F)F)F,C9HF19,FC(F)C(F)(F)C(F)(F)C(F)(F)C(F)(F)C(F)(F)C(F)(F)C(F)(F)C(F)(F)F,1H_nonane,/qchem_data/log_to_pdb_in/1H_nonane.log,56,<rdkit.Chem.rdchem.Mol object at 0x7fe2d7a90cf0>
FC(C(F)(F)O)F,C2H2F4O,OC(F)(F)C(F)F,c2f4h2o_prod,/qchem_data/log_to_pdb_in/c2f4h2o_prod.log,57,<rdkit.Chem.rdchem.Mol object at 0x7fe2d7a90c80>
F[C](C(C(F)(F)F)(F)F)C(F)(F)O,C4HF8O,OC(F)(F)[C](F)C(F)(F)C(F)(F)F,butene_OH,/qchem_data/log_to_pdb_in/butene_OH.log,58,<rdkit.Chem.rdchem.Mol object at 0x7fe2d7a90b30>
FC(S(O)([O])[O])(F)F,CHF3O3S,O=S(=O)(O)C(F)(F)F,triflic,/qchem_data/log_to_pdb_in/triflic.log,59,<rdkit.Chem.rdchem.Mol object at 0x7fe2d7a90ac0>
FC(C(C(C(C(C(C(C(C(C(C(F)(F)F)(F)F)(F)F)(F)F)(F)F)(F)F)(F)F)(F)F)(F)F)(F)F)F,C11HF23,FC(F)C(F)(F)C(F)(F)C(F)(F)C(F)(F)C(F)(F)C(F)(F)C(F)(F)C(F)(F)C(F)(F)C(F)(F)F,1H_undecane,/qchem_data/log_to_pdb_in/1H_undecane.log,60,<rdkit.Chem.rdchem.Mol object at 0x7fe2d7a90a50>
FC(C(C(S(O)([O])[O])(F)F)(F)F)(F)F,C3HF7O3S,O=S(=O)(O)C(F)(F)C(F)(F)C(F)(F)F,pfprs,/qchem_data/log_to_pdb_in/pfprs.log,61,<rdkit.Chem.rdchem.Mol object at 0x7fe2d7a909e0>
FC(=C(C(C(F)(F)F)(F)F)F)F,C4F8,FC(F)=C(F)C(F)(F)C(F)(F)F,butene,/qchem_data/log_to_pdb_in/butene.log,62,<rdkit.Chem.rdchem.Mol object at 0x7fe2d7a90190>
OC(=O)CCC(C(C(C(C(F)(F)F)(F)F)(F)F)(F)F)(F)F,C8H5F11O2,O=C(O)CCC(F)(F)C(F)(F)C(F)(F)C(F)(F)C(F)(F)F,53_ftca,/qchem_data/log_to_pdb_in/53_ftca.log,63,<rdkit.Chem.rdchem.Mol object at 0x7fe2d7a90120>
FC(=C(C(C(C(C(C(F)(F)F)(F)F)(F)F)(F)F)(F)F)F)F,C7F14,FC(F)=C(F)C(F)(F)C(F)(F)C(F)(F)C(F)(F)C(F)(F)F,heptene,/qchem_data/log_to_pdb_in/heptene.log,64,<rdkit.Chem.rdchem.Mol object at 0x7fe2d7a900b0>
OC(F)(O)O,CH3FO3,OC(O)(O)F,cfoh3,/qchem_data/log_to_pdb_in/cfoh3.log,65,<rdkit.Chem.rdchem.Mol object at 0x7fe2d7a90200>
OC(F)(F)O,CH2F2O2,OC(O)(F)F,cf2oh2,/qchem_data/log_to_pdb_in/cf2oh2.log,66,<rdkit.Chem.rdchem.Mol object at 0x7fe2d7a905f0>
F[CH]C(F)(F)F,C2HF4,F[CH]C(F)(F)F,cf3chf,/qchem_data/log_to_pdb_in/cf3chf.log,67,<rdkit.Chem.rdchem.Mol object at 0x7fe2d7a90660>
FC(C(F)(F)F)(S([O])([O])O)F,C2HF5O3S,O=S(=O)(O)C(F)(F)C(F)(F)F,pfets,/qchem_data/log_to_pdb_in/pfets.log,68,<rdkit.Chem.rdchem.Mol object at 0x7fe2d7a906d0>
O[C](C(F)(F)F)C(F)(F)F,C3HF6O,O[C](C(F)(F)F)C(F)(F)F,hfp_2oh_2rad_prod,/qchem_data/log_to_pdb_in/hfp_2oh_2rad_prod.log,69,<rdkit.Chem.rdchem.Mol object at 0x7fe2d7a90900>
FC(C(C(C(F)(F)F)(F)F)(F)F)(CCS([O])([O])O)F,C6H5F9O3S,O=S(=O)(O)CCC(F)(F)C(F)(F)C(F)(F)C(F)(F)F,42_fts,/qchem_data/log_to_pdb_in/42_fts.log,70,<rdkit.Chem.rdchem.Mol object at 0x7fe2d7a92570>
FC(=O)C(F)(F)F,C2F4O,O=C(F)C(F)(F)F,c2f4o,/qchem_data/log_to_pdb_in/c2f4o.log,71,<rdkit.Chem.rdchem.Mol object at 0x7fe2d7a90ba0>
FC(C(C(C(F)(F)F)(F)F)(F)F)F,C4HF9,FC(F)C(F)(F)C(F)(F)C(F)(F)F,butane1H,/qchem_data/log_to_pdb_in/butane1H.log,72,<rdkit.Chem.rdchem.Mol object at 0x7fe2d7a907b0>
[F],F,[F],f,/qchem_data/log_to_pdb_in/f.log,73,<rdkit.Chem.rdchem.Mol object at 0x7fe2d7a92110>
F[C]C(C(C(C(C(C(F)(F)F)(F)F)(F)F)(F)F)(F)F)(F)F,C7F14,F[C]C(F)(F)C(F)(F)C(F)(F)C(F)(F)C(F)(F)C(F)(F)F,1_octane_c7_carbene,/qchem_data/log_to_pdb_in/1_octane_c7_carbene.log,74,<rdkit.Chem.rdchem.Mol object at 0x7fe2d7ac52a0>
OC(C(C(C(F)(F)F)(F)F)(F)F)(F)F,C4HF9O,OC(F)(F)C(F)(F)C(F)(F)C(F)(F)F,pfboh,/qchem_data/log_to_pdb_in/pfboh.log,75,<rdkit.Chem.rdchem.Mol object at 0x7fe2d7ac5150>
FC(C(C(F)(F)F)(F)F)(C(C(C(F)(F)F)(F)F)(F)F)F,C6F14,FC(F)(F)C(F)(F)C(F)(F)C(F)(F)C(F)(F)C(F)(F)F,hexane,/qchem_data/log_to_pdb_in/hexane.log,76,<rdkit.Chem.rdchem.Mol object at 0x7fe2d7ac5230>
FC(=O)F.O.O,CH4F2O3,O.O.O=C(F)F,cf2o_2h2oreact,/qchem_data/log_to_pdb_in/cf2o_2h2oreact.log,77,<rdkit.Chem.rdchem.Mol object at 0x7fe2d7ac5310>
FC(C(C(F)(F)F)(F)F)(CCS(=O)(=O)N)F,C5H6F7NO2S,NS(=O)(=O)CCC(F)(F)C(F)(F)C(F)(F)F,32_ftsa,/qchem_data/log_to_pdb_in/32_ftsa.log,78,<rdkit.Chem.rdchem.Mol object at 0x7fe2d7ac5380>
FC(C(C(C(C(C(F)(F)F)(F)F)(F)F)(F)F)(F)F)(C(C(S([O])(O)[O])(F)F)(F)F)F,C8HF17O3S,O=S(=O)(O)C(F)(F)C(F)(F)C(F)(F)C(F)(F)C(F)(F)C(F)(F)C(F)(F)C(F)(F)F,pfos,/qchem_data/log_to_pdb_in/pfos.log,79,<rdkit.Chem.rdchem.Mol object at 0x7fe2d7ac53f0>
F[C](C(C(F)(F)F)(F)F)C(F)(F)F,C4F9,F[C](C(F)(F)F)C(F)(F)C(F)(F)F,c4_secondary_rad,/qchem_data/log_to_pdb_in/c4_secondary_rad.log,80,<rdkit.Chem.rdchem.Mol object at 0x7fe2d7ac5460>
OC(=O)CCC(C(F)(F)F)(F)F,C5H5F5O2,O=C(O)CCC(F)(F)C(F)(F)F,23_ftca,/qchem_data/log_to_pdb_in/23_ftca.log,81,<rdkit.Chem.rdchem.Mol object at 0x7fe2d7ac54d0>
F/C(=C(\C(C(C(C(C(F)(F)F)(F)F)(F)F)(F)F)(F)F)/F)/C(F)(F)F,C8F16,F/C(=C(/F)C(F)(F)C(F)(F)C(F)(F)C(F)(F)C(F)(F)F)C(F)(F)F,2_octene,/qchem_data/log_to_pdb_in/2_octene.log,82,<rdkit.Chem.rdchem.Mol object at 0x7fe2d7ac5540>
FC(=O)C(C(C(F)(F)F)(F)F)(F)F,C4F8O,O=C(F)C(F)(F)C(F)(F)C(F)(F)F,pfbcof,/qchem_data/log_to_pdb_in/pfbcof.log,83,<rdkit.Chem.rdchem.Mol object at 0x7fe2d7ac55b0>
FC(C(C(S(=O)(=O)N)(F)F)(F)F)(F)F,C3H2F7NO2S,NS(=O)(=O)C(F)(F)C(F)(F)C(F)(F)F,fprsa,/qchem_data/log_to_pdb_in/fprsa.log,84,<rdkit.Chem.rdchem.Mol object at 0x7fe2d7ac5690>
OC(=O)OC(C(C(F)(F)F)(F)F)(F)F,C4HF7O3,O=C(O)OC(F)(F)C(F)(F)C(F)(F)F,c3_oco2h,/qchem_data/log_to_pdb_in/c3_oco2h.log,85,<rdkit.Chem.rdchem.Mol object at 0x7fe2d7ac5700>
O[C](C(C(F)(F)F)(F)F)F,C3HF6O,O[C](F)C(F)(F)C(F)(F)F,hfp_1oh_1rad_prod,/qchem_data/log_to_pdb_in/hfp_1oh_1rad_prod.log,86,<rdkit.Chem.rdchem.Mol object at 0x7fe2d7ac5770>
F[C](C(C(C(C(C(F)(F)F)(F)F)(F)F)(F)F)(F)F)C(C(F)(F)F)(F)F,C8F17,F[C](C(F)(F)C(F)(F)F)C(F)(F)C(F)(F)C(F)(F)C(F)(F)C(F)(F)F,3_octyl,/qchem_data/log_to_pdb_in/3_octyl.log,87,<rdkit.Chem.rdchem.Mol object at 0x7fe2d7ac5620>
FC1(F)C(F)(F)C(C1(F)F)(F)F,C4F8,FC1(F)C(F)(F)C(F)(F)C1(F)F,cbutane,/qchem_data/log_to_pdb_in/cbutane.log,88,<rdkit.Chem.rdchem.Mol object at 0x7fe2d7ac57e0>
FC(C(C(C(F)(F)F)(F)F)(F)F)(CCS(=O)(=O)N)F,C6H6F9NO2S,NS(=O)(=O)CCC(F)(F)C(F)(F)C(F)(F)C(F)(F)F,42_ftsa,/qchem_data/log_to_pdb_in/42_ftsa.log,89,<rdkit.Chem.rdchem.Mol object at 0x7fe2d7ac5850>
FC(C(OC(C(C(F)(F)F)(F)F)(F)F)(O)[O])(F)F,C5HF10O3,[O]C(O)(OC(F)(F)C(F)(F)C(F)(F)F)C(F)(F)F,ester_oh,/qchem_data/log_to_pdb_in/ester_oh.log,90,<rdkit.Chem.rdchem.Mol object at 0x7fe2d7ac5930>
OC(=O)C(C(C(F)(F)F)(F)F)(F)F,C4HF7O2,O=C(O)C(F)(F)C(F)(F)C(F)(F)F,pfba,/qchem_data/log_to_pdb_in/pfba.log,91,<rdkit.Chem.rdchem.Mol object at 0x7fe2d7ac59a0>
F/C(=C(\C(F)(F)F)/F)/C(F)(F)F,C4F8,F/C(=C(/F)C(F)(F)F)C(F)(F)F,2_butene_ip,/qchem_data/log_to_pdb_in/2_butene_ip.log,92,<rdkit.Chem.rdchem.Mol object at 0x7fe2d7ac5a10>
F[C](C(C(C(C(F)(F)F)(F)F)(F)F)(F)F)F,C5F11,F[C](F)C(F)(F)C(F)(F)C(F)(F)C(F)(F)F,c5_rad,/qchem_data/log_to_pdb_in/c5_rad.log,93,<rdkit.Chem.rdchem.Mol object at 0x7fe2d7ac5a80>
O=[C]C(F)(F)F,C2F3O,O=[C]C(F)(F)F,cf3co,/qchem_data/log_to_pdb_in/cf3co.log,94,<rdkit.Chem.rdchem.Mol object at 0x7fe2d7ac5af0>
O=O,O2,O=O,o2,/qchem_data/log_to_pdb_in/o2.log,95,<rdkit.Chem.rdchem.Mol object at 0x7fe2d7ac5b60>
F/[C]=C(/C(F)(F)F)\F,C3F5,F/[C]=C(\F)C(F)(F)F,propene_calpha_rad,/qchem_data/log_to_pdb_in/propene_calpha_rad.log,96,<rdkit.Chem.rdchem.Mol object at 0x7fe2d7ac5bd0>
OC(F)F.O,CH4F2O2,O.OC(F)F,cf2_2h2o_prod,/qchem_data/log_to_pdb_in/cf2_2h2o_prod.log,97,<rdkit.Chem.rdchem.Mol object at 0x7fe2d7ac58c0>
FC([C@@]1(F)OC1(F)F)(F)F,C3F6O,FC(F)(F)[C@@]1(F)OC1(F)F,c3f6o,/qchem_data/log_to_pdb_in/c3f6o.log,98,<rdkit.Chem.rdchem.Mol object at 0x7fe2d7ac5c40>
OC(=O)CCC(C(C(C(F)(F)F)(F)F)(F)F)(F)F,C7H5F9O2,O=C(O)CCC(F)(F)C(F)(F)C(F)(F)C(F)(F)F,43_ftca,/qchem_data/log_to_pdb_in/43_ftca.log,99,<rdkit.Chem.rdchem.Mol object at 0x7fe2d7ac5cb0>
FC(C(C(F)(F)F)(F)F)(C(F)(F)F)F,C4F10,FC(F)(F)C(F)(F)C(F)(F)C(F)(F)F,butane,/qchem_data/log_to_pdb_in/butane.log,100,<rdkit.Chem.rdchem.Mol object at 0x7fe2d7ac5d90>
O=C(C(F)(F)F)OC(C(C(F)(F)F)(F)F)(F)F,C5F10O2,O=C(OC(F)(F)C(F)(F)C(F)(F)F)C(F)(F)F,frd_903_0HFAts_prod_COlossprod,/qchem_data/log_to_pdb_in/frd_903_0HFAts_prod_COlossprod.log,101,<rdkit.Chem.rdchem.Mol object at 0x7fe2d7ac5e00>
F[C](C(C(C(C(C(F)(F)F)(F)F)(F)F)(F)F)(F)F)C(F)(F)F,C7F15,F[C](C(F)(F)F)C(F)(F)C(F)(F)C(F)(F)C(F)(F)C(F)(F)F,c7_secondary_rad,/qchem_data/log_to_pdb_in/c7_secondary_rad.log,102,<rdkit.Chem.rdchem.Mol object at 0x7fe2d7ac5d20>
O,H2O,O,h2o,/qchem_data/log_to_pdb_in/h2o.log,103,<rdkit.Chem.rdchem.Mol object at 0x7fe2d7ac5f50>
OC(=O)C(C(C(C(C(F)(F)F)(F)F)(F)F)(F)F)(F)F,C6HF11O2,O=C(O)C(F)(F)C(F)(F)C(F)(F)C(F)(F)C(F)(F)F,1_hexane,/qchem_data/log_to_pdb_in/1_hexane.log,104,<rdkit.Chem.rdchem.Mol object at 0x7fe2d7ac5e70>
[O]S(CCC(C(C(C(C(F)(F)F)(F)F)(F)F)(F)F)(F)F)(O)[O],C7H5F11O3S,O=S(=O)(O)CCC(F)(F)C(F)(F)C(F)(F)C(F)(F)C(F)(F)F,52_fts,/qchem_data/log_to_pdb_in/52_fts.log,105,<rdkit.Chem.rdchem.Mol object at 0x7fe2d7ac5ee0>
FC(=O)C(C(C(C(C(F)(F)F)(F)F)(F)F)(F)F)(F)F,C6F12O,O=C(F)C(F)(F)C(F)(F)C(F)(F)C(F)(F)C(F)(F)F,pfhxal,/qchem_data/log_to_pdb_in/pfhxal.log,106,<rdkit.Chem.rdchem.Mol object at 0x7fe2d7ac6030>
OC(=O)F,CHFO2,O=C(O)F,chfo2,/qchem_data/log_to_pdb_in/chfo2.log,107,<rdkit.Chem.rdchem.Mol object at 0x7fe2d7ac60a0>
FC(=C(C(C(C(F)(F)F)(F)F)(F)F)F)F,C5F10,FC(F)=C(F)C(F)(F)C(F)(F)C(F)(F)F,pentene,/qchem_data/log_to_pdb_in/pentene.log,108,<rdkit.Chem.rdchem.Mol object at 0x7fe2d7ac6110>
F/C(=C(\C(C(C(F)(F)F)(F)F)(F)F)/F)/C(F)(F)F,C6F12,F/C(=C(/F)C(F)(F)C(F)(F)C(F)(F)F)C(F)(F)F,2_hexene,/qchem_data/log_to_pdb_in/2_hexene.log,109,<rdkit.Chem.rdchem.Mol object at 0x7fe2d7ac6180>
FC(=O)C(C(F)(F)F)(F)F,C3F6O,O=C(F)C(F)(F)C(F)(F)F,c2f5cof,/qchem_data/log_to_pdb_in/c2f5cof.log,110,<rdkit.Chem.rdchem.Mol object at 0x7fe2d7ac61f0>
[O]S(C(C(C(C(C(F)(F)F)(F)F)(F)F)(F)F)(F)F)(O)[O],C5HF11O3S,O=S(=O)(O)C(F)(F)C(F)(F)C(F)(F)C(F)(F)C(F)(F)F,pfpes,/qchem_data/log_to_pdb_in/pfpes.log,111,<rdkit.Chem.rdchem.Mol object at 0x7fe2d7ac6260>
F[C](C(=O)O)F,C2HF2O2,O=C(O)[C](F)F,cf2coho,/qchem_data/log_to_pdb_in/cf2coho.log,112,<rdkit.Chem.rdchem.Mol object at 0x7fe2d7ac62d0>
[O]C(F)(F)O,CHF2O2,[O]C(O)(F)F,cf2o_oh,/qchem_data/log_to_pdb_in/cf2o_oh.log,113,<rdkit.Chem.rdchem.Mol object at 0x7fe2d7ac6340>
F[C]F.O,CH2F2O,F[C]F.O,cf2_h2o_ts_react,/qchem_data/log_to_pdb_in/cf2_h2o_ts_react.log,114,<rdkit.Chem.rdchem.Mol object at 0x7fe2d7ac63b0>
F[C@H](C(C(F)(F)F)(F)F)C(F)(F)F,C4HF9,F[C@@H](C(F)(F)F)C(F)(F)C(F)(F)F,c4f9H_secondary,/qchem_data/log_to_pdb_in/c4f9H_secondary.log,115,<rdkit.Chem.rdchem.Mol object at 0x7fe2d7ac5fc0>
F[C](C(F)(F)F)OC(C(C(F)(F)F)(F)F)(F)F,C5F11O,F[C](OC(F)(F)C(F)(F)C(F)(F)F)C(F)(F)F,frd_c5f11o,/qchem_data/log_to_pdb_in/frd_c5f11o.log,116,<rdkit.Chem.rdchem.Mol object at 0x7fe2d7ac6500>
OCCC(C(C(C(C(C(F)(F)F)(F)F)(F)F)(F)F)(F)F)(F)F,C8H5F13O,OCCC(F)(F)C(F)(F)C(F)(F)C(F)(F)C(F)(F)C(F)(F)F,62ftoh,/qchem_data/log_to_pdb_in/62ftoh.log,117,<rdkit.Chem.rdchem.Mol object at 0x7fe2d7ac6420>
FC(C(C(C(C(C(S(=O)(=O)N)(F)F)(F)F)(F)F)(F)F)(F)F)(C(F)(F)F)F,C7H2F15NO2S,NS(=O)(=O)C(F)(F)C(F)(F)C(F)(F)C(F)(F)C(F)(F)C(F)(F)C(F)(F)F,fhpsa,/qchem_data/log_to_pdb_in/fhpsa.log,118,<rdkit.Chem.rdchem.Mol object at 0x7fe2d7ac6490>
OC(F)F,CH2F2O,OC(F)F,cf2_h2o_ts_prod,/qchem_data/log_to_pdb_in/cf2_h2o_ts_prod.log,119,<rdkit.Chem.rdchem.Mol object at 0x7fe2d7ac65e0>
F/[C]=C(\C(F)(F)F)/F,C3F5,F/[C]=C(/F)C(F)(F)F,propene_talphaF_rad,/qchem_data/log_to_pdb_in/propene_talphaF_rad.log,120,<rdkit.Chem.rdchem.Mol object at 0x7fe2d7ac6570>
F[C]=C(F)F,C2F3,F[C]=C(F)F,cf2cf,/qchem_data/log_to_pdb_in/cf2cf.log,121,<rdkit.Chem.rdchem.Mol object at 0x7fe2d7ac6730>
FC(=O)C(C(C(C(F)(F)F)(F)F)(F)F)(F)F,C5F10O,O=C(F)C(F)(F)C(F)(F)C(F)(F)C(F)(F)F,pfpnal,/qchem_data/log_to_pdb_in/pfpnal.log,122,<rdkit.Chem.rdchem.Mol object at 0x7fe2d7ac6650>
F[C](C(C(C(C(C(C(F)(F)F)(F)F)(F)F)(F)F)(F)F)(F)F)F,C7F15,F[C](F)C(F)(F)C(F)(F)C(F)(F)C(F)(F)C(F)(F)C(F)(F)F,1_octane_c7_rad,/qchem_data/log_to_pdb_in/1_octane_c7_rad.log,123,<rdkit.Chem.rdchem.Mol object at 0x7fe2d7ac66c0>
F[C](C(C(C(C(F)(F)F)(F)F)(F)F)(F)F)C(C(C(F)(F)F)(F)F)(F)F,C8F17,F[C](C(F)(F)C(F)(F)C(F)(F)F)C(F)(F)C(F)(F)C(F)(F)C(F)(F)F,4_octyl,/qchem_data/log_to_pdb_in/4_octyl.log,124,<rdkit.Chem.rdchem.Mol object at 0x7fe2d7ac67a0>
FC(C(C(C(C(F)(F)F)(F)F)(F)F)(F)F)F,C5HF11,FC(F)C(F)(F)C(F)(F)C(F)(F)C(F)(F)F,pentane1H,/qchem_data/log_to_pdb_in/pentane1H.log,125,<rdkit.Chem.rdchem.Mol object at 0x7fe2d7ac6810>
OCCC(C(C(C(C(F)(F)F)(F)F)(F)F)(F)F)(F)F,C7H5F11O,OCCC(F)(F)C(F)(F)C(F)(F)C(F)(F)C(F)(F)F,52ftoh,/qchem_data/log_to_pdb_in/52ftoh.log,126,<rdkit.Chem.rdchem.Mol object at 0x7fe2d7ac6880>
OCCC(C(C(F)(F)F)(F)F)(F)F,C5H5F7O,OCCC(F)(F)C(F)(F)C(F)(F)F,32ftoh,/qchem_data/log_to_pdb_in/32ftoh.log,127,<rdkit.Chem.rdchem.Mol object at 0x7fe2d7ac6960>
O[C]F,CHFO,O[C]F,cfoh_cis,/qchem_data/log_to_pdb_in/cfoh_cis.log,128,<rdkit.Chem.rdchem.Mol object at 0x7fe2d7ac69d0>
FC(C(F)(F)F)(C(F)(F)[O])F,C3F7O,[O]C(F)(F)C(F)(F)C(F)(F)F,c3f7o,/qchem_data/log_to_pdb_in/c3f7o.log,129,<rdkit.Chem.rdchem.Mol object at 0x7fe2d7ac6a40>
[O]C(F)(F)F,CF3O,[O]C(F)(F)F,cf3o,/qchem_data/log_to_pdb_in/cf3o.log,130,<rdkit.Chem.rdchem.Mol object at 0x7fe2d7ac6ab0>
F[C]=O,CFO,O=[C]F,cof,/qchem_data/log_to_pdb_in/cof.log,131,<rdkit.Chem.rdchem.Mol object at 0x7fe2d7ac6b20>
FC(C(C(C(F)(F)F)(F)F)(F)F)(C(C(C(C(F)(F)F)(F)F)(F)F)(F)F)F,C8F18,FC(F)(F)C(F)(F)C(F)(F)C(F)(F)C(F)(F)C(F)(F)C(F)(F)C(F)(F)F,n_octane_twisted,/qchem_data/log_to_pdb_in/n_octane_twisted.log,132,<rdkit.Chem.rdchem.Mol object at 0x7fe2d7ac6b90>
O=C1O[C@]1(OC(C(C(F)(F)F)(F)F)(F)F)C(F)(F)F,C6F10O3,O=C1O[C@]1(OC(F)(F)C(F)(F)C(F)(F)F)C(F)(F)F,frd_903_0HFAts_prod_minusHF,/qchem_data/log_to_pdb_in/frd_903_0HFAts_prod_minusHF.log,133,<rdkit.Chem.rdchem.Mol object at 0x7fe2d7ac68f0>
FC(=O)[C](C(C(F)(F)F)(F)F)F,C4F7O,O=C(F)[C](F)C(F)(F)C(F)(F)F,c4f7_o,/qchem_data/log_to_pdb_in/c4f7_o.log,134,<rdkit.Chem.rdchem.Mol object at 0x7fe2d7ac6ce0>
FC(=C(C(C(C(F)(F)F)(F)F)(F)F)F)F.[F],C5F11,FC(F)=C(F)C(F)(F)C(F)(F)C(F)(F)F.[F],c5_prim_sec_rad_isots,/qchem_data/log_to_pdb_in/c5_prim_sec_rad_isots.log,135,<rdkit.Chem.rdchem.Mol object at 0x7fe2d7ac6c00>
FC(=O)F.O,CH2F2O2,O.O=C(F)F,cf2o_h2o,/qchem_data/log_to_pdb_in/cf2o_h2o.log,136,<rdkit.Chem.rdchem.Mol object at 0x7fe2d7ac6d50>
OC(=O)O,CH2O3,O=C(O)O,cooh2,/qchem_data/log_to_pdb_in/cooh2.log,137,<rdkit.Chem.rdchem.Mol object at 0x7fe2d7ac6c70>
FC(C(C(C(C(C(F)(F)F)(F)F)(F)F)(F)F)(F)F)(C(F)(F)O)F,C7HF15O,OC(F)(F)C(F)(F)C(F)(F)C(F)(F)C(F)(F)C(F)(F)C(F)(F)F,c7f15oh,/qchem_data/log_to_pdb_in/c7f15oh.log,138,<rdkit.Chem.rdchem.Mol object at 0x7fe2d7ac6dc0>
F[C](C(=C(F)F)F)F,C3F5,F[C](F)C(F)=C(F)F,allyl,/qchem_data/log_to_pdb_in/allyl.log,139,<rdkit.Chem.rdchem.Mol object at 0x7fe2d7ac6ea0>
FC(C(F)(F)F)(C(F)(O)[O])F,C3HF6O2,[O]C(O)(F)C(F)(F)C(F)(F)F,c3f6oOH2nd,/qchem_data/log_to_pdb_in/c3f6oOH2nd.log,140,<rdkit.Chem.rdchem.Mol object at 0x7fe2d7ac6f10>
OC(=O)C(C(C(C(C(C(C(F)(F)F)(F)F)(F)F)(F)F)(F)F)(F)F)(F)F,C8HF15O2,O=C(O)C(F)(F)C(F)(F)C(F)(F)C(F)(F)C(F)(F)C(F)(F)C(F)(F)F,pfoa,/qchem_data/log_to_pdb_in/pfoa.log,141,<rdkit.Chem.rdchem.Mol object at 0x7fe2d7ac6f80>
FC(C(C(C(C(F)(F)F)(F)F)(F)F)(F)F)(C(F)(F)O)F,C6HF13O,OC(F)(F)C(F)(F)C(F)(F)C(F)(F)C(F)(F)C(F)(F)F,pfhxoh,/qchem_data/log_to_pdb_in/pfhxoh.log,142,<rdkit.Chem.rdchem.Mol object at 0x7fe2d7ac6ff0>
FC(C(C(F)(F)F)(F)F)(CCS(O)([O])[O])F,C5H5F7O3S,O=S(=O)(O)CCC(F)(F)C(F)(F)C(F)(F)F,32_fts,/qchem_data/log_to_pdb_in/32_fts.log,143,<rdkit.Chem.rdchem.Mol object at 0x7fe2d7ac7060>
FC(C(F)(F)F)(CCS(=O)(=O)N)F,C4H6F5NO2S,NS(=O)(=O)CCC(F)(F)C(F)(F)F,22_ftsa,/qchem_data/log_to_pdb_in/22_ftsa.log,144,<rdkit.Chem.rdchem.Mol object at 0x7fe2d7ac70d0>
CCC(C(C(C(C(C(F)(F)F)(F)F)(F)F)(F)F)(F)F)(F)F,C8H5F13,CCC(F)(F)C(F)(F)C(F)(F)C(F)(F)C(F)(F)C(F)(F)F,62rh,/qchem_data/log_to_pdb_in/62rh.log,145,<rdkit.Chem.rdchem.Mol object at 0x7fe2d7ac7140>
FC=O,CHFO,O=CF,cfho,/qchem_data/log_to_pdb_in/cfho.log,146,<rdkit.Chem.rdchem.Mol object at 0x7fe2d7ac71b0>
F[C](C(C(C(C(C(F)(F)F)(F)F)(F)F)(F)F)(F)F)F,C6F13,F[C](F)C(F)(F)C(F)(F)C(F)(F)C(F)(F)C(F)(F)F,c6_rad,/qchem_data/log_to_pdb_in/c6_rad.log,147,<rdkit.Chem.rdchem.Mol object at 0x7fe2d7ac7220>
F[C](C(C(C(C(C(C(C(F)(F)F)(F)F)(F)F)(F)F)(F)F)(F)F)(F)F)F,C8F17,F[C](F)C(F)(F)C(F)(F)C(F)(F)C(F)(F)C(F)(F)C(F)(F)C(F)(F)F,1_octane_c8_rad,/qchem_data/log_to_pdb_in/1_octane_c8_rad.log,148,<rdkit.Chem.rdchem.Mol object at 0x7fe2d7ac7290>
CC,C2H6,CC,c2h6,/qchem_data/log_to_pdb_in/c2h6.log,149,<rdkit.Chem.rdchem.Mol object at 0x7fe2d7ac6e30>
[O]C(=O)F,CFO2,[O]C(=O)F,cfo2,/qchem_data/log_to_pdb_in/cfo2.log,150,<rdkit.Chem.rdchem.Mol object at 0x7fe2d7ac7300>
F[C](C(C(C(F)(F)F)(F)F)(F)F)C(C(F)(F)F)(F)F,C6F13,F[C](C(F)(F)C(F)(F)F)C(F)(F)C(F)(F)C(F)(F)F,3_pentyl,/qchem_data/log_to_pdb_in/3_pentyl.log,151,<rdkit.Chem.rdchem.Mol object at 0x7fe2d7ac7370>
FC(C(F)(F)F)(C(F)(F)O)F,C3HF7O,OC(F)(F)C(F)(F)C(F)(F)F,c3f7oh,/qchem_data/log_to_pdb_in/c3f7oh.log,152,<rdkit.Chem.rdchem.Mol object at 0x7fe2d7ac7450>
FC(=C)C(C(C(C(C(F)(F)F)(F)F)(F)F)(F)F)(F)F,C7H2F12,C=C(F)C(F)(F)C(F)(F)C(F)(F)C(F)(F)C(F)(F)F,61_heptene,/qchem_data/log_to_pdb_in/61_heptene.log,153,<rdkit.Chem.rdchem.Mol object at 0x7fe2d7ac74c0>
[O]OC([C](C(F)(F)F)F)(F)F,C3F6O2,[O]OC(F)(F)[C](F)C(F)(F)F,c3f6o2_1st,/qchem_data/log_to_pdb_in/c3f6o2_1st.log,154,<rdkit.Chem.rdchem.Mol object at 0x7fe2d7ac7530>
F/C(=C(\C(F)(F)F)/F)/C(F)(F)F.[F],C4F9,F/C(=C(/F)C(F)(F)F)C(F)(F)F.[F],c4_sec_sec_rad_isots,/qchem_data/log_to_pdb_in/c4_sec_sec_rad_isots.log,155,<rdkit.Chem.rdchem.Mol object at 0x7fe2d7ac75a0>
FC(C(C(C(F)(F)F)(F)F)(F)F)(S(O)([O])[O])F,C4HF9O3S,O=S(=O)(O)C(F)(F)C(F)(F)C(F)(F)C(F)(F)F,pfbs,/qchem_data/log_to_pdb_in/pfbs.log,156,<rdkit.Chem.rdchem.Mol object at 0x7fe2d7ac73e0>
F[C]([C@@](C(F)(F)F)(F)O)F,C3HF6O,O[C@](F)([C](F)F)C(F)(F)F,hfp_2oh,/qchem_data/log_to_pdb_in/hfp_2oh.log,157,<rdkit.Chem.rdchem.Mol object at 0x7fe2d7ac7610>
CCC(C(C(C(C(F)(F)F)(F)F)(F)F)(F)F)(F)F,C7H5F11,CCC(F)(F)C(F)(F)C(F)(F)C(F)(F)C(F)(F)F,52rh,/qchem_data/log_to_pdb_in/52rh.log,158,<rdkit.Chem.rdchem.Mol object at 0x7fe2d7ac7680>
[CH2]F,CH2F,[CH2]F,ch2F,/qchem_data/log_to_pdb_in/ch2F.log,159,<rdkit.Chem.rdchem.Mol object at 0x7fe2d7ac7760>
F[C](C([C](F)F)(F)F)F,C3F6,F[C](F)C(F)(F)[C](F)F,cpropane_intts_prod,/qchem_data/log_to_pdb_in/cpropane_intts_prod.log,160,<rdkit.Chem.rdchem.Mol object at 0x7fe2d7ac77d0>
FC(=C)C(F)(F)F,C3H2F4,C=C(F)C(F)(F)F,21_propene,/qchem_data/log_to_pdb_in/21_propene.log,161,<rdkit.Chem.rdchem.Mol object at 0x7fe2d7ac76f0>
OC(=O)C(C(F)(F)F)(F)F,C3HF5O2,O=C(O)C(F)(F)C(F)(F)F,pfpra,/qchem_data/log_to_pdb_in/pfpra.log,162,<rdkit.Chem.rdchem.Mol object at 0x7fe2d7ac7840>
[OH],HO,[OH],oh,/qchem_data/log_to_pdb_in/oh.log,163,<rdkit.Chem.rdchem.Mol object at 0x7fe2d7ac78b0>
FC(C(C(F)(F)F)(F)F)F,C3HF7,FC(F)C(F)(F)C(F)(F)F,propane1H,/qchem_data/log_to_pdb_in/propane1H.log,164,<rdkit.Chem.rdchem.Mol object at 0x7fe2d7ac7990>
FC(=C(F)F)F,C2F4,FC(F)=C(F)F,c2f4,/qchem_data/log_to_pdb_in/c2f4.log,165,<rdkit.Chem.rdchem.Mol object at 0x7fe2d7ac7a00>
CCC(C(C(F)(F)F)(F)F)(F)F,C5H5F7,CCC(F)(F)C(F)(F)C(F)(F)F,32rh,/qchem_data/log_to_pdb_in/32rh.log,166,<rdkit.Chem.rdchem.Mol object at 0x7fe2d7ac7a70>
FC(S(=O)(=O)N)(F)F,CH2F3NO2S,NS(=O)(=O)C(F)(F)F,triflate_amide,/qchem_data/log_to_pdb_in/triflate_amide.log,167,<rdkit.Chem.rdchem.Mol object at 0x7fe2d7ac7ae0>
F,HF,F,hf,/qchem_data/log_to_pdb_in/hf.log,168,<rdkit.Chem.rdchem.Mol object at 0x7fe2d7ac7920>
F[C](C(C(C(F)(F)F)(F)F)(F)F)C(C(C(F)(F)F)(F)F)(F)F,C7F15,F[C](C(F)(F)C(F)(F)C(F)(F)F)C(F)(F)C(F)(F)C(F)(F)F,4_heptyl,/qchem_data/log_to_pdb_in/4_heptyl.log,169,<rdkit.Chem.rdchem.Mol object at 0x7fe2d7ac7b50>
FC(=C)C(C(C(C(C(C(F)(F)F)(F)F)(F)F)(F)F)(F)F)(F)F,C8H2F14,C=C(F)C(F)(F)C(F)(F)C(F)(F)C(F)(F)C(F)(F)C(F)(F)F,71_octene,/qchem_data/log_to_pdb_in/71_octene.log,170,<rdkit.Chem.rdchem.Mol object at 0x7fe2d7ac7bc0>
C=CC(C(C(F)(F)F)(F)F)(F)F,C5H3F7,C=CC(F)(F)C(F)(F)C(F)(F)F,32_pentene,/qchem_data/log_to_pdb_in/32_pentene.log,171,<rdkit.Chem.rdchem.Mol object at 0x7fe2d7ac7ca0>
[O]S(C(C(C(C(C(C(F)(F)F)(F)F)(F)F)(F)F)(F)F)(F)F)(O)[O],C6HF13O3S,O=S(=O)(O)C(F)(F)C(F)(F)C(F)(F)C(F)(F)C(F)(F)C(F)(F)F,pfhxs,/qchem_data/log_to_pdb_in/pfhxs.log,172,<rdkit.Chem.rdchem.Mol object at 0x7fe2d7ac7d10>
FC(OC(=O)C(F)(F)F)F,C3HF5O2,O=C(OC(F)F)C(F)(F)F,cf2_tfa_prod,/qchem_data/log_to_pdb_in/cf2_tfa_prod.log,173,<rdkit.Chem.rdchem.Mol object at 0x7fe2d7ac7d80>
FC(=C(C(C(C(C(C(C(F)(F)F)(F)F)(F)F)(F)F)(F)F)(F)F)F)F,C8F16,FC(F)=C(F)C(F)(F)C(F)(F)C(F)(F)C(F)(F)C(F)(F)C(F)(F)F,octene,/qchem_data/log_to_pdb_in/octene.log,174,<rdkit.Chem.rdchem.Mol object at 0x7fe2d7ac7df0>
O=C=O,CO2,O=C=O,co2,/qchem_data/log_to_pdb_in/co2.log,175,<rdkit.Chem.rdchem.Mol object at 0x7fe2d7ac7f40>
F[C@H](C(F)(F)F)OC(C(C(F)(F)F)(F)F)(F)F,C5HF11O,F[C@@H](OC(F)(F)C(F)(F)C(F)(F)F)C(F)(F)F,e1,/qchem_data/log_to_pdb_in/e1.log,176,<rdkit.Chem.rdchem.Mol object at 0x7fe2d7ac7e60>
OC(=O)CCC(C(C(F)(F)F)(F)F)(F)F,C6H5F7O2,O=C(O)CCC(F)(F)C(F)(F)C(F)(F)F,33_ftca,/qchem_data/log_to_pdb_in/33_ftca.log,177,<rdkit.Chem.rdchem.Mol object at 0x7fe2d7ac7ed0>
F/C(=C(\C(C(F)(F)F)(F)F)/F)/C(F)(F)F,C5F10,F/C(=C(/F)C(F)(F)C(F)(F)F)C(F)(F)F,2_pentene,/qchem_data/log_to_pdb_in/2_pentene.log,178,<rdkit.Chem.rdchem.Mol object at 0x7fe2d7ac51c0>
FC(C(F)([O])O)(F)F,C2HF4O2,[O]C(O)(F)C(F)(F)F,tfcof_oh,/qchem_data/log_to_pdb_in/tfcof_oh.log,179,<rdkit.Chem.rdchem.Mol object at 0x7fe2d7ac7c30>
O[C](C(F)(F)F)F,C2HF4O,O[C](F)C(F)(F)F,cf3cfoh,/qchem_data/log_to_pdb_in/cf3cfoh.log,180,<rdkit.Chem.rdchem.Mol object at 0x7fe2d7acc190>
C=CC(C(F)(F)F)(F)F,C4H3F5,C=CC(F)(F)C(F)(F)F,22_butene,/qchem_data/log_to_pdb_in/22_butene.log,181,<rdkit.Chem.rdchem.Mol object at 0x7fe2d7acc120>
FC(C(C(C(C(C(F)(F)F)(F)F)(F)F)(F)F)(F)F)F,C6HF13,FC(F)C(F)(F)C(F)(F)C(F)(F)C(F)(F)C(F)(F)F,1H_hexane,/qchem_data/log_to_pdb_in/1H_hexane.log,182,<rdkit.Chem.rdchem.Mol object at 0x7fe2d7acc200>
FC(C(C(C(C(C(S(=O)(=O)N)(F)F)(F)F)(F)F)(F)F)(F)F)(F)F,C6H2F13NO2S,NS(=O)(=O)C(F)(F)C(F)(F)C(F)(F)C(F)(F)C(F)(F)C(F)(F)F,fhxsa,/qchem_data/log_to_pdb_in/fhxsa.log,183,<rdkit.Chem.rdchem.Mol object at 0x7fe2d7acc270>
CCC(C(F)(F)F)(F)F,C4H5F5,CCC(F)(F)C(F)(F)F,22rh,/qchem_data/log_to_pdb_in/22rh.log,184,<rdkit.Chem.rdchem.Mol object at 0x7fe2d7acc2e0>
C=CC(C(C(C(C(C(F)(F)F)(F)F)(F)F)(F)F)(F)F)(F)F,C8H3F13,C=CC(F)(F)C(F)(F)C(F)(F)C(F)(F)C(F)(F)C(F)(F)F,62_octene,/qchem_data/log_to_pdb_in/62_octene.log,185,<rdkit.Chem.rdchem.Mol object at 0x7fe2d7acc350>
FC(=C([C](C(F)(F)F)F)F)F,C4F7,F[C](C(F)=C(F)F)C(F)(F)F,butylallyl,/qchem_data/log_to_pdb_in/butylallyl.log,186,<rdkit.Chem.rdchem.Mol object at 0x7fe2d7acc3c0>
FC(=O)[C](F)F,C2F3O,O=C(F)[C](F)F,c2f3_o,/qchem_data/log_to_pdb_in/c2f3_o.log,187,<rdkit.Chem.rdchem.Mol object at 0x7fe2d7acc430>
F[C](C(F)(F)O)F,C2HF4O,OC(F)(F)[C](F)F,c2f4_oh,/qchem_data/log_to_pdb_in/c2f4_oh.log,188,<rdkit.Chem.rdchem.Mol object at 0x7fe2d7acc4a0>
FC(C(C(C(F)(F)F)(F)F)(F)F)(C(C(C(F)(F)F)(F)F)(F)F)F,C7F16,FC(F)(F)C(F)(F)C(F)(F)C(F)(F)C(F)(F)C(F)(F)C(F)(F)F,heptane,/qchem_data/log_to_pdb_in/heptane.log,189,<rdkit.Chem.rdchem.Mol object at 0x7fe2d7acc510>
F/C(=C(\C(C(C(C(F)(F)F)(F)F)(F)F)(F)F)/F)/C(F)(F)F,C7F14,F/C(=C(/F)C(F)(F)C(F)(F)C(F)(F)C(F)(F)F)C(F)(F)F,2_heptene,/qchem_data/log_to_pdb_in/2_heptene.log,190,<rdkit.Chem.rdchem.Mol object at 0x7fe2d7acc580>
F[C]F.O.O,CH4F2O2,F[C]F.O.O,cf2_2h2o,/qchem_data/log_to_pdb_in/cf2_2h2o.log,191,<rdkit.Chem.rdchem.Mol object at 0x7fe2d7acc5f0>
OCCC(C(C(C(F)(F)F)(F)F)(F)F)(F)F,C6H5F9O,OCCC(F)(F)C(F)(F)C(F)(F)C(F)(F)F,42ftoh,/qchem_data/log_to_pdb_in/42ftoh.log,192,<rdkit.Chem.rdchem.Mol object at 0x7fe2d7acc660>
FC(=C(C(C(C(C(F)(F)F)(F)F)(F)F)(F)F)F)F,C6F12,FC(F)=C(F)C(F)(F)C(F)(F)C(F)(F)C(F)(F)F,hexene,/qchem_data/log_to_pdb_in/hexene.log,193,<rdkit.Chem.rdchem.Mol object at 0x7fe2d7acc6d0>
FC(=C(F)F)F.F[C]F,C3F6,FC(F)=C(F)F.F[C]F,cpropane_picomplex,/qchem_data/log_to_pdb_in/cpropane_picomplex.log,194,<rdkit.Chem.rdchem.Mol object at 0x7fe2d7acc740>
FC(F)F,CHF3,FC(F)F,1H_methane,/qchem_data/log_to_pdb_in/1H_methane.log,195,<rdkit.Chem.rdchem.Mol object at 0x7fe2d7acc040>
OC(=O)C(F)(F)F,C2HF3O2,O=C(O)C(F)(F)F,tfa,/qchem_data/log_to_pdb_in/tfa.log,196,<rdkit.Chem.rdchem.Mol object at 0x7fe2d7acc7b0>
OC(C(C(C(C(C(C(C(F)(F)F)(F)F)(F)F)(F)F)(F)F)(F)F)(F)F)(F)F,C8HF17O,OC(F)(F)C(F)(F)C(F)(F)C(F)(F)C(F)(F)C(F)(F)C(F)(F)C(F)(F)F,pfooh,/qchem_data/log_to_pdb_in/pfooh.log,197,<rdkit.Chem.rdchem.Mol object at 0x7fe2d7acc820>
FC(S(=O)(=O)N)(C(F)(F)F)F,C2H2F5NO2S,NS(=O)(=O)C(F)(F)C(F)(F)F,fetsa,/qchem_data/log_to_pdb_in/fetsa.log,198,<rdkit.Chem.rdchem.Mol object at 0x7fe2d7acc900>
FC(C(C(C(C(S(=O)(=O)N)(F)F)(F)F)(F)F)(F)F)(F)F,C5H2F11NO2S,NS(=O)(=O)C(F)(F)C(F)(F)C(F)(F)C(F)(F)C(F)(F)F,fpnsa,/qchem_data/log_to_pdb_in/fpnsa.log,199,<rdkit.Chem.rdchem.Mol object at 0x7fe2d7acc970>
[O]O[C](F)F,CF2O2,[O]O[C](F)F,cf2o2_rad,/qchem_data/log_to_pdb_in/cf2o2_rad.log,200,<rdkit.Chem.rdchem.Mol object at 0x7fe2d7acc9e0>
CCC,C3H8,CCC,propane,/qchem_data/log_to_pdb_in/propane.log,201,<rdkit.Chem.rdchem.Mol object at 0x7fe2d7acca50>
F[CH]C(C(F)(F)F)(F)F,C3HF6,F[CH]C(F)(F)C(F)(F)F,cf3cf2chf,/qchem_data/log_to_pdb_in/cf3cf2chf.log,202,<rdkit.Chem.rdchem.Mol object at 0x7fe2d7accac0>
F[C]([C@](C(F)(F)F)(F)O)F,C3HF6O,O[C@@](F)([C](F)F)C(F)(F)F,hfp_2oh_1rad_prod,/qchem_data/log_to_pdb_in/hfp_2oh_1rad_prod.log,203,<rdkit.Chem.rdchem.Mol object at 0x7fe2d7accb30>
FC1(F)C(C1(F)F)(F)F,C3F6,FC1(F)C(F)(F)C1(F)F,cpropane,/qchem_data/log_to_pdb_in/cpropane.log,204,<rdkit.Chem.rdchem.Mol object at 0x7fe2d7acc890>
FC(C(F)(F)F)(C(F)(F)F)F,C3F8,FC(F)(F)C(F)(F)C(F)(F)F,c3f8,/qchem_data/log_to_pdb_in/c3f8.log,205,<rdkit.Chem.rdchem.Mol object at 0x7fe2d7accba0>
F[C@@H](C(C(F)(F)F)(F)F)C(F)(F)F,C4HF9,F[C@H](C(F)(F)F)C(F)(F)C(F)(F)F,2Hbutane,/qchem_data/log_to_pdb_in/2Hbutane.log,206,<rdkit.Chem.rdchem.Mol object at 0x7fe2d7accc10>
FC(=O)F,CF2O,O=C(F)F,cf2o,/qchem_data/log_to_pdb_in/cf2o.log,207,<rdkit.Chem.rdchem.Mol object at 0x7fe2d7acccf0>
O/C(=C(\C(F)(F)F)/F)/F.[F],C3HF6O,O/C(F)=C(/F)C(F)(F)F.[F],hfp_1oh_ts,/qchem_data/log_to_pdb_in/hfp_1oh_ts.log,208,<rdkit.Chem.rdchem.Mol object at 0x7fe2d7accd60>
F[C](C(C(C(C(F)(F)F)(F)F)(F)F)(F)F)C(C(F)(F)F)(F)F,C7F15,F[C](C(F)(F)C(F)(F)F)C(F)(F)C(F)(F)C(F)(F)C(F)(F)F,3_heptyl,/qchem_data/log_to_pdb_in/3_heptyl.log,209,<rdkit.Chem.rdchem.Mol object at 0x7fe2d7accdd0>
FC(=C)C(C(C(C(F)(F)F)(F)F)(F)F)(F)F,C6H2F10,C=C(F)C(F)(F)C(F)(F)C(F)(F)C(F)(F)F,51_hexene,/qchem_data/log_to_pdb_in/51_hexene.log,210,<rdkit.Chem.rdchem.Mol object at 0x7fe2d7acce40>
OC(=O)CNS(=O)(=O)C(C(C(C(F)(F)F)(F)F)(F)F)(F)F,C6H4F9NO4S,O=C(O)CNS(=O)(=O)C(F)(F)C(F)(F)C(F)(F)C(F)(F)F,nmefosaa,/qchem_data/log_to_pdb_in/nmefosaa.log,211,<rdkit.Chem.rdchem.Mol object at 0x7fe2d7acceb0>
F[C]F,CF2,F[C]F,cf2,/qchem_data/log_to_pdb_in/cf2.log,212,<rdkit.Chem.rdchem.Mol object at 0x7fe2d7accf20>
F[C](F)F,CF3,F[C](F)F,cf3,/qchem_data/log_to_pdb_in/cf3.log,213,<rdkit.Chem.rdchem.Mol object at 0x7fe2d7accf90>
FC([C](F)F)F,C2HF4,F[C](F)C(F)F,cf2hcf2,/qchem_data/log_to_pdb_in/cf2hcf2.log,214,<rdkit.Chem.rdchem.Mol object at 0x7fe2d7acd000>
[O]S(CCC(C(C(C(C(C(F)(F)F)(F)F)(F)F)(F)F)(F)F)(F)F)([O])O,C8H5F13O3S,O=S(=O)(O)CCC(F)(F)C(F)(F)C(F)(F)C(F)(F)C(F)(F)C(F)(F)F,62_fts,/qchem_data/log_to_pdb_in/62_fts.log,215,<rdkit.Chem.rdchem.Mol object at 0x7fe2d7acd070>
NS(=O)(=O)CCC(C(C(C(C(C(F)(F)F)(F)F)(F)F)(F)F)(F)F)(F)F,C8H6F13NO2S,NS(=O)(=O)CCC(F)(F)C(F)(F)C(F)(F)C(F)(F)C(F)(F)C(F)(F)F,62_ftsa,/qchem_data/log_to_pdb_in/62_ftsa.log,216,<rdkit.Chem.rdchem.Mol object at 0x7fe2d7acd0e0>
FC(C(F)(F)F)(F)F,C2F6,FC(F)(F)C(F)(F)F,c2f6,/qchem_data/log_to_pdb_in/c2f6.log,217,<rdkit.Chem.rdchem.Mol object at 0x7fe2d7acd150>
FC(=O)[C](C(F)(F)F)F,C3F5O,O=C(F)[C](F)C(F)(F)F,c3f5co,/qchem_data/log_to_pdb_in/c3f5co.log,218,<rdkit.Chem.rdchem.Mol object at 0x7fe2d7acd1c0>
F[C](C(C([C](F)F)(F)F)(F)F)F,C4F8,F[C](F)C(F)(F)C(F)(F)[C](F)F,cbutane_diradical,/qchem_data/log_to_pdb_in/cbutane_diradical.log,219,<rdkit.Chem.rdchem.Mol object at 0x7fe2d7acd230>
[O],O,[O],o,/qchem_data/log_to_pdb_in/o.log,220,<rdkit.Chem.rdchem.Mol object at 0x7fe2d7accc80>
