Molecule,a0,a1,a2,a3,a4,S
1H_butane,7.38406918946341,0.1577114915322165,-0.0001492866132044,6.614968903428869e-08,-1.113786300447903e-11,108.498
1H_decane,17.975199405756136,0.3870672281704129,-0.0003773739256687,1.705824790936845e-07,-2.913537604903865e-11,193.248
1H_dodecane,21.373009604873552,0.4639564349647418,-0.0004539477422089,2.0568420695477385e-07,-3.519027729197137e-11,220.307
1H_ethane,4.121966597885391,0.0803993491004098,-7.214420102211981e-05,3.071256448175594e-08,-5.012632460645144e-12,79.742
1H_heptane,12.77172028751328,0.2720442978196902,-0.0002628789696262,1.181192226858188e-07,-2.0088560195908688e-11,150.756
1H_hexane,10.97037601738434,0.2339539136635489,-0.0002250337221582,1.0080223313752648e-07,-1.7105558502194628e-11,136.859
1H_methane,2.85239519879071,0.0402216063287437,-3.145320247035954e-05,1.1785393410550138e-08,-1.7077774411677386e-12,62.105
1H_nonane,16.009968614494742,0.349467552113992,-0.0003401188461112,1.535769878119755e-07,-2.621194957846128e-11,178.224
1H_octane,14.242193324627676,0.3112964271749545,-0.0003021959959958,1.3622624077151585e-07,-2.3223529675815087e-11,164.189
1H_pentane,9.372014368803455,0.1951794546863088,-0.000186344759304,8.304113683037453e-08,-1.4038436951356495e-11,123.173
1H_propane,5.930260749527399,0.1184566386220276,-0.0001099919163503,4.80603827262932e-08,-8.006851053417991e-12,95.577
1H_undecane,19.678133962901207,0.4254068506456538,-0.0004154802568927,1.880230856469384e-07,-3.21400541798054e-11,206.63
1_butane,7.493569244232579,0.1597810318595407,-0.0001548861538629,7.016141204296503e-08,-1.203018215797418e-11,110.036
1_octane_alpha_prod_prod_ene,13.3728613034138,0.2516936210094194,-0.0002480392371653,1.1297977929552949e-07,-1.9411312993875822e-11,147.337
1_pentane,9.225470778279773,0.1981209700913346,-0.0001930493686351,8.764861628685995e-08,-1.5045697032898698e-11,123.694
21_propene,2.3417465383642364,0.0943197733050446,-8.655178975103705e-05,3.8156233993381976e-08,-6.450262615993208e-12,80.046
22_butene,3.4079938533786893,0.1229896487596541,-0.0001091134657063,4.683687139088078e-08,-7.756250442723668e-12,90.774
22_fts,5.807246737315348,0.1847962378205838,-0.0001631384914755,6.983409953253589e-08,-1.1540136849909149e-11,116.653
22_ftsa,4.898185317695491,0.1924474210488535,-0.0001676286841213,7.135801055275732e-08,-1.1768007108638523e-11,117.547
22ftoh,5.320870540719863,0.1360153345302996,-0.0001083903477121,4.252355765734053e-08,-6.534367731831827e-12,100.024
22rh,3.920293695239843,0.1255665774314053,-9.804680647947508e-05,3.793246915207192e-08,-5.7819724354145695e-12,92.757
23_ftca,3.837466756354551,0.1667709008781516,-0.0001389346158866,5.6651685593885794e-08,-9.000774903868269e-12,110.951
2_butene,7.160620908142063,0.1401543598803089,-0.0001376437975562,6.256001608440697e-08,-1.0733003273421848e-11,106.056
2_heptene,12.66640994509657,0.2538043772204745,-0.0002502559078951,1.1397981729708073e-07,-1.9576161643078002e-11,149.607
2_hexene,10.874696976335407,0.2155766518436122,-0.0002122031626382,9.65484071209202e-08,-1.6571492766368258e-11,135.252
2_octene,14.264344269403669,0.2925394062257269,-0.0002888833707958,1.3170816620097246e-07,-2.263750102249345e-11,162.827
2_pentene,9.12096814702491,0.177415881735726,-0.0001743326209486,7.92377694172698e-08,-1.3592086101450864e-11,119.983
31_butene,4.192346980118647,0.1320171432768797,-0.0001238194563601,5.515212875552522e-08,-9.371403337221392e-12,95.363
32_fts,7.323904463367576,0.2237744659660565,-0.000202038383001,8.76924606598533e-08,-1.462382735801964e-11,132.058
32_ftsa,6.524234729420646,0.2311925131761979,-0.0002063003930886,8.91138440603e-08,-1.4834533066167426e-11,132.862
32_pentene,5.098852191277878,0.161402569781818,-0.0001473223003759,6.433229149714364e-08,-1.0771169603070987e-11,105.826
32ftoh,7.154156077220845,0.1736395897658248,-0.0001453773355126,5.931700082240792e-08,-9.411945354873523e-12,118.367
32rh,5.750247243588184,0.1636010979897926,-0.000135829012802,5.521017856985668e-08,-8.755928201669411e-12,108.8
33_ftca,5.659241230646331,0.2047937995630486,-0.0001766753256552,7.3899374957146e-08,-1.1967973343939338e-11,127.082
41_pentene,5.915016292353533,0.1703453699835309,-0.0001619375159789,7.26064102130737e-08,-1.2379763104742936e-11,110.395
42_fts,8.987956527421773,0.262300050020243,-0.0002404019126724,1.0527683045813465e-07,-1.765682422259479e-11,145.438
42_ftsa,8.219299786424456,0.2695088331275519,-0.0002443501454258,1.0651731606428753e-07,-1.783147255703523e-11,146.033
42_hexene,6.862699442493423,0.199691414286846,-0.0001854346864862,8.179368215361655e-08,-1.3781794896630619e-11,119.976
42ftoh,8.723085964682914,0.2124770968085383,-0.0001841296603829,7.710816615962939e-08,-1.2484460297755031e-11,128.552
42rh,7.315982117888524,0.2024550703743129,-0.0001746044241648,7.301528294262367e-08,-1.1831459505512153e-11,121.66
43_ftca,7.284914894486452,0.2434879834619339,-0.0002152775399374,9.16201329554483e-08,-1.5028340867887324e-11,140.153
51_hexene,7.684641511097611,0.2085578962230276,-0.0001999209470716,8.998678607798267e-08,-1.537309152254767e-11,124.024
52_fts,10.630282816373384,0.3009399731397337,-0.0002789387640839,1.2296340302129064e-07,-2.0710662124638078e-11,158.744
52_ftsa,9.821119700409357,0.3083135081359293,-0.000283113059279,1.243313679084908e-07,-2.0910688558500768e-11,159.276
52_heptene,8.74416186527076,0.2375213444795018,-0.0002229454721359,9.892544162252209e-08,-1.672801621914364e-11,134.235
52ftoh,10.61272633126064,0.2502700294529325,-0.0002215933249023,9.42162576125066e-08,-1.542654889151538e-11,143.165
52rh,9.103303296430154,0.2406088988280466,-0.0002125301177524,9.037354386635277e-08,-1.482193948484524e-11,135.866
53_ftca,8.896583597652922,0.2822807699380129,-0.000254021576925,1.094199947368737e-07,-1.8104086694266173e-11,153.887
61_heptene,9.332306910778792,0.2472480106585936,-0.0002385518764194,1.0773084784817661e-07,-1.843859369115626e-11,137.792
62_fts,12.421547328562395,0.339139911751346,-0.0003169508814028,1.403747306437316e-07,-2.3712040931533317e-11,173.151
62_ftsa,11.63937950129576,0.3464801285184133,-0.0003211056286171,1.4173654418302056e-07,-2.391120399143116e-11,173.914
62_octene,10.416240230837488,0.2760398647283327,-0.000261317020771,1.1652063016455933e-07,-1.976410161022256e-11,147.991
62ftab,7.121442421315708,0.5284971310944042,-0.0004210595029842,1.6560200649540614e-07,-2.5582138578262382e-11,224.933
62ftoh,12.145977560420336,0.2893016220941332,-0.000260629066756,1.1217108484224176e-07,-1.8532069244834235e-11,156.237
62rh,10.821426290184837,0.2789970673044673,-0.0002507493212453,1.0788808045072049e-07,-1.7842329318571704e-11,149.636
71_octene,11.22134874552608,0.2850525117158869,-0.0002760403449499,1.24856761559818e-07,-2.138485337111473e-11,152.357
butane1H,7.383311999909038,0.1576008534660111,-0.0001490844071192,6.602748922191552e-08,-1.1113370706949627e-11,108.467
butene,8.245007803052955,0.1365296231778796,-0.0001334508168129,6.04940268543253e-08,-1.0363669745761854e-11,104.397
butene_2OH,8.378730550292337,0.1619795015727467,-0.0001597938655211,7.321542723631614e-08,-1.2649749428720527e-11,112.352
butene_OH,8.959402291714554,0.1609161239230707,-0.0001589482887988,7.28881703966294e-08,-1.259953384074122e-11,115.924
butylallyl,9.49906231274021,0.1198428199987873,-0.0001169911210188,5.2971530536553446e-08,-9.066852527136088e-12,106.349
c2f4,5.723836532714533,0.0581708732103092,-5.624121184826181e-05,2.547162119136198e-08,-4.3786424222901816e-12,74.103
c2f4h2o_prod,4.0756331190478745,0.0887524266718833,-7.970445919605105e-05,3.4403272389962734e-08,-5.703065404091736e-12,80.946
c2f4o,5.197189387774944,0.0731912692169911,-7.051647566343251e-05,3.1673686247343926e-08,-5.3930169057382846e-12,79.898
c2f5,5.126862074618703,0.0761699409901251,-7.472982954374523e-05,3.383642334077118e-08,-5.778689249212235e-12,81.39
c2f5h,4.129611776173398,0.0802348105457056,-7.186493208948959e-05,3.054852988457892e-08,-4.980268346379767e-12,79.7
c2f6,4.476892359363664,0.0926861007736898,-9.188297424113018e-05,4.19637804326324e-08,-7.2171462998913575e-12,79.456
c2h6,3.391294680206248,0.0298038732713638,3.7595254511510974e-06,-1.0446543765710706e-08,2.747691873807944e-12,54.42
c3f6,7.1379148763408,0.1005081152684225,-9.953339131873784e-05,4.539164934742912e-08,-7.795170059102818e-12,91.805
c3f7oh,6.873570828887734,0.1370770148151572,-0.0001347643591965,6.163355423021685e-08,-1.06348463484973e-11,101.529
c4f9oh,8.324528921666516,0.176338814508862,-0.0001740599203484,7.971935802449536e-08,-1.3764540015011507e-11,113.675
c5_prim_sec_rad_isots,12.771154589174229,0.1790306576113815,-0.0001769148764045,8.085343000128815e-08,-1.3937364081114904e-11,125.816
c5_rad,10.360813811759852,0.1914316901220216,-0.0001897908472676,8.66966756441822e-08,-1.4914406271414128e-11,124.796
c5f11oh,10.013573745801825,0.2148564938398554,-0.0002124538851029,9.73300109759662e-08,-1.6803629344198435e-11,127.614
c6f13oh,11.677576309714162,0.2533996238315108,-0.0002508541275867,1.1493868119786915e-07,-1.9841864840751767e-11,141.328
c7_secondary_rad,14.118590391465547,0.2672602520452729,-0.0002651025492411,1.2113362707065168e-07,-2.084172007291243e-11,157.129
cbutane_diradical,9.975742362097405,0.134123481379306,-0.0001313504308035,5.9394287620090246e-08,-1.0133762628457944e-11,107.897
cf2,5.392278831869168,0.0171116145856154,-1.4173362657306102e-05,5.383422228986337e-09,-7.711961826348944e-13,58.933
cf2coho,6.657932399281847,0.0609254644007386,-5.53144596183828e-05,2.4183561839412647e-08,-4.061286326207347e-12,78.453
cf2h,4.406748583768516,0.0238463553999011,-1.6161335259533392e-05,5.099387751986307e-09,-5.941075945962111e-13,61.225
cfo,6.205111043482166,0.0127270307234274,-9.076542683054318e-06,3.0594421377398154e-09,-3.961361082247449e-13,59.492
ch2F,5.941014730351647,0.0146022859255427,-6.343812536822349e-06,1.007435304129869e-09,1.493408395944174e-14,56.44
ch3,7.163181378199127,0.0071891247890276,8.918304898681767e-07,-1.6497179269456563e-09,3.443243819090683e-13,47.906
co,7.199149955737092,-0.0022308009753655,5.640240886013035e-06,-3.4591729257553047e-09,6.845256637698591e-13,47.228
epoxide,2.756813374388477,0.0814340663923909,-7.993647818115471e-05,3.6265508824833535e-08,-6.208103031270841e-12,76.054
fbsa,11.233976754029218,0.2212467679037711,-0.0002190578343242,1.0109278611552145e-07,-1.7593383214125148e-11,131.185
fetsa,7.802376168428759,0.1444165355017116,-0.0001425113459242,6.598783450135275e-08,-1.1535235348626475e-11,104.167
fhpsa,16.036830768267567,0.3374309383168956,-0.0003348602390888,1.5420824628590794e-07,-2.6759698377038268e-11,172.271
fhxsa,14.380692883526669,0.2988235310706864,-0.0002963570531413,1.3653788529014013e-07,-2.3708758610400144e-11,158.234
fosa,17.75797845931156,0.3757842186481853,-0.0003730243723886,1.7169070272898893e-07,-2.9773629246347355e-11,185.925
fprsa,9.45826489299543,0.1830565152107366,-0.0001810825642924,8.370512581478796e-08,-1.4596628350516788e-11,117.125
frd_903,10.096119791503163,0.2524467500688417,-0.0002467900961076,1.1210462724191917e-07,-1.923517596626512e-11,143.633
heptane,13.078371503984728,0.2843136316841613,-0.0002824079568595,1.2917981656337653e-07,-2.2244920909211528e-11,153.809
heptene,13.3728613034138,0.2516936210094194,-0.0002480392371653,1.1297977929552949e-07,-1.9411312993875822e-11,147.337
hexane,11.36041783847009,0.245965834262878,-0.0002442577144578,1.1170557016824565e-07,-1.9232415457611588e-11,139.809
hexene,11.802131555542086,0.2128230586691842,-0.0002092196014268,9.51424955349913e-08,-1.6328373614480767e-11,134.199
n_octane_twisted,14.413157049087893,0.3239845845725801,-0.0003222316965594,1.4755408198259112e-07,-2.5430860403877427e-11,166.526
nmefosaa,11.743165082742244,0.2761325379745185,-0.0002575414774578,1.1408121248005432e-07,-1.9286994227459994e-11,153.137
octene,15.173640145048608,0.2898349585657109,-0.0002859653836939,1.303420330620399e-07,-2.2402984709475208e-11,161.734
pentane,9.792937187575015,0.2070314304717537,-0.0002053310861414,9.380455289559209e-08,-1.613666025078256e-11,126.598
pentene,10.062861082200296,0.174482009155639,-0.0001710543626192,7.765754443852852e-08,-1.3314045772698711e-11,119.442
pfba,7.489788563220455,0.1597912947615911,-0.0001548979581168,7.016762864296534e-08,-1.2031378515989348e-11,110.045
pfbal,8.786954595395752,0.1492651538054817,-0.0001460046874743,6.618541794493947e-08,-1.1334509695533592e-11,109.973
pfbcof,8.787690928186015,0.1492684593389727,-0.0001460142426034,6.619258359290236e-08,-1.1336160683472747e-11,109.982
pfboh,8.272997567917349,0.1763991773536528,-0.0001740666667296,7.971273780908929e-08,-1.3763303616996846e-11,113.586
pfbs,11.175451613922124,0.2151905395736574,-0.0002154171878263,9.967282718542152e-08,-1.7343868508280523e-11,129.892
pfeoh,4.689930424748097,0.1002867179739682,-9.857969050371576e-05,4.5230831366243e-08,-7.832421056110529e-12,84.568
pfets,7.862285706798313,0.137698272220388,-0.0001379024102106,6.402323698800161e-08,-1.1179606579069256e-11,101.57
pfhpa,12.70508898105532,0.2747321723227347,-0.0002692684761412,1.2255779171066108e-07,-2.1063261031977696e-11,151.734
pfhpcof,14.076195149618828,0.2639467230947818,-0.0002600411704231,1.1839317072559432e-07,-2.033076142494827e-11,151.871
pfhpoh,13.374386518114134,0.2917423438002807,-0.0002889508833926,1.3238171561872633e-07,-2.2849505893445288e-11,155.321
pfhps,16.25193058119431,0.3303940777077436,-0.0003300072083536,1.521614601146677e-07,-2.6394053866114388e-11,172.057
pfhxa,10.972772126285756,0.2364199195062641,-0.0002311604975987,1.0510699697278997e-07,-1.80556456689742e-11,137.721
pfhxcof,12.286144381573434,0.2258070748030728,-0.0002221378930417,1.0104878085264509e-07,-1.7343210165884412e-11,137.548
pfhxoh,11.62620439403636,0.2534576844207423,-0.0002508630988926,1.149375705457818e-07,-1.984260234932316e-11,141.242
pfhxs,14.784680539557051,0.2911841335631415,-0.0002907671501903,1.3410139699583138e-07,-2.326870472922478e-11,158.459
pfoa,14.427269217785003,0.3131042276921948,-0.000307473029139,1.400675413880828e-07,-2.408328563764171e-11,165.667
pfocof,14.07985043949594,0.263934412770236,-0.0002600234956185,1.1838220223768104e-07,-2.032837804931797e-11,151.881
pfooh,14.7737165394826,0.331207776686553,-0.0003285247932516,1.5062507943848146e-07,-2.601074089932573e-11,168.239
pfos,18.35711702651741,0.3677531466782219,-0.0003670966460106,1.691069388753431e-07,-2.930783897473263e-11,187.095
pfpeoh,9.963710602846044,0.2149149462796634,-0.0002124645865249,9.73291889147161e-08,-1.6804191395478626e-11,127.536
pfpes,12.939739028563237,0.2532334534379588,-0.0002531019400487,1.1688468305939828e-07,-2.0305697219308108e-11,144.31
pfpna,9.224511027761007,0.1981218622568973,-0.0001930484173576,8.764737694549918e-08,-1.5045338528675738e-11,123.69
pfpncof,10.495908352523218,0.1876582795564382,-0.0001842154772806,8.369106872955596e-08,-1.4352591193132655e-11,123.371
pfpra,5.728546176402996,0.1215604564572279,-0.0001168779656448,5.275777981835216e-08,-9.030624705888132e-12,96.242
pfprcof,7.0148243117019335,0.1110996362203989,-0.0001080794275804,4.882966255229891e-08,-8.344492248947182e-12,95.56
pfproh,6.821369217510665,0.1371477730416083,-0.0001347893173583,6.163925248705126e-08,-1.0636445956086164e-11,101.574
pfprs,9.535703323106588,0.1763362593424761,-0.0001765000510078,8.176176860081437e-08,-1.4245847095444419e-11,116.915
propene,4.419075506604137,0.0990532460372677,-9.661224247691698e-05,4.377189385336877e-08,-7.500273806484052e-12,84.441
tfa,1.851971398159044,0.0837956561454363,-7.941703069637973e-05,3.5630312191569434e-08,-6.081285199096253e-12,75.177
tfcof,5.196921590087837,0.0731933327006083,-7.052360749770386e-05,3.167966999898283e-08,-5.3944928003989216e-12,79.91
triflate_amide,5.7570880742574255,0.1070586234333671,-0.0001055108809212,4.910184602034652e-08,-8.632822716268574e-12,87.728
triflic,6.095603228031632,0.0997487298140731,-0.0001003925537819,4.6933979131390624e-08,-8.246251803791699e-12,87.01
