Molecule,IUPAC,sp2 Pair Count C-C,sp2 Pair Count C-O,sp2 Pair Count O-O,sp2 Total Count,sp3 Pair Count C-C,sp3 Pair Count C-F,sp3 Pair Count C-H,sp3 Pair Count C-O,sp3 Pair Count F-H,sp3 Pair Count H-O,sp3 Pair Count O-O,sp3 Total Count,Num. Atoms C,Num. Atoms F,Num. Atoms H,Num. Atoms O,SMILES,Torsions Number of Rot. Bonds,a0,a1,a2,a3,a4,H_f_0K,S(300K)
cf3oh,CHF3O,0.0,0.0,0.0,0.0,0.0,3.0,0.0,1.0,0.0,1.0,0.0,5.0,1.0,3.0,1.0,1.0,OC(F)(F)F,0,2.5913,0.063256,-6.1923e-05,2.8452e-08,-4.9353e-12,-211.99,69.302
1H_ethane,C2HF5,0.0,0.0,0.0,0.0,1.0,5.0,1.0,0.0,0.0,0.0,0.0,7.0,2.0,5.0,1.0,0.0,FC(F)C(F)(F)F,0,4.1218,0.080399,-7.2144e-05,3.0713e-08,-5.0126e-12,0.0,79.742
c2_rad,C2F5,0.0,0.0,0.0,0.0,1.0,5.0,0.0,0.0,0.0,0.0,0.0,6.0,2.0,5.0,0.0,0.0,F[C](F)C(F)(F)F,0,5.8156,0.073558,-7.1129e-05,3.1771e-08,-5.3613e-12,-213.0,81.437321
allene,C3F4,2.0,0.0,0.0,2.0,0.0,4.0,0.0,0.0,0.0,0.0,0.0,4.0,3.0,4.0,0.0,0.0,FC(F)=C=C(F)F,0,6.1059,0.069647,-6.6678e-05,2.9971e-08,-5.1212e-12,-119.08,81.873
cho2h,CH2O2,0.0,1.0,0.0,1.0,0.0,0.0,1.0,1.0,0.0,1.0,0.0,3.0,1.0,0.0,2.0,2.0,O=CO,0,3.6706,0.02813,-1.5848e-05,4.0187e-09,-3.2562e-13,-88.67,59.346
cf3ccf2,C3F5,1.0,0.0,0.0,1.0,1.0,5.0,0.0,0.0,0.0,0.0,0.0,6.0,3.0,5.0,0.0,0.0,FC(F)=[C]C(F)(F)F,0,10.973,0.071301,-6.6791e-05,2.9348e-08,-4.9154e-12,-160.82,90.468
epoxide,C2F4O,0.0,0.0,0.0,0.0,1.0,4.0,0.0,2.0,0.0,0.0,0.0,7.0,2.0,4.0,0.0,1.0,FC1(F)OC1(F)F,0,2.7566,0.081434,-7.9936e-05,3.6265e-08,-6.2081e-12,-230.5,76.054
ch3,CH3,0.0,0.0,0.0,0.0,0.0,0.0,3.0,0.0,0.0,0.0,0.0,3.0,1.0,0.0,3.0,0.0,[CH3],0,7.1829,0.0071344,9.563e-07,-1.683e-09,3.5055e-13,35.82,50.1
cf2h,CHF2,0.0,0.0,0.0,0.0,0.0,2.0,1.0,0.0,0.0,0.0,0.0,3.0,1.0,2.0,1.0,0.0,F[CH]F,0,4.4063,0.023832,-1.6126e-05,5.074e-09,-5.884e-13,-180.46,61.224
lactone,C2F2O2,0.0,1.0,0.0,1.0,1.0,2.0,0.0,2.0,0.0,0.0,0.0,5.0,2.0,2.0,0.0,2.0,O=C1OC1(F)F,0,3.2354,0.064148,-6.2205e-05,2.8178e-08,-4.8375e-12,-139.22,71.645
cf4,CF4,0.0,0.0,0.0,0.0,0.0,4.0,0.0,0.0,0.0,0.0,0.0,4.0,1.0,4.0,0.0,0.0,FC(F)(F)F,0,2.1845,0.056239,-5.5907e-05,2.5549e-08,-4.3923e-12,-221.71,62.561
cf3cf_carbene,C2F4,0.0,0.0,0.0,0.0,1.0,4.0,0.0,0.0,0.0,0.0,0.0,5.0,2.0,4.0,0.0,0.0,F[C]C(F)(F)F,0,5.3347,0.062414,-6.1674e-05,2.8064e-08,-4.8096e-12,0.0,80.585
co,CO,0.0,1.0,0.0,1.0,0.0,0.0,0.0,0.0,0.0,0.0,0.0,0.0,1.0,0.0,0.0,1.0,[C]=O,0,7.1988,-0.0022294,5.639e-06,-3.4589e-09,6.8452e-13,-27.2,47.228
c3f6,C3F6,1.0,0.0,0.0,1.0,1.0,6.0,0.0,0.0,0.0,0.0,0.0,7.0,3.0,6.0,0.0,0.0,FC(F)=C(F)C(F)(F)F,0,6.3689,0.09903,-9.6489e-05,4.3677e-08,-7.4784e-12,-264.42,89.765305
c3f7_2nd,C3F7,0.0,0.0,0.0,0.0,2.0,7.0,0.0,0.0,0.0,0.0,0.0,9.0,3.0,7.0,0.0,0.0,F[C](C(F)(F)F)C(F)(F)F,0,7.8084,0.11084,-0.00010769,4.8276e-08,-8.1682e-12,-318.55,99.051
c3f6o2_ring,C3F6O2,0.0,0.0,0.0,0.0,2.0,6.0,0.0,2.0,0.0,0.0,1.0,11.0,3.0,6.0,0.0,2.0,FC(F)(F)[C@@]1(F)OOC1(F)F,0,4.2387,0.13347,-0.00013031,5.8702e-08,-9.9786e-12,0.0,95.386
hfp_1oh_2rad_scan,C3HF6O,1.0,0.0,0.0,1.0,1.0,6.0,0.0,0.0,0.0,1.0,0.0,8.0,3.0,6.0,1.0,1.0,FC(F)=C(F)C(F)(F)F.[OH],0,,,,,,,
cf3chf,C2HF4,0.0,0.0,0.0,0.0,1.0,4.0,1.0,0.0,0.0,0.0,0.0,6.0,2.0,4.0,1.0,0.0,F[CH]C(F)(F)F,0,,,,,,,
c2f4o,C2F4O,0.0,1.0,0.0,1.0,1.0,4.0,0.0,0.0,0.0,0.0,0.0,5.0,2.0,4.0,0.0,1.0,O=C(F)C(F)(F)F,0,5.1988,0.073197,-7.053e-05,3.1683e-08,-5.3949e-12,-248.11,79.943
f,F,0.0,0.0,0.0,0.0,0.0,0.0,0.0,0.0,0.0,0.0,0.0,0.0,0.0,1.0,0.0,0.0,[F],0,4.9682,0.0,0.0,0.0,0.0,18.47,36.176
cf2o_2h2oreact,CH4F2O3,0.0,1.0,0.0,1.0,0.0,2.0,0.0,0.0,0.0,4.0,0.0,6.0,1.0,2.0,4.0,3.0,O.O.O=C(F)F,0,16.608,0.066137,-6.2547e-05,2.9948e-08,-5.4747e-12,-275.55,97.532
cbutane,C4F8,0.0,0.0,0.0,0.0,4.0,8.0,0.0,0.0,0.0,0.0,0.0,12.0,4.0,8.0,0.0,0.0,FC1(F)C(F)(F)C(F)(F)C1(F)F,0,6.2333,0.14106,-0.00013679,6.1391e-08,-1.0415e-11,-370.51,96.448287
2_butene_ip,C4F8,1.0,0.0,0.0,1.0,2.0,8.0,0.0,0.0,0.0,0.0,0.0,10.0,4.0,8.0,0.0,0.0,F/C(=C(/F)C(F)(F)F)C(F)(F)F,0,7.1603,0.14015,-0.00013764,6.256e-08,-1.0733e-11,-379.88,106.06
cf3co,C2F3O,0.0,1.0,0.0,1.0,1.0,3.0,0.0,0.0,0.0,0.0,0.0,4.0,2.0,3.0,0.0,1.0,O=[C]C(F)(F)F,0,5.8249,0.059384,-5.8436e-05,2.6774e-08,-4.637e-12,-147.16,77.255
o2,O2,0.0,0.0,1.0,1.0,0.0,0.0,0.0,0.0,0.0,0.0,0.0,0.0,0.0,0.0,0.0,2.0,O=O,0,6.4985,0.0010753,2.0695e-06,-1.9132e-09,4.4411e-13,0.0,48.998
propene_calpha_rad,C3F5,1.0,0.0,0.0,1.0,1.0,5.0,0.0,0.0,0.0,0.0,0.0,6.0,3.0,5.0,0.0,0.0,F/[C]=C(\F)C(F)(F)F,0,,,,,,,
c3f6o,C3F6O,0.0,0.0,0.0,0.0,2.0,6.0,0.0,2.0,0.0,0.0,0.0,10.0,3.0,6.0,0.0,1.0,FC(F)(F)[C@@]1(F)OC1(F)F,0,4.2664,0.11981,-0.00011762,5.3321e-08,-9.1184e-12,-337.64,91.474
h2o,H2O,0.0,0.0,0.0,0.0,0.0,0.0,0.0,0.0,0.0,2.0,0.0,2.0,0.0,0.0,2.0,1.0,O,0,7.7961,-0.0003717,3.9034e-06,-1.9865e-09,3.1579e-13,-57.1,46.425211
chfo2,CHFO2,0.0,1.0,0.0,1.0,0.0,1.0,0.0,1.0,0.0,1.0,0.0,3.0,1.0,1.0,1.0,2.0,O=C(O)F,0,2.7681,0.043835,-3.9674e-05,1.7435e-08,-2.9453e-12,0.0,63.927
cf2_h2o_ts_react,CH2F2O,0.0,0.0,0.0,0.0,0.0,2.0,0.0,0.0,0.0,2.0,0.0,4.0,1.0,2.0,2.0,1.0,F[C]F.O,0,14.805,0.024927,-2.0714e-05,9.0626e-09,-1.556e-12,-104.47,81.788
propene_talphaF_rad,C3F5,1.0,0.0,0.0,1.0,1.0,5.0,0.0,0.0,0.0,0.0,0.0,6.0,3.0,5.0,0.0,0.0,F/[C]=C(/F)C(F)(F)F,0,,,,,,,
cf2cf,C2F3,1.0,0.0,0.0,1.0,0.0,3.0,0.0,0.0,0.0,0.0,0.0,3.0,2.0,3.0,0.0,0.0,F[C]=C(F)F,0,6.0601,0.042627,-3.9863e-05,1.7546e-08,-2.947e-12,0.0,71.369
cf3o,CF3O,0.0,0.0,0.0,0.0,0.0,3.0,0.0,1.0,0.0,0.0,0.0,4.0,1.0,3.0,0.0,1.0,[O]C(F)(F)F,0,3.3106,0.054168,-5.4285e-05,2.4952e-08,-4.3078e-12,-101.42,69.645
cof,CFO,0.0,1.0,0.0,1.0,0.0,1.0,0.0,0.0,0.0,0.0,0.0,1.0,1.0,1.0,0.0,1.0,O=[C]F,0,6.2029,0.012742,-9.094e-06,3.0673e-09,-3.974e-13,-42.21,59.494
cf2o_h2o,CH2F2O2,0.0,1.0,0.0,1.0,0.0,2.0,0.0,0.0,0.0,2.0,0.0,4.0,1.0,2.0,2.0,2.0,O.O=C(F)F,0,13.759,0.038391,-3.2525e-05,1.4095e-08,-2.3882e-12,-205.55,84.355874
cooh2,CH2O3,0.0,1.0,0.0,1.0,0.0,0.0,0.0,2.0,0.0,2.0,0.0,4.0,1.0,0.0,2.0,3.0,O=C(O)O,0,1.5339,0.053254,-4.6667e-05,2.0232e-08,-3.3924e-12,-145.57,64.209
cfho,CHFO,0.0,1.0,0.0,1.0,0.0,1.0,1.0,0.0,0.0,0.0,0.0,2.0,1.0,1.0,1.0,1.0,O=CF,0,4.9136,0.018727,-8.9371e-06,1.2606e-09,1.1759e-13,-199.45,58.965
cfo2,CFO2,0.0,1.0,0.0,1.0,0.0,1.0,0.0,1.0,0.0,0.0,0.0,2.0,1.0,1.0,0.0,2.0,[O]C(=O)F,0,3.743,0.036252,-3.4428e-05,1.517e-08,-2.5331e-12,-80.0,64.74
c4_sec_sec_rad_isots,C4F9,1.0,0.0,0.0,1.0,2.0,8.0,0.0,0.0,0.0,0.0,0.0,10.0,4.0,9.0,0.0,0.0,F/C(=C(/F)C(F)(F)F)C(F)(F)F.[F],0,,,,,,,
ch2F,CH2F,0.0,0.0,0.0,0.0,0.0,1.0,2.0,0.0,0.0,0.0,0.0,3.0,1.0,1.0,2.0,0.0,[CH2]F,0,5.88,0.01476,-6.5001e-06,1.0781e-09,2.8349e-15,-134.46,56.413
21_propene,C3H2F4,1.0,0.0,0.0,1.0,1.0,4.0,2.0,0.0,0.0,0.0,0.0,7.0,3.0,4.0,2.0,0.0,C=C(F)C(F)(F)F,0,2.3416,0.09432,-8.6552e-05,3.8156e-08,-6.4503e-12,0.0,80.045
oh,HO,0.0,0.0,0.0,0.0,0.0,0.0,0.0,0.0,0.0,1.0,0.0,1.0,0.0,0.0,1.0,1.0,[OH],0,7.075,-0.00071119,9.4987e-07,-2.5493e-11,-7.4926e-14,8.91,42.602
c2f4,C2F4,1.0,0.0,0.0,1.0,0.0,4.0,0.0,0.0,0.0,0.0,0.0,4.0,2.0,4.0,0.0,0.0,FC(F)=C(F)F,0,5.7237,0.058171,-5.6241e-05,2.5472e-08,-4.3786e-12,0.0,74.103
hf,HF,0.0,0.0,0.0,0.0,0.0,0.0,0.0,0.0,1.0,0.0,0.0,1.0,0.0,1.0,1.0,0.0,F,0,7.0265,-0.00037026,2.8603e-07,3.5144e-10,-1.431e-13,-65.18,41.525
co2,CO2,0.0,2.0,0.0,2.0,0.0,0.0,0.0,0.0,0.0,0.0,0.0,0.0,1.0,0.0,0.0,2.0,O=C=O,0,4.7791,0.016904,-1.3214e-05,5.1722e-09,-8.0625e-13,0.0,52.42
cf2_2h2o,CH4F2O2,0.0,0.0,0.0,0.0,0.0,2.0,0.0,0.0,0.0,4.0,0.0,6.0,1.0,2.0,4.0,2.0,F[C]F.O.O,0,16.729,0.054232,-5.1587e-05,2.5035e-08,-4.6257e-12,-167.11,97.532
cpropane_picomplex,C3F6,1.0,0.0,0.0,1.0,0.0,6.0,0.0,0.0,0.0,0.0,0.0,6.0,3.0,6.0,0.0,0.0,FC(F)=C(F)F.F[C]F,0,,,,,,,
1H_methane,CHF3,0.0,0.0,0.0,0.0,0.0,3.0,1.0,0.0,0.0,0.0,0.0,4.0,1.0,3.0,1.0,0.0,FC(F)F,0,2.8523,0.040222,-3.1453e-05,1.1785e-08,-1.7078e-12,0.0,62.105
tfa,C2HF3O2,0.0,1.0,0.0,1.0,1.0,3.0,0.0,1.0,0.0,1.0,0.0,6.0,2.0,3.0,1.0,2.0,O=C(O)C(F)(F)F,0,1.8518,0.083796,-7.9417e-05,3.563e-08,-6.0813e-12,0.0,75.178
cpropane,C3F6,0.0,0.0,0.0,0.0,3.0,6.0,0.0,0.0,0.0,0.0,0.0,9.0,3.0,6.0,0.0,0.0,FC1(F)C(F)(F)C1(F)F,0,6.2633,0.099252,-9.5961e-05,4.3009e-08,-7.2926e-12,-234.7,95.930591
c3f8,C3F8,0.0,0.0,0.0,0.0,2.0,8.0,0.0,0.0,0.0,0.0,0.0,10.0,3.0,8.0,0.0,0.0,FC(F)(F)C(F)(F)C(F)(F)F,0,1.9759,0.054518,-1.0129e-05,-6.9031e-09,2.4466e-12,-418.32,64.110605
cf2o,CF2O,0.0,1.0,0.0,1.0,0.0,2.0,0.0,0.0,0.0,0.0,0.0,2.0,1.0,2.0,0.0,1.0,O=C(F)F,0,3.5356,0.033932,-3.0739e-05,1.3171e-08,-2.163e-12,-144.2,61.794995
cf2,CF2,0.0,0.0,0.0,0.0,0.0,2.0,0.0,0.0,0.0,0.0,0.0,2.0,1.0,2.0,0.0,0.0,F[C]F,0,4.717,0.02003,-1.8375e-05,7.8361e-09,-1.2712e-12,-46.34,57.490866
cf3,CF3,0.0,0.0,0.0,0.0,0.0,3.0,0.0,0.0,0.0,0.0,0.0,3.0,1.0,3.0,0.0,0.0,F[C](F)F,0,3.5673,0.037178,-3.5578e-05,1.5742e-08,-2.635e-12,-111.17,65.368433
c2f6,C2F6,0.0,0.0,0.0,0.0,1.0,6.0,0.0,0.0,0.0,0.0,0.0,7.0,2.0,6.0,0.0,0.0,FC(F)(F)C(F)(F)F,0,4.4745,0.092686,-9.1877e-05,4.1959e-08,-7.2161e-12,-320.02,79.457408
o,O,0.0,0.0,0.0,0.0,0.0,0.0,0.0,0.0,0.0,0.0,0.0,0.0,0.0,0.0,0.0,1.0,[O],0,4.9682,0.0,0.0,0.0,0.0,58.997,36.469
