Molecule,IUPAC,sp2 Pair Count C-C,sp2 Pair Count C-O,sp2 Total Count,sp3 Pair Count C-C,sp3 Pair Count C-F,sp3 Pair Count C-H,sp3 Pair Count C-O,sp3 Pair Count F-H,sp3 Pair Count H-O,sp3 Pair Count O-O,sp3 Total Count,Num. Atoms C,Num. Atoms F,Num. Atoms H,Num. Atoms O,SMILES,Torsions Number of Rot. Bonds,C-C-C-C Torsions,C-C-C-F Torsions,C-C-C-H Torsions,C-C-C-O Torsions,C-C-O-C Torsions,C-C-O-H Torsions,C-C-O-O Torsions,C-O-C-C Torsions,C-O-C-F Torsions,C-O-C-H Torsions,C-O-C-O Torsions,F-C-C-C Torsions,F-C-C-F Torsions,F-C-C-H Torsions,F-C-C-O Torsions,F-C-O-C Torsions,F-C-O-H Torsions,F-C-O-O Torsions,H-C-C-C Torsions,H-C-C-F Torsions,H-C-C-H Torsions,H-C-C-O Torsions,H-C-O-C Torsions,H-C-O-H Torsions,H-O-C-C Torsions,H-O-C-F Torsions,H-O-C-O Torsions,O-C-C-C Torsions,O-C-C-F Torsions,O-C-C-H Torsions,O-C-C-O Torsions,O-C-O-C Torsions,O-C-O-H Torsions,a0,a1,a2,a3,a4,H_f_0K,S(300K)
heptane1H,C7HF15,0.0,0.0,0.0,6.0,15.0,1.0,0.0,0.0,0.0,0.0,22,7,15.0,1.0,0.0,FC(F)C(F)(F)C(F)(F)C(F)(F)C(F)(F)C(F)(F)C(F)(F)F,6,4.0,13.0,1.0,0.0,0.0,0.0,0.0,0.0,0.0,0.0,0.0,8.0,26.0,2.0,0.0,0.0,0.0,0.0,0.0,0.0,0.0,0.0,0.0,0.0,0.0,0.0,0.0,0.0,0.0,0.0,0.0,0.0,0.0,12.771,0.27204,-0.00026288,1.1812e-07,-2.0089e-11,-751.79,150.76
frd_903_cof_OH,C6HF12O3,0.0,0.0,0.0,4.0,12.0,0.0,4.0,0.0,1.0,0.0,21,6,12.0,1.0,3.0,[O]C(O)(F)[C@](F)(OC(F)(F)C(F)(F)C(F)(F)F)C(F)(F)F,7,0.0,6.0,0.0,3.0,1.0,1.0,0.0,2.0,1.0,0.0,0.0,3.0,14.0,0.0,4.0,2.0,1.0,0.0,0.0,0.0,0.0,0.0,0.0,0.0,0.0,0.0,0.0,0.0,4.0,0.0,2.0,0.0,1.0,,,,,,,
frd_903,C6HF11O3,0.0,1.0,1.0,4.0,11.0,0.0,3.0,0.0,1.0,0.0,19,6,11.0,1.0,3.0,O=C(O)[C@](F)(OC(F)(F)C(F)(F)C(F)(F)F)C(F)(F)F,7,0.0,5.0,0.0,3.0,1.0,1.0,0.0,2.0,1.0,0.0,0.0,3.0,13.0,0.0,4.0,2.0,0.0,0.0,0.0,0.0,0.0,0.0,0.0,0.0,0.0,0.0,0.0,0.0,3.0,0.0,2.0,0.0,1.0,10.06,0.25241,-0.00024666,1.1202e-07,-1.9219e-11,0.0,143.52
butene_2OH,C4HF8O,0.0,0.0,0.0,3.0,8.0,0.0,1.0,0.0,1.0,0.0,13,4,8.0,1.0,1.0,O[C@](F)([C](F)F)C(F)(F)C(F)(F)F,4,1.0,4.0,0.0,1.0,0.0,2.0,0.0,0.0,0.0,0.0,0.0,4.0,10.0,0.0,4.0,0.0,1.0,0.0,0.0,0.0,0.0,0.0,0.0,0.0,0.0,0.0,0.0,0.0,0.0,0.0,0.0,0.0,0.0,8.3784,0.16198,-0.00015979,7.3215e-08,-1.265e-11,-414.97,44.591
pfhpa,C7HF13O2,0.0,1.0,1.0,6.0,13.0,0.0,1.0,0.0,1.0,0.0,21,7,13.0,1.0,2.0,O=C(O)C(F)(F)C(F)(F)C(F)(F)C(F)(F)C(F)(F)C(F)(F)F,7,4.0,11.0,0.0,2.0,0.0,1.0,0.0,0.0,0.0,0.0,0.0,8.0,22.0,0.0,4.0,0.0,0.0,0.0,0.0,0.0,0.0,0.0,0.0,0.0,0.0,0.0,0.0,0.0,0.0,0.0,0.0,0.0,1.0,12.704,0.27473,-0.00026927,1.2256e-07,-2.1063e-11,0.0,151.73
pfhpal,C7F14O,0.0,1.0,1.0,6.0,14.0,0.0,0.0,0.0,0.0,0.0,20,7,14.0,0.0,1.0,O=C(F)C(F)(F)C(F)(F)C(F)(F)C(F)(F)C(F)(F)C(F)(F)F,6,4.0,12.0,0.0,1.0,0.0,0.0,0.0,0.0,0.0,0.0,0.0,8.0,24.0,0.0,2.0,0.0,0.0,0.0,0.0,0.0,0.0,0.0,0.0,0.0,0.0,0.0,0.0,0.0,0.0,0.0,0.0,0.0,0.0,14.026,0.26416,-0.00026033,1.1856e-07,-2.0363e-11,-723.56,151.43
pfpeoh,C5HF11O,0.0,0.0,0.0,4.0,11.0,0.0,1.0,0.0,1.0,0.0,17,5,11.0,1.0,1.0,OC(F)(F)C(F)(F)C(F)(F)C(F)(F)C(F)(F)F,5,2.0,9.0,0.0,1.0,0.0,1.0,0.0,0.0,0.0,0.0,0.0,4.0,18.0,0.0,2.0,0.0,2.0,0.0,0.0,0.0,0.0,0.0,0.0,0.0,0.0,0.0,0.0,0.0,0.0,0.0,0.0,0.0,0.0,10.013,0.21486,-0.00021245,9.733e-08,-1.6804e-11,-608.21,127.61
31_butene,C4H2F6,1.0,0.0,1.0,2.0,6.0,2.0,0.0,0.0,0.0,0.0,10,4,6.0,2.0,0.0,C=C(F)C(F)(F)C(F)(F)F,2,1.0,4.0,0.0,0.0,0.0,0.0,0.0,0.0,0.0,0.0,0.0,2.0,8.0,0.0,0.0,0.0,0.0,0.0,0.0,0.0,0.0,0.0,0.0,0.0,0.0,0.0,0.0,0.0,0.0,0.0,0.0,0.0,0.0,4.1921,0.13202,-0.00012382,5.5152e-08,-9.3714e-12,0.0,95.365
pentane,C5F12,0.0,0.0,0.0,4.0,12.0,0.0,0.0,0.0,0.0,0.0,16,5,12.0,0.0,0.0,FC(F)(F)C(F)(F)C(F)(F)C(F)(F)C(F)(F)F,4,2.0,7.0,0.0,0.0,0.0,0.0,0.0,0.0,0.0,0.0,0.0,7.0,20.0,0.0,0.0,0.0,0.0,0.0,0.0,0.0,0.0,0.0,0.0,0.0,0.0,0.0,0.0,0.0,0.0,0.0,0.0,0.0,0.0,9.7925,0.20703,-0.00020533,9.3804e-08,-1.6137e-11,-615.05,126.598051
1_pentane,C5HF9O2,0.0,1.0,1.0,4.0,9.0,0.0,1.0,0.0,1.0,0.0,15,5,9.0,1.0,2.0,O=C(O)C(F)(F)C(F)(F)C(F)(F)C(F)(F)F,5,2.0,7.0,0.0,2.0,0.0,1.0,0.0,0.0,0.0,0.0,0.0,4.0,14.0,0.0,4.0,0.0,0.0,0.0,0.0,0.0,0.0,0.0,0.0,0.0,0.0,0.0,0.0,0.0,0.0,0.0,0.0,0.0,1.0,9.2229,0.19813,-0.00019306,8.7656e-08,-1.5047e-11,-529.33,123.69
c5_secondary_rad,C5F11,0.0,0.0,0.0,4.0,11.0,0.0,0.0,0.0,0.0,0.0,15,5,11.0,0.0,0.0,F[C](C(F)(F)F)C(F)(F)C(F)(F)C(F)(F)F,4,2.0,9.0,0.0,0.0,0.0,0.0,0.0,0.0,0.0,0.0,0.0,4.0,15.0,0.0,0.0,0.0,0.0,0.0,0.0,0.0,0.0,0.0,0.0,0.0,0.0,0.0,0.0,0.0,0.0,0.0,0.0,0.0,0.0,10.623,0.19066,-0.00018888,8.6216e-08,-1.4822e-11,-515.44,129.45
hfp_1oh_2rad_scanhf,C3HF6O,0.0,1.0,1.0,2.0,5.0,0.0,0.0,1.0,0.0,0.0,8,3,6.0,1.0,1.0,F.O=C(F)[C](F)C(F)(F)F,2,0.0,1.0,0.0,1.0,0.0,0.0,0.0,0.0,0.0,0.0,0.0,3.0,4.0,0.0,1.0,0.0,0.0,0.0,0.0,0.0,0.0,0.0,0.0,0.0,0.0,0.0,0.0,0.0,0.0,0.0,0.0,0.0,0.0,,,,,,,
1_propyl,C3F7,0.0,0.0,0.0,2.0,7.0,0.0,0.0,0.0,0.0,0.0,9,3,7.0,0.0,0.0,F[C](F)C(F)(F)C(F)(F)F,2,0.0,2.0,0.0,0.0,0.0,0.0,0.0,0.0,0.0,0.0,0.0,3.0,10.0,0.0,0.0,0.0,0.0,0.0,0.0,0.0,0.0,0.0,0.0,0.0,0.0,0.0,0.0,0.0,0.0,0.0,0.0,0.0,0.0,6.2485,0.11815,-0.00011889,5.5103e-08,-9.604e-12,-312.05,96.543888
pfeoh,C2HF5O,0.0,0.0,0.0,1.0,5.0,0.0,1.0,0.0,1.0,0.0,8,2,5.0,1.0,1.0,OC(F)(F)C(F)(F)F,2,0.0,0.0,0.0,0.0,0.0,1.0,0.0,0.0,0.0,0.0,0.0,0.0,6.0,0.0,3.0,0.0,2.0,0.0,0.0,0.0,0.0,0.0,0.0,0.0,0.0,0.0,0.0,0.0,0.0,0.0,0.0,0.0,0.0,4.7496,0.1002,-9.8541e-05,4.522e-08,-7.8301e-12,-315.65,84.634
41_pentene,C5H2F8,1.0,0.0,1.0,3.0,8.0,2.0,0.0,0.0,0.0,0.0,13,5,8.0,2.0,0.0,C=C(F)C(F)(F)C(F)(F)C(F)(F)F,3,2.0,6.0,0.0,0.0,0.0,0.0,0.0,0.0,0.0,0.0,0.0,4.0,12.0,0.0,0.0,0.0,0.0,0.0,0.0,0.0,0.0,0.0,0.0,0.0,0.0,0.0,0.0,0.0,0.0,0.0,0.0,0.0,0.0,5.9147,0.17035,-0.00016194,7.2606e-08,-1.238e-11,0.0,110.4
c2f4o2,C2F4O2,0.0,0.0,0.0,1.0,4.0,0.0,1.0,0.0,0.0,1.0,7,2,4.0,0.0,2.0,[O]OC(F)(F)[C](F)F,2,0.0,0.0,0.0,0.0,0.0,0.0,1.0,0.0,0.0,0.0,0.0,0.0,4.0,0.0,2.0,0.0,0.0,2.0,0.0,0.0,0.0,0.0,0.0,0.0,0.0,0.0,0.0,0.0,0.0,0.0,0.0,0.0,0.0,7.0756,0.085872,-8.4612e-05,3.8465e-08,-6.5923e-12,-145.69,88.684
22ftoh,C4H5F5O,0.0,0.0,0.0,3.0,5.0,4.0,1.0,0.0,1.0,0.0,14,4,5.0,5.0,1.0,OCCC(F)(F)C(F)(F)F,4,1.0,0.0,4.0,1.0,0.0,1.0,0.0,0.0,0.0,0.0,0.0,5.0,6.0,4.0,0.0,0.0,0.0,0.0,0.0,0.0,4.0,2.0,0.0,2.0,0.0,0.0,0.0,0.0,0.0,0.0,0.0,0.0,0.0,5.3206,0.13602,-0.00010839,4.2523e-08,-6.5343e-12,0.0,100.02
52_heptene,C7H3F11,1.0,0.0,1.0,5.0,11.0,3.0,0.0,0.0,0.0,0.0,19,7,11.0,3.0,0.0,C=CC(F)(F)C(F)(F)C(F)(F)C(F)(F)C(F)(F)F,5,4.0,9.0,1.0,0.0,0.0,0.0,0.0,0.0,0.0,0.0,0.0,8.0,18.0,2.0,0.0,0.0,0.0,0.0,0.0,0.0,0.0,0.0,0.0,0.0,0.0,0.0,0.0,0.0,0.0,0.0,0.0,0.0,0.0,8.7437,0.23752,-0.00022295,9.8925e-08,-1.6728e-11,0.0,134.24
c5_sec_tert_rad_isots,C5F11,1.0,0.0,1.0,3.0,10.0,0.0,0.0,0.0,0.0,0.0,13,5,11.0,0.0,0.0,F/C(=C(/F)C(F)(F)C(F)(F)F)C(F)(F)F.[F],3,1.0,7.0,0.0,0.0,0.0,0.0,0.0,0.0,0.0,0.0,0.0,2.0,11.0,0.0,0.0,0.0,0.0,0.0,0.0,0.0,0.0,0.0,0.0,0.0,0.0,0.0,0.0,0.0,0.0,0.0,0.0,0.0,0.0,,,,,,,
cf3o_cf2o_prod,C2F5O2,0.0,0.0,0.0,0.0,5.0,0.0,3.0,0.0,0.0,0.0,8,2,5.0,0.0,2.0,[O]C(F)(F)OC(F)(F)F,2,0.0,0.0,0.0,0.0,0.0,0.0,0.0,0.0,0.0,0.0,0.0,0.0,0.0,0.0,0.0,5.0,0.0,0.0,0.0,0.0,0.0,0.0,0.0,0.0,0.0,0.0,0.0,0.0,0.0,0.0,0.0,1.0,0.0,4.0982,0.10954,-0.0001097,5.0389e-08,-8.6946e-12,0.0,90.556
cf2o_2h2oprod,CH4F2O3,0.0,0.0,0.0,0.0,2.0,0.0,2.0,0.0,4.0,0.0,8,1,2.0,4.0,3.0,O.OC(O)(F)F,2,0.0,0.0,0.0,0.0,0.0,0.0,0.0,0.0,0.0,0.0,0.0,0.0,0.0,0.0,0.0,0.0,4.0,0.0,0.0,0.0,0.0,0.0,0.0,0.0,0.0,0.0,0.0,0.0,0.0,0.0,0.0,0.0,2.0,8.1811,0.088948,-8.5855e-05,4.0532e-08,-7.2617e-12,-295.56,88.046
1H_dodecane,C12HF25,0.0,0.0,0.0,11.0,25.0,1.0,0.0,0.0,0.0,0.0,37,12,25.0,1.0,0.0,FC(F)C(F)(F)C(F)(F)C(F)(F)C(F)(F)C(F)(F)C(F)(F)C(F)(F)C(F)(F)C(F)(F)C(F)(F)C(F)(F)F,11,9.0,23.0,1.0,0.0,0.0,0.0,0.0,0.0,0.0,0.0,0.0,18.0,46.0,2.0,0.0,0.0,0.0,0.0,0.0,0.0,0.0,0.0,0.0,0.0,0.0,0.0,0.0,0.0,0.0,0.0,0.0,0.0,0.0,21.372,0.46396,-0.00045395,2.0568e-07,-3.519e-11,0.0,220.31
42rh,C6H5F9,0.0,0.0,0.0,5.0,9.0,5.0,0.0,0.0,0.0,0.0,19,6,9.0,5.0,0.0,CCC(F)(F)C(F)(F)C(F)(F)C(F)(F)F,5,3.0,4.0,5.0,0.0,0.0,0.0,0.0,0.0,0.0,0.0,0.0,9.0,14.0,4.0,0.0,0.0,0.0,0.0,0.0,0.0,6.0,0.0,0.0,0.0,0.0,0.0,0.0,0.0,0.0,0.0,0.0,0.0,0.0,7.3155,0.20246,-0.0001746,7.3015e-08,-1.1831e-11,0.0,121.66
frd_903_carbF,C6F12O2,0.0,1.0,1.0,4.0,12.0,0.0,2.0,0.0,0.0,0.0,18,6,12.0,0.0,2.0,O=C(F)[C@](F)(OC(F)(F)C(F)(F)C(F)(F)F)C(F)(F)F,6,0.0,6.0,0.0,2.0,1.0,0.0,0.0,2.0,1.0,0.0,0.0,3.0,14.0,0.0,3.0,2.0,0.0,0.0,0.0,0.0,0.0,0.0,0.0,0.0,0.0,0.0,0.0,0.0,4.0,0.0,1.0,0.0,0.0,11.577,0.2409,-0.00023634,1.0721e-07,-1.8354e-11,0.0,144.76
cf2oh,CHF2O,0.0,0.0,0.0,0.0,2.0,0.0,1.0,0.0,1.0,0.0,4,1,2.0,1.0,1.0,O[C](F)F,1,0.0,0.0,0.0,0.0,0.0,0.0,0.0,0.0,0.0,0.0,0.0,0.0,0.0,0.0,0.0,0.0,0.0,0.0,0.0,0.0,0.0,0.0,0.0,0.0,0.0,2.0,0.0,0.0,0.0,0.0,0.0,0.0,0.0,4.0407,0.043616,-4.0623e-05,1.8042e-08,-3.0514e-12,-109.79,67.02
c8_secondary_rad,C8F17,0.0,0.0,0.0,7.0,17.0,0.0,0.0,0.0,0.0,0.0,24,8,17.0,0.0,0.0,F[C](C(F)(F)F)C(F)(F)C(F)(F)C(F)(F)C(F)(F)C(F)(F)C(F)(F)F,7,5.0,15.0,0.0,0.0,0.0,0.0,0.0,0.0,0.0,0.0,0.0,10.0,27.0,0.0,0.0,0.0,0.0,0.0,0.0,0.0,0.0,0.0,0.0,0.0,0.0,0.0,0.0,0.0,0.0,0.0,0.0,0.0,0.0,15.714,0.30607,-0.00030385,1.3894e-07,-2.3918e-11,-917.28,170.93
1_octane_c4_rad,C4F9,0.0,0.0,0.0,3.0,9.0,0.0,0.0,0.0,0.0,0.0,12,4,9.0,0.0,0.0,F[C](F)C(F)(F)C(F)(F)C(F)(F)F,3,1.0,4.0,0.0,0.0,0.0,0.0,0.0,0.0,0.0,0.0,0.0,5.0,14.0,0.0,0.0,0.0,0.0,0.0,0.0,0.0,0.0,0.0,0.0,0.0,0.0,0.0,0.0,0.0,0.0,0.0,0.0,0.0,0.0,10.458,0.14535,-0.00014061,6.2826e-08,-1.0604e-11,-409.98,114.89
42_hexene,C6H3F9,1.0,0.0,1.0,4.0,9.0,3.0,0.0,0.0,0.0,0.0,16,6,9.0,3.0,0.0,C=CC(F)(F)C(F)(F)C(F)(F)C(F)(F)F,4,3.0,7.0,1.0,0.0,0.0,0.0,0.0,0.0,0.0,0.0,0.0,6.0,14.0,2.0,0.0,0.0,0.0,0.0,0.0,0.0,0.0,0.0,0.0,0.0,0.0,0.0,0.0,0.0,0.0,0.0,0.0,0.0,0.0,,,,,,,
hfp_1oh_2nd,C3HF6O,0.0,0.0,0.0,2.0,6.0,0.0,1.0,0.0,1.0,0.0,10,3,6.0,1.0,1.0,OC(F)(F)[C](F)C(F)(F)F,3,0.0,2.0,0.0,1.0,0.0,1.0,0.0,0.0,0.0,0.0,0.0,3.0,5.0,0.0,1.0,0.0,2.0,0.0,0.0,0.0,0.0,0.0,0.0,0.0,0.0,0.0,0.0,0.0,0.0,0.0,0.0,0.0,0.0,,,,,,,
1H_decane,C10HF21,0.0,0.0,0.0,9.0,21.0,1.0,0.0,0.0,0.0,0.0,31,10,21.0,1.0,0.0,FC(F)C(F)(F)C(F)(F)C(F)(F)C(F)(F)C(F)(F)C(F)(F)C(F)(F)C(F)(F)C(F)(F)F,9,7.0,19.0,1.0,0.0,0.0,0.0,0.0,0.0,0.0,0.0,0.0,14.0,38.0,2.0,0.0,0.0,0.0,0.0,0.0,0.0,0.0,0.0,0.0,0.0,0.0,0.0,0.0,0.0,0.0,0.0,0.0,0.0,0.0,17.974,0.38707,-0.00037737,1.7058e-07,-2.9135e-11,0.0,193.25
2_hexyl,C6F13,0.0,0.0,0.0,5.0,13.0,0.0,0.0,0.0,0.0,0.0,18,6,13.0,0.0,0.0,F[C](C(F)(F)F)C(F)(F)C(F)(F)C(F)(F)C(F)(F)F,5,3.0,9.0,0.0,0.0,0.0,0.0,0.0,0.0,0.0,0.0,0.0,8.0,19.0,0.0,0.0,0.0,0.0,0.0,0.0,0.0,0.0,0.0,0.0,0.0,0.0,0.0,0.0,0.0,0.0,0.0,0.0,0.0,0.0,11.861,0.23065,-0.00022901,1.0471e-07,-1.8025e-11,0.0,141.88
co2h,CHO2,0.0,1.0,1.0,0.0,0.0,0.0,1.0,0.0,1.0,0.0,2,1,0.0,1.0,2.0,O=[C]O,1,0.0,0.0,0.0,0.0,0.0,0.0,0.0,0.0,0.0,0.0,0.0,0.0,0.0,0.0,0.0,0.0,0.0,0.0,0.0,0.0,0.0,0.0,0.0,0.0,0.0,0.0,0.0,0.0,0.0,0.0,0.0,0.0,1.0,5.1135,0.022545,-1.7014e-05,6.5272e-09,-9.9631e-13,-45.14,60.148
frd_903_0HFAts_prod,C6HF11O3,0.0,1.0,1.0,4.0,10.0,0.0,4.0,1.0,0.0,0.0,19,6,11.0,1.0,3.0,F.O=C1O[C@]1(OC(F)(F)C(F)(F)C(F)(F)F)C(F)(F)F,5,0.0,5.0,0.0,1.0,1.0,0.0,0.0,2.0,0.0,0.0,1.0,3.0,10.0,0.0,2.0,2.0,0.0,0.0,0.0,0.0,0.0,0.0,0.0,0.0,0.0,0.0,0.0,0.0,6.0,0.0,0.0,0.0,0.0,,,,,,,
octane1H,C8HF17,0.0,0.0,0.0,7.0,17.0,1.0,0.0,0.0,0.0,0.0,25,8,17.0,1.0,0.0,FC(F)C(F)(F)C(F)(F)C(F)(F)C(F)(F)C(F)(F)C(F)(F)C(F)(F)F,7,5.0,15.0,1.0,0.0,0.0,0.0,0.0,0.0,0.0,0.0,0.0,10.0,30.0,2.0,0.0,0.0,0.0,0.0,0.0,0.0,0.0,0.0,0.0,0.0,0.0,0.0,0.0,0.0,0.0,0.0,0.0,0.0,0.0,14.24,0.3113,-0.00030219,1.3622e-07,-2.3223e-11,-958.27,164.19
1H_nonane,C9HF19,0.0,0.0,0.0,8.0,19.0,1.0,0.0,0.0,0.0,0.0,28,9,19.0,1.0,0.0,FC(F)C(F)(F)C(F)(F)C(F)(F)C(F)(F)C(F)(F)C(F)(F)C(F)(F)C(F)(F)F,8,6.0,17.0,1.0,0.0,0.0,0.0,0.0,0.0,0.0,0.0,0.0,12.0,34.0,2.0,0.0,0.0,0.0,0.0,0.0,0.0,0.0,0.0,0.0,0.0,0.0,0.0,0.0,0.0,0.0,0.0,0.0,0.0,0.0,16.009,0.34947,-0.00034012,1.5358e-07,-2.6212e-11,0.0,178.23
c2f4h2o_prod,C2H2F4O,0.0,0.0,0.0,1.0,4.0,1.0,1.0,0.0,1.0,0.0,8,2,4.0,2.0,1.0,OC(F)(F)C(F)F,2,0.0,0.0,0.0,0.0,0.0,1.0,0.0,0.0,0.0,0.0,0.0,0.0,4.0,2.0,0.0,0.0,2.0,0.0,0.0,0.0,0.0,0.0,0.0,0.0,0.0,0.0,0.0,0.0,2.0,1.0,0.0,0.0,0.0,4.0754,0.088753,-7.9704e-05,3.4403e-08,-5.7031e-12,-264.63,80.947
butene_OH,C4HF8O,0.0,0.0,0.0,3.0,8.0,0.0,1.0,0.0,1.0,0.0,13,4,8.0,1.0,1.0,OC(F)(F)[C](F)C(F)(F)C(F)(F)F,4,1.0,5.0,0.0,0.0,0.0,0.0,0.0,0.0,0.0,0.0,0.0,3.0,10.0,0.0,0.0,0.0,0.0,0.0,0.0,0.0,0.0,0.0,0.0,0.0,1.0,2.0,0.0,1.0,1.0,0.0,0.0,0.0,0.0,8.959,0.16092,-0.00015895,7.2888e-08,-1.26e-11,-419.97,44.901
1H_undecane,C11HF23,0.0,0.0,0.0,10.0,23.0,1.0,0.0,0.0,0.0,0.0,34,11,23.0,1.0,0.0,FC(F)C(F)(F)C(F)(F)C(F)(F)C(F)(F)C(F)(F)C(F)(F)C(F)(F)C(F)(F)C(F)(F)C(F)(F)F,10,8.0,21.0,1.0,0.0,0.0,0.0,0.0,0.0,0.0,0.0,0.0,16.0,42.0,2.0,0.0,0.0,0.0,0.0,0.0,0.0,0.0,0.0,0.0,0.0,0.0,0.0,0.0,0.0,0.0,0.0,0.0,0.0,0.0,19.677,0.42541,-0.00041548,1.8802e-07,-3.214e-11,0.0,206.63
butene,C4F8,1.0,0.0,1.0,2.0,8.0,0.0,0.0,0.0,0.0,0.0,10,4,8.0,0.0,0.0,FC(F)=C(F)C(F)(F)C(F)(F)F,2,1.0,5.0,0.0,0.0,0.0,0.0,0.0,0.0,0.0,0.0,0.0,1.0,8.0,0.0,0.0,0.0,0.0,0.0,0.0,0.0,0.0,0.0,0.0,0.0,0.0,0.0,0.0,0.0,0.0,0.0,0.0,0.0,0.0,8.2447,0.13653,-0.00013345,6.0494e-08,-1.0364e-11,0.0,116.51
53_ftca,C8H5F11O2,0.0,1.0,1.0,7.0,11.0,4.0,1.0,0.0,1.0,0.0,24,8,11.0,5.0,2.0,O=C(O)CCC(F)(F)C(F)(F)C(F)(F)C(F)(F)C(F)(F)F,8,5.0,9.0,4.0,2.0,0.0,1.0,0.0,0.0,0.0,0.0,0.0,8.0,18.0,4.0,0.0,0.0,0.0,0.0,2.0,0.0,4.0,4.0,0.0,0.0,0.0,0.0,0.0,0.0,0.0,0.0,0.0,0.0,1.0,8.896,0.28228,-0.00025402,1.0942e-07,-1.8104e-11,0.0,153.89
heptene,C7F14,1.0,0.0,1.0,5.0,14.0,0.0,0.0,0.0,0.0,0.0,19,7,14.0,0.0,0.0,FC(F)=C(F)C(F)(F)C(F)(F)C(F)(F)C(F)(F)C(F)(F)F,5,4.0,10.0,0.0,0.0,0.0,0.0,0.0,0.0,0.0,0.0,0.0,8.0,20.0,0.0,0.0,0.0,0.0,0.0,0.0,0.0,0.0,0.0,0.0,0.0,0.0,0.0,0.0,0.0,0.0,0.0,0.0,0.0,0.0,13.372,0.25169,-0.00024804,1.1298e-07,-1.9411e-11,0.0,147.34
cfoh3,CH3FO3,0.0,0.0,0.0,0.0,1.0,0.0,3.0,0.0,3.0,0.0,7,1,1.0,3.0,3.0,OC(O)(O)F,3,0.0,0.0,0.0,0.0,0.0,0.0,0.0,0.0,0.0,0.0,0.0,0.0,0.0,0.0,0.0,0.0,3.0,0.0,0.0,0.0,0.0,0.0,0.0,0.0,0.0,0.0,0.0,0.0,0.0,0.0,0.0,0.0,6.0,2.55,0.079268,-7.5949e-05,3.5195e-08,-6.1885e-12,-207.12,71.934
cf2oh2,CH2F2O2,0.0,0.0,0.0,0.0,2.0,0.0,2.0,0.0,2.0,0.0,6,1,2.0,2.0,2.0,OC(O)(F)F,2,0.0,0.0,0.0,0.0,0.0,0.0,0.0,0.0,0.0,0.0,0.0,0.0,0.0,0.0,0.0,0.0,4.0,0.0,0.0,0.0,0.0,0.0,0.0,0.0,0.0,0.0,0.0,0.0,0.0,0.0,0.0,0.0,2.0,2.252,0.072219,-7.0036e-05,3.2375e-08,-5.6632e-12,-212.82,70.375
hfp_2oh_2rad_prod,C3HF6O,0.0,0.0,0.0,2.0,6.0,0.0,1.0,0.0,1.0,0.0,10,3,6.0,1.0,1.0,O[C](C(F)(F)F)C(F)(F)F,3,0.0,3.0,0.0,0.0,0.0,2.0,0.0,0.0,0.0,0.0,0.0,3.0,0.0,0.0,3.0,0.0,0.0,0.0,0.0,0.0,0.0,0.0,0.0,0.0,0.0,0.0,0.0,0.0,3.0,0.0,0.0,0.0,0.0,,,,,,,
butane1H,C4HF9,0.0,0.0,0.0,3.0,9.0,1.0,0.0,0.0,0.0,0.0,13,4,9.0,1.0,0.0,FC(F)C(F)(F)C(F)(F)C(F)(F)F,3,1.0,4.0,1.0,0.0,0.0,0.0,0.0,0.0,0.0,0.0,0.0,5.0,14.0,2.0,0.0,0.0,0.0,0.0,0.0,0.0,0.0,0.0,0.0,0.0,0.0,0.0,0.0,0.0,0.0,0.0,0.0,0.0,0.0,7.3881,0.1577,-0.00014927,6.6139e-08,-1.1136e-11,-458.61,108.51
1_octane_c7_carbene,C7F14,0.0,0.0,0.0,6.0,14.0,0.0,0.0,0.0,0.0,0.0,20,7,14.0,0.0,0.0,F[C]C(F)(F)C(F)(F)C(F)(F)C(F)(F)C(F)(F)C(F)(F)F,6,4.0,12.0,0.0,0.0,0.0,0.0,0.0,0.0,0.0,0.0,0.0,8.0,24.0,0.0,0.0,0.0,0.0,0.0,0.0,0.0,0.0,0.0,0.0,0.0,0.0,0.0,0.0,0.0,0.0,0.0,0.0,0.0,0.0,,,,,,,
pfboh,C4HF9O,0.0,0.0,0.0,3.0,9.0,0.0,1.0,0.0,1.0,0.0,14,4,9.0,1.0,1.0,OC(F)(F)C(F)(F)C(F)(F)C(F)(F)F,4,1.0,4.0,0.0,1.0,0.0,1.0,0.0,0.0,0.0,0.0,0.0,5.0,14.0,0.0,2.0,0.0,2.0,0.0,0.0,0.0,0.0,0.0,0.0,0.0,0.0,0.0,0.0,0.0,0.0,0.0,0.0,0.0,0.0,8.2726,0.1764,-0.00017407,7.9713e-08,-1.3763e-11,0.0,113.59
hexane,C6F14,0.0,0.0,0.0,5.0,14.0,0.0,0.0,0.0,0.0,0.0,19,6,14.0,0.0,0.0,FC(F)(F)C(F)(F)C(F)(F)C(F)(F)C(F)(F)C(F)(F)F,5,3.0,9.0,0.0,0.0,0.0,0.0,0.0,0.0,0.0,0.0,0.0,9.0,24.0,0.0,0.0,0.0,0.0,0.0,0.0,0.0,0.0,0.0,0.0,0.0,0.0,0.0,0.0,0.0,0.0,0.0,0.0,0.0,0.0,10.98,0.23381,-0.00022478,1.0065e-07,-1.7075e-11,-713.26,136.849473
c4_secondary_rad,C4F9,0.0,0.0,0.0,3.0,9.0,0.0,0.0,0.0,0.0,0.0,12,4,9.0,0.0,0.0,F[C](C(F)(F)F)C(F)(F)C(F)(F)F,3,1.0,7.0,0.0,0.0,0.0,0.0,0.0,0.0,0.0,0.0,0.0,2.0,11.0,0.0,0.0,0.0,0.0,0.0,0.0,0.0,0.0,0.0,0.0,0.0,0.0,0.0,0.0,0.0,0.0,0.0,0.0,0.0,0.0,8.7357,0.153,-0.00015161,6.9212e-08,-1.1899e-11,-417.63,113.918165
23_ftca,C5H5F5O2,0.0,1.0,1.0,4.0,5.0,4.0,1.0,0.0,1.0,0.0,15,5,5.0,5.0,2.0,O=C(O)CCC(F)(F)C(F)(F)F,5,2.0,3.0,4.0,2.0,0.0,1.0,0.0,0.0,0.0,0.0,0.0,2.0,6.0,4.0,0.0,0.0,0.0,0.0,2.0,0.0,4.0,4.0,0.0,0.0,0.0,0.0,0.0,0.0,0.0,0.0,0.0,0.0,1.0,3.8371,0.16677,-0.00013893,5.6652e-08,-9.0007e-12,0.0,110.95
2_octene,C8F16,1.0,0.0,1.0,6.0,16.0,0.0,0.0,0.0,0.0,0.0,22,8,16.0,0.0,0.0,F/C(=C(/F)C(F)(F)C(F)(F)C(F)(F)C(F)(F)C(F)(F)F)C(F)(F)F,6,4.0,13.0,0.0,0.0,0.0,0.0,0.0,0.0,0.0,0.0,0.0,8.0,23.0,0.0,0.0,0.0,0.0,0.0,0.0,0.0,0.0,0.0,0.0,0.0,0.0,0.0,0.0,0.0,0.0,0.0,0.0,0.0,0.0,14.264,0.29254,-0.00028888,1.3171e-07,-2.2637e-11,0.0,162.83
pfbcof,C4F8O,0.0,1.0,1.0,3.0,8.0,0.0,0.0,0.0,0.0,0.0,11,4,8.0,0.0,1.0,O=C(F)C(F)(F)C(F)(F)C(F)(F)F,3,1.0,3.0,0.0,1.0,0.0,0.0,0.0,0.0,0.0,0.0,0.0,5.0,12.0,0.0,2.0,0.0,0.0,0.0,0.0,0.0,0.0,0.0,0.0,0.0,0.0,0.0,0.0,0.0,0.0,0.0,0.0,0.0,0.0,8.7874,0.14927,-0.00014601,6.6193e-08,-1.1336e-11,0.0,109.98
c3_oco2h,C4HF7O3,0.0,1.0,1.0,2.0,7.0,0.0,3.0,0.0,1.0,0.0,13,4,7.0,1.0,3.0,O=C(O)OC(F)(F)C(F)(F)C(F)(F)F,5,0.0,2.0,0.0,1.0,1.0,0.0,0.0,0.0,0.0,0.0,2.0,3.0,10.0,0.0,2.0,2.0,0.0,0.0,0.0,0.0,0.0,0.0,0.0,0.0,0.0,0.0,0.0,0.0,0.0,0.0,0.0,0.0,2.0,7.0588,0.17342,-0.00016703,7.5163e-08,-1.2812e-11,0.0,114.53
hfp_1oh_1rad_prod,C3HF6O,0.0,0.0,0.0,2.0,6.0,0.0,1.0,0.0,1.0,0.0,10,3,6.0,1.0,1.0,O[C](F)C(F)(F)C(F)(F)F,3,0.0,1.0,0.0,1.0,0.0,1.0,0.0,0.0,0.0,0.0,0.0,3.0,8.0,0.0,2.0,0.0,1.0,0.0,0.0,0.0,0.0,0.0,0.0,0.0,0.0,0.0,0.0,0.0,0.0,0.0,0.0,0.0,0.0,,,,,,,
3_octyl,C8F17,0.0,0.0,0.0,7.0,17.0,0.0,0.0,0.0,0.0,0.0,24,8,17.0,0.0,0.0,F[C](C(F)(F)C(F)(F)F)C(F)(F)C(F)(F)C(F)(F)C(F)(F)C(F)(F)F,7,5.0,15.0,0.0,0.0,0.0,0.0,0.0,0.0,0.0,0.0,0.0,9.0,28.0,0.0,0.0,0.0,0.0,0.0,0.0,0.0,0.0,0.0,0.0,0.0,0.0,0.0,0.0,0.0,0.0,0.0,0.0,0.0,0.0,15.681,0.30609,-0.00030385,1.3893e-07,-2.3918e-11,0.0,169.15
ester_oh,C5HF10O3,0.0,0.0,0.0,3.0,10.0,0.0,4.0,0.0,1.0,0.0,18,5,10.0,1.0,3.0,[O]C(O)(OC(F)(F)C(F)(F)C(F)(F)F)C(F)(F)F,6,0.0,2.0,0.0,1.0,1.0,1.0,0.0,1.0,0.0,0.0,2.0,3.0,10.0,0.0,11.0,2.0,0.0,0.0,0.0,0.0,0.0,0.0,0.0,0.0,0.0,0.0,0.0,0.0,0.0,0.0,0.0,0.0,2.0,9.5262,0.23254,-0.00023163,1.066e-07,-1.8458e-11,0.0,136.34
pfba,C4HF7O2,0.0,1.0,1.0,3.0,7.0,0.0,1.0,0.0,1.0,0.0,12,4,7.0,1.0,2.0,O=C(O)C(F)(F)C(F)(F)C(F)(F)F,4,1.0,2.0,0.0,2.0,0.0,1.0,0.0,0.0,0.0,0.0,0.0,5.0,10.0,0.0,4.0,0.0,0.0,0.0,0.0,0.0,0.0,0.0,0.0,0.0,0.0,0.0,0.0,0.0,0.0,0.0,0.0,0.0,1.0,7.4894,0.15979,-0.0001549,7.0168e-08,-1.2031e-11,0.0,110.04
c5_rad,C5F11,0.0,0.0,0.0,4.0,11.0,0.0,0.0,0.0,0.0,0.0,15,5,11.0,0.0,0.0,F[C](F)C(F)(F)C(F)(F)C(F)(F)C(F)(F)F,4,2.0,9.0,0.0,0.0,0.0,0.0,0.0,0.0,0.0,0.0,0.0,4.0,18.0,0.0,0.0,0.0,0.0,0.0,0.0,0.0,0.0,0.0,0.0,0.0,0.0,0.0,0.0,0.0,0.0,0.0,0.0,0.0,0.0,12.509,0.1821,-0.00017635,7.8856e-08,-1.3317e-11,-507.44,124.440708
cf2_2h2o_prod,CH4F2O2,0.0,0.0,0.0,0.0,2.0,1.0,1.0,0.0,3.0,0.0,7,1,2.0,4.0,2.0,O.OC(F)F,1,0.0,0.0,0.0,0.0,0.0,0.0,0.0,0.0,0.0,0.0,0.0,0.0,0.0,0.0,0.0,0.0,2.0,0.0,0.0,0.0,0.0,0.0,0.0,1.0,0.0,0.0,0.0,0.0,0.0,0.0,0.0,0.0,0.0,14.805,0.024927,-2.0714e-05,9.0626e-09,-1.556e-12,-238.46,81.788
43_ftca,C7H5F9O2,0.0,1.0,1.0,6.0,9.0,4.0,1.0,0.0,1.0,0.0,21,7,9.0,5.0,2.0,O=C(O)CCC(F)(F)C(F)(F)C(F)(F)C(F)(F)F,7,4.0,7.0,4.0,2.0,0.0,1.0,0.0,0.0,0.0,0.0,0.0,6.0,14.0,4.0,0.0,0.0,0.0,0.0,2.0,0.0,4.0,4.0,0.0,0.0,0.0,0.0,0.0,0.0,0.0,0.0,0.0,0.0,1.0,,,,,,,
butane,C4F10,0.0,0.0,0.0,3.0,10.0,0.0,0.0,0.0,0.0,0.0,13,4,10.0,0.0,0.0,FC(F)(F)C(F)(F)C(F)(F)C(F)(F)F,3,1.0,5.0,0.0,0.0,0.0,0.0,0.0,0.0,0.0,0.0,0.0,5.0,16.0,0.0,0.0,0.0,0.0,0.0,0.0,0.0,0.0,0.0,0.0,0.0,0.0,0.0,0.0,0.0,0.0,0.0,0.0,0.0,0.0,8.0151,0.16889,-0.00016744,7.6472e-08,-1.3152e-11,-516.57,112.543919
frd_903_0HFAts_prod_COlossprod,C5F10O2,0.0,1.0,1.0,3.0,10.0,0.0,2.0,0.0,0.0,0.0,15,5,10.0,0.0,2.0,O=C(OC(F)(F)C(F)(F)C(F)(F)F)C(F)(F)F,5,0.0,2.0,0.0,1.0,1.0,0.0,0.0,1.0,0.0,0.0,1.0,3.0,10.0,0.0,8.0,2.0,0.0,0.0,0.0,0.0,0.0,0.0,0.0,0.0,0.0,0.0,0.0,0.0,0.0,0.0,0.0,0.0,0.0,9.7623,0.20242,-0.00019772,8.9387e-08,-1.5263e-11,0.0,131.11
c7_secondary_rad,C7F15,0.0,0.0,0.0,6.0,15.0,0.0,0.0,0.0,0.0,0.0,21,7,15.0,0.0,0.0,F[C](C(F)(F)F)C(F)(F)C(F)(F)C(F)(F)C(F)(F)C(F)(F)F,6,4.0,13.0,0.0,0.0,0.0,0.0,0.0,0.0,0.0,0.0,0.0,8.0,23.0,0.0,0.0,0.0,0.0,0.0,0.0,0.0,0.0,0.0,0.0,0.0,0.0,0.0,0.0,0.0,0.0,0.0,0.0,0.0,0.0,14.118,0.26726,-0.0002651,1.2113e-07,-2.0842e-11,-710.8,157.13
1_hexane,C6HF11O2,0.0,1.0,1.0,5.0,11.0,0.0,1.0,0.0,1.0,0.0,18,6,11.0,1.0,2.0,O=C(O)C(F)(F)C(F)(F)C(F)(F)C(F)(F)C(F)(F)F,6,3.0,9.0,0.0,2.0,0.0,1.0,0.0,0.0,0.0,0.0,0.0,6.0,18.0,0.0,4.0,0.0,0.0,0.0,0.0,0.0,0.0,0.0,0.0,0.0,0.0,0.0,0.0,0.0,0.0,0.0,0.0,0.0,1.0,10.971,0.23643,-0.00023117,1.0511e-07,-1.8056e-11,-627.8,137.71
pfhxal,C6F12O,0.0,1.0,1.0,5.0,12.0,0.0,0.0,0.0,0.0,0.0,17,6,12.0,0.0,1.0,O=C(F)C(F)(F)C(F)(F)C(F)(F)C(F)(F)C(F)(F)F,5,3.0,10.0,0.0,1.0,0.0,0.0,0.0,0.0,0.0,0.0,0.0,6.0,20.0,0.0,2.0,0.0,0.0,0.0,0.0,0.0,0.0,0.0,0.0,0.0,0.0,0.0,0.0,0.0,0.0,0.0,0.0,0.0,0.0,12.294,0.22583,-0.00022218,1.0108e-07,-1.7349e-11,-625.09,137.47
pentene,C5F10,1.0,0.0,1.0,3.0,10.0,0.0,0.0,0.0,0.0,0.0,13,5,10.0,0.0,0.0,FC(F)=C(F)C(F)(F)C(F)(F)C(F)(F)F,3,2.0,7.0,0.0,0.0,0.0,0.0,0.0,0.0,0.0,0.0,0.0,3.0,12.0,0.0,0.0,0.0,0.0,0.0,0.0,0.0,0.0,0.0,0.0,0.0,0.0,0.0,0.0,0.0,0.0,0.0,0.0,0.0,0.0,10.063,0.17448,-0.00017105,7.7657e-08,-1.3314e-11,0.0,119.44
2_hexene,C6F12,1.0,0.0,1.0,4.0,12.0,0.0,0.0,0.0,0.0,0.0,16,6,12.0,0.0,0.0,F/C(=C(/F)C(F)(F)C(F)(F)C(F)(F)F)C(F)(F)F,4,2.0,9.0,0.0,0.0,0.0,0.0,0.0,0.0,0.0,0.0,0.0,4.0,15.0,0.0,0.0,0.0,0.0,0.0,0.0,0.0,0.0,0.0,0.0,0.0,0.0,0.0,0.0,0.0,0.0,0.0,0.0,0.0,0.0,10.874,0.21558,-0.0002122,9.6548e-08,-1.6571e-11,0.0,135.25
c2f5cof,C3F6O,0.0,1.0,1.0,2.0,6.0,0.0,0.0,0.0,0.0,0.0,8,3,6.0,0.0,1.0,O=C(F)C(F)(F)C(F)(F)F,2,0.0,1.0,0.0,1.0,0.0,0.0,0.0,0.0,0.0,0.0,0.0,3.0,8.0,0.0,2.0,0.0,0.0,0.0,0.0,0.0,0.0,0.0,0.0,0.0,0.0,0.0,0.0,0.0,0.0,0.0,0.0,0.0,0.0,6.9898,0.11121,-0.00010823,4.8915e-08,-8.3612e-12,-329.38,95.557
cf2coho,C2HF2O2,0.0,1.0,1.0,1.0,2.0,0.0,1.0,0.0,1.0,0.0,5,2,2.0,1.0,2.0,O=C(O)[C](F)F,2,0.0,0.0,0.0,0.0,0.0,1.0,0.0,0.0,0.0,0.0,0.0,0.0,0.0,0.0,4.0,0.0,0.0,0.0,0.0,0.0,0.0,0.0,0.0,0.0,0.0,0.0,0.0,0.0,0.0,0.0,0.0,0.0,1.0,6.6578,0.060926,-5.5314e-05,2.4184e-08,-4.0613e-12,-269.0,78.453
cf2o_oh,CHF2O2,0.0,0.0,0.0,0.0,2.0,0.0,2.0,0.0,1.0,0.0,5,1,2.0,1.0,2.0,[O]C(O)(F)F,1,0.0,0.0,0.0,0.0,0.0,0.0,0.0,0.0,0.0,0.0,0.0,0.0,0.0,0.0,0.0,0.0,0.0,0.0,0.0,0.0,0.0,0.0,0.0,0.0,0.0,2.0,1.0,0.0,0.0,0.0,0.0,0.0,0.0,2.885,0.063918,-6.3631e-05,2.9606e-08,-5.1842e-12,0.0,70.725
c4f9H_secondary,C4HF9,0.0,0.0,0.0,3.0,9.0,1.0,0.0,0.0,0.0,0.0,13,4,9.0,1.0,0.0,F[C@@H](C(F)(F)F)C(F)(F)C(F)(F)F,3,1.0,4.0,1.0,0.0,0.0,0.0,0.0,0.0,0.0,0.0,0.0,5.0,11.0,5.0,0.0,0.0,0.0,0.0,0.0,0.0,0.0,0.0,0.0,0.0,0.0,0.0,0.0,0.0,0.0,0.0,0.0,0.0,0.0,6.6609,0.16006,-0.00015202,6.7509e-08,-1.1384e-11,-457.83,107.67
frd_c5f11o,C5F11O,0.0,0.0,0.0,3.0,11.0,0.0,2.0,0.0,0.0,0.0,16,5,11.0,0.0,1.0,F[C](OC(F)(F)C(F)(F)C(F)(F)F)C(F)(F)F,5,0.0,2.0,0.0,1.0,1.0,0.0,0.0,1.0,1.0,0.0,0.0,3.0,13.0,0.0,2.0,2.0,0.0,0.0,0.0,0.0,0.0,0.0,0.0,0.0,0.0,0.0,0.0,0.0,3.0,0.0,0.0,0.0,0.0,9.656,0.20642,-0.00020377,9.2694e-08,-1.5887e-11,0.0,134.41
62ftoh,C8H5F13O,0.0,0.0,0.0,7.0,13.0,4.0,1.0,0.0,1.0,0.0,26,8,13.0,5.0,1.0,OCCC(F)(F)C(F)(F)C(F)(F)C(F)(F)C(F)(F)C(F)(F)F,8,5.0,11.0,4.0,1.0,0.0,1.0,0.0,0.0,0.0,0.0,0.0,10.0,22.0,4.0,0.0,0.0,0.0,0.0,0.0,0.0,4.0,2.0,0.0,2.0,0.0,0.0,0.0,0.0,0.0,0.0,0.0,0.0,0.0,12.145,0.2893,-0.00026063,1.1217e-07,-1.8532e-11,0.0,156.24
cf2_h2o_ts_prod,CH2F2O,0.0,0.0,0.0,0.0,2.0,1.0,1.0,0.0,1.0,0.0,5,1,2.0,2.0,1.0,OC(F)F,1,0.0,0.0,0.0,0.0,0.0,0.0,0.0,0.0,0.0,0.0,0.0,0.0,0.0,0.0,0.0,0.0,2.0,0.0,0.0,0.0,0.0,0.0,0.0,1.0,0.0,0.0,0.0,0.0,0.0,0.0,0.0,0.0,0.0,2.7417,0.048881,-3.9527e-05,1.5808e-08,-2.4701e-12,-159.19,65.583
pfpnal,C5F10O,0.0,1.0,1.0,4.0,10.0,0.0,0.0,0.0,0.0,0.0,14,5,10.0,0.0,1.0,O=C(F)C(F)(F)C(F)(F)C(F)(F)C(F)(F)F,4,2.0,8.0,0.0,1.0,0.0,0.0,0.0,0.0,0.0,0.0,0.0,4.0,16.0,0.0,2.0,0.0,0.0,0.0,0.0,0.0,0.0,0.0,0.0,0.0,0.0,0.0,0.0,0.0,0.0,0.0,0.0,0.0,0.0,10.555,0.18749,-0.00018403,8.3596e-08,-1.4335e-11,-526.63,123.47
1_octane_c7_rad,C7F15,0.0,0.0,0.0,6.0,15.0,0.0,0.0,0.0,0.0,0.0,21,7,15.0,0.0,0.0,F[C](F)C(F)(F)C(F)(F)C(F)(F)C(F)(F)C(F)(F)C(F)(F)F,6,4.0,13.0,0.0,0.0,0.0,0.0,0.0,0.0,0.0,0.0,0.0,8.0,26.0,0.0,0.0,0.0,0.0,0.0,0.0,0.0,0.0,0.0,0.0,0.0,0.0,0.0,0.0,0.0,0.0,0.0,0.0,0.0,0.0,16.979,0.25448,-0.00024654,1.1027e-07,-1.8624e-11,-702.8,152.659706
4_octyl,C8F17,0.0,0.0,0.0,7.0,17.0,0.0,0.0,0.0,0.0,0.0,24,8,17.0,0.0,0.0,F[C](C(F)(F)C(F)(F)C(F)(F)F)C(F)(F)C(F)(F)C(F)(F)C(F)(F)F,7,5.0,15.0,0.0,0.0,0.0,0.0,0.0,0.0,0.0,0.0,0.0,9.0,28.0,0.0,0.0,0.0,0.0,0.0,0.0,0.0,0.0,0.0,0.0,0.0,0.0,0.0,0.0,0.0,0.0,0.0,0.0,0.0,0.0,15.789,0.30568,-0.00030331,1.3863e-07,-2.3859e-11,0.0,170.02
pentane1H,C5HF11,0.0,0.0,0.0,4.0,11.0,1.0,0.0,0.0,0.0,0.0,16,5,11.0,1.0,0.0,FC(F)C(F)(F)C(F)(F)C(F)(F)C(F)(F)F,4,2.0,9.0,1.0,0.0,0.0,0.0,0.0,0.0,0.0,0.0,0.0,4.0,18.0,2.0,0.0,0.0,0.0,0.0,0.0,0.0,0.0,0.0,0.0,0.0,0.0,0.0,0.0,0.0,0.0,0.0,0.0,0.0,0.0,9.373,0.19517,-0.00018633,8.3031e-08,-1.4036e-11,-556.45,123.18
52ftoh,C7H5F11O,0.0,0.0,0.0,6.0,11.0,4.0,1.0,0.0,1.0,0.0,23,7,11.0,5.0,1.0,OCCC(F)(F)C(F)(F)C(F)(F)C(F)(F)C(F)(F)F,7,4.0,9.0,4.0,1.0,0.0,1.0,0.0,0.0,0.0,0.0,0.0,8.0,18.0,4.0,0.0,0.0,0.0,0.0,0.0,0.0,4.0,2.0,0.0,2.0,0.0,0.0,0.0,0.0,0.0,0.0,0.0,0.0,0.0,10.612,0.25027,-0.00022159,9.4216e-08,-1.5427e-11,0.0,143.17
32ftoh,C5H5F7O,0.0,0.0,0.0,4.0,7.0,4.0,1.0,0.0,1.0,0.0,17,5,7.0,5.0,1.0,OCCC(F)(F)C(F)(F)C(F)(F)F,5,2.0,5.0,4.0,1.0,0.0,1.0,0.0,0.0,0.0,0.0,0.0,4.0,10.0,4.0,0.0,0.0,0.0,0.0,0.0,0.0,4.0,2.0,0.0,2.0,0.0,0.0,0.0,0.0,0.0,0.0,0.0,0.0,0.0,7.1538,0.17364,-0.00014538,5.9317e-08,-9.4119e-12,0.0,118.37
cfoh_cis,CHFO,0.0,0.0,0.0,0.0,1.0,0.0,1.0,0.0,1.0,0.0,3,1,1.0,1.0,1.0,O[C]F,1,0.0,0.0,0.0,0.0,0.0,0.0,0.0,0.0,0.0,0.0,0.0,0.0,0.0,0.0,0.0,0.0,1.0,0.0,0.0,0.0,0.0,0.0,0.0,0.0,0.0,0.0,0.0,0.0,0.0,0.0,0.0,0.0,0.0,3.9553,0.027276,-2.2138e-05,8.7735e-09,-1.3483e-12,-159.77,59.289
c3f7o,C3F7O,0.0,0.0,0.0,2.0,7.0,0.0,1.0,0.0,0.0,0.0,10,3,7.0,0.0,1.0,[O]C(F)(F)C(F)(F)C(F)(F)F,2,0.0,2.0,0.0,1.0,0.0,0.0,0.0,0.0,0.0,0.0,0.0,3.0,10.0,0.0,2.0,0.0,0.0,0.0,0.0,0.0,0.0,0.0,0.0,0.0,0.0,0.0,0.0,0.0,0.0,0.0,0.0,0.0,0.0,6.2226,0.13474,-0.00013661,6.3442e-08,-1.1049e-11,0.0,101.13
n_octane_twisted,C8F18,0.0,0.0,0.0,7.0,18.0,0.0,0.0,0.0,0.0,0.0,25,8,18.0,0.0,0.0,FC(F)(F)C(F)(F)C(F)(F)C(F)(F)C(F)(F)C(F)(F)C(F)(F)C(F)(F)F,7,5.0,13.0,0.0,0.0,0.0,0.0,0.0,0.0,0.0,0.0,0.0,13.0,32.0,0.0,0.0,0.0,0.0,0.0,0.0,0.0,0.0,0.0,0.0,0.0,0.0,0.0,0.0,0.0,0.0,0.0,0.0,0.0,0.0,14.412,0.32398,-0.00032223,1.4755e-07,-2.5431e-11,-909.28,166.526512
frd_903_0HFAts_prod_minusHF,C6F10O3,0.0,1.0,1.0,4.0,10.0,0.0,4.0,0.0,0.0,0.0,18,6,10.0,0.0,3.0,O=C1O[C@]1(OC(F)(F)C(F)(F)C(F)(F)F)C(F)(F)F,5,0.0,5.0,0.0,1.0,1.0,0.0,0.0,2.0,0.0,0.0,1.0,3.0,10.0,0.0,2.0,2.0,0.0,0.0,0.0,0.0,0.0,0.0,0.0,0.0,0.0,0.0,0.0,0.0,6.0,0.0,0.0,0.0,0.0,9.2867,0.23195,-0.00022741,1.0314e-07,-1.7657e-11,0.0,138.47
c4f7_o,C4F7O,0.0,1.0,1.0,3.0,7.0,0.0,0.0,0.0,0.0,0.0,10,4,7.0,0.0,1.0,O=C(F)[C](F)C(F)(F)C(F)(F)F,3,1.0,6.0,0.0,1.0,0.0,0.0,0.0,0.0,0.0,0.0,0.0,1.0,9.0,0.0,1.0,0.0,0.0,0.0,0.0,0.0,0.0,0.0,0.0,0.0,0.0,0.0,0.0,0.0,0.0,0.0,0.0,0.0,0.0,8.9241,0.13439,-0.00013079,5.906e-08,-1.0085e-11,-300.33,106.98
c5_prim_sec_rad_isots,C5F11,1.0,0.0,1.0,3.0,10.0,0.0,0.0,0.0,0.0,0.0,13,5,11.0,0.0,0.0,FC(F)=C(F)C(F)(F)C(F)(F)C(F)(F)F.[F],3,2.0,6.0,0.0,0.0,0.0,0.0,0.0,0.0,0.0,0.0,0.0,4.0,12.0,0.0,0.0,0.0,0.0,0.0,0.0,0.0,0.0,0.0,0.0,0.0,0.0,0.0,0.0,0.0,0.0,0.0,0.0,0.0,0.0,,,,,,,
c7f15oh,C7HF15O,0.0,0.0,0.0,6.0,15.0,0.0,1.0,0.0,1.0,0.0,23,7,15.0,1.0,1.0,OC(F)(F)C(F)(F)C(F)(F)C(F)(F)C(F)(F)C(F)(F)C(F)(F)F,7,4.0,13.0,0.0,1.0,0.0,1.0,0.0,0.0,0.0,0.0,0.0,8.0,26.0,0.0,2.0,0.0,2.0,0.0,0.0,0.0,0.0,0.0,0.0,0.0,0.0,0.0,0.0,0.0,0.0,0.0,0.0,0.0,0.0,13.438,0.29164,-0.0002889,1.3236e-07,-2.2846e-11,-803.55,155.44
allyl,C3F5,1.0,0.0,1.0,1.0,5.0,0.0,0.0,0.0,0.0,0.0,6,3,5.0,0.0,0.0,F[C](F)C(F)=C(F)F,1,0.0,2.0,0.0,0.0,0.0,0.0,0.0,0.0,0.0,0.0,0.0,0.0,2.0,0.0,0.0,0.0,0.0,0.0,0.0,0.0,0.0,0.0,0.0,0.0,0.0,0.0,0.0,0.0,0.0,0.0,0.0,0.0,0.0,,,,,,,
c3f6oOH2nd,C3HF6O2,0.0,0.0,0.0,2.0,6.0,0.0,2.0,0.0,1.0,0.0,11,3,6.0,1.0,2.0,[O]C(O)(F)C(F)(F)C(F)(F)F,3,0.0,1.0,0.0,2.0,0.0,1.0,0.0,0.0,0.0,0.0,0.0,3.0,8.0,0.0,4.0,0.0,1.0,0.0,0.0,0.0,0.0,0.0,0.0,0.0,0.0,0.0,0.0,0.0,0.0,0.0,0.0,0.0,1.0,6.4555,0.14,-0.00013921,6.4226e-08,-1.1157e-11,0.0,101.19
pfoa,C8HF15O2,0.0,1.0,1.0,7.0,15.0,0.0,1.0,0.0,1.0,0.0,24,8,15.0,1.0,2.0,O=C(O)C(F)(F)C(F)(F)C(F)(F)C(F)(F)C(F)(F)C(F)(F)C(F)(F)F,8,5.0,13.0,0.0,2.0,0.0,1.0,0.0,0.0,0.0,0.0,0.0,10.0,26.0,0.0,4.0,0.0,0.0,0.0,0.0,0.0,0.0,0.0,0.0,0.0,0.0,0.0,0.0,0.0,0.0,0.0,0.0,0.0,1.0,14.427,0.3131,-0.00030747,1.4007e-07,-2.4083e-11,0.0,165.67
pfhxoh,C6HF13O,0.0,0.0,0.0,5.0,13.0,0.0,1.0,0.0,1.0,0.0,20,6,13.0,1.0,1.0,OC(F)(F)C(F)(F)C(F)(F)C(F)(F)C(F)(F)C(F)(F)F,6,3.0,11.0,0.0,1.0,0.0,1.0,0.0,0.0,0.0,0.0,0.0,6.0,22.0,0.0,2.0,0.0,2.0,0.0,0.0,0.0,0.0,0.0,0.0,0.0,0.0,0.0,0.0,0.0,0.0,0.0,0.0,0.0,0.0,11.626,0.25346,-0.00025086,1.1494e-07,-1.9843e-11,0.0,141.24
62rh,C8H5F13,0.0,0.0,0.0,7.0,13.0,5.0,0.0,0.0,0.0,0.0,25,8,13.0,5.0,0.0,CCC(F)(F)C(F)(F)C(F)(F)C(F)(F)C(F)(F)C(F)(F)F,7,5.0,8.0,5.0,0.0,0.0,0.0,0.0,0.0,0.0,0.0,0.0,13.0,22.0,4.0,0.0,0.0,0.0,0.0,0.0,0.0,6.0,0.0,0.0,0.0,0.0,0.0,0.0,0.0,0.0,0.0,0.0,0.0,0.0,10.821,0.279,-0.00025075,1.0789e-07,-1.7842e-11,0.0,149.64
c6_rad,C6F13,0.0,0.0,0.0,5.0,13.0,0.0,0.0,0.0,0.0,0.0,18,6,13.0,0.0,0.0,F[C](F)C(F)(F)C(F)(F)C(F)(F)C(F)(F)C(F)(F)F,5,3.0,11.0,0.0,0.0,0.0,0.0,0.0,0.0,0.0,0.0,0.0,6.0,22.0,0.0,0.0,0.0,0.0,0.0,0.0,0.0,0.0,0.0,0.0,0.0,0.0,0.0,0.0,0.0,0.0,0.0,0.0,0.0,0.0,14.833,0.21805,-0.00021118,9.4427e-08,-1.5946e-11,-605.04,138.77868
1_octane_c8_rad,C8F17,0.0,0.0,0.0,7.0,17.0,0.0,0.0,0.0,0.0,0.0,24,8,17.0,0.0,0.0,F[C](F)C(F)(F)C(F)(F)C(F)(F)C(F)(F)C(F)(F)C(F)(F)C(F)(F)F,7,5.0,15.0,0.0,0.0,0.0,0.0,0.0,0.0,0.0,0.0,0.0,10.0,30.0,0.0,0.0,0.0,0.0,0.0,0.0,0.0,0.0,0.0,0.0,0.0,0.0,0.0,0.0,0.0,0.0,0.0,0.0,0.0,0.0,15.505,0.30662,-0.00030447,1.3926e-07,-2.3979e-11,-800.34,166.66
c2h6,C2H6,0.0,0.0,0.0,1.0,0.0,6.0,0.0,0.0,0.0,0.0,7,2,0.0,6.0,0.0,CC,1,0.0,0.0,0.0,0.0,0.0,0.0,0.0,0.0,0.0,0.0,0.0,0.0,0.0,0.0,0.0,0.0,0.0,0.0,0.0,0.0,9.0,0.0,0.0,0.0,0.0,0.0,0.0,0.0,0.0,0.0,0.0,0.0,0.0,,,,,,,
3_pentyl,C6F13,0.0,0.0,0.0,5.0,13.0,0.0,0.0,0.0,0.0,0.0,18,6,13.0,0.0,0.0,F[C](C(F)(F)C(F)(F)F)C(F)(F)C(F)(F)C(F)(F)F,5,3.0,11.0,0.0,0.0,0.0,0.0,0.0,0.0,0.0,0.0,0.0,5.0,20.0,0.0,0.0,0.0,0.0,0.0,0.0,0.0,0.0,0.0,0.0,0.0,0.0,0.0,0.0,0.0,0.0,0.0,0.0,0.0,0.0,10.743,0.19028,-0.00018844,8.6003e-08,-1.4784e-11,0.0,127.62
c3f7oh,C3HF7O,0.0,0.0,0.0,2.0,7.0,0.0,1.0,0.0,1.0,0.0,11,3,7.0,1.0,1.0,OC(F)(F)C(F)(F)C(F)(F)F,3,0.0,2.0,0.0,1.0,0.0,1.0,0.0,0.0,0.0,0.0,0.0,3.0,10.0,0.0,2.0,0.0,2.0,0.0,0.0,0.0,0.0,0.0,0.0,0.0,0.0,0.0,0.0,0.0,0.0,0.0,0.0,0.0,0.0,6.8733,0.13708,-0.0001347,6.1633e-08,-1.0635e-11,-412.21,101.53
61_heptene,C7H2F12,1.0,0.0,1.0,5.0,12.0,2.0,0.0,0.0,0.0,0.0,19,7,12.0,2.0,0.0,C=C(F)C(F)(F)C(F)(F)C(F)(F)C(F)(F)C(F)(F)F,5,4.0,10.0,0.0,0.0,0.0,0.0,0.0,0.0,0.0,0.0,0.0,8.0,20.0,0.0,0.0,0.0,0.0,0.0,0.0,0.0,0.0,0.0,0.0,0.0,0.0,0.0,0.0,0.0,0.0,0.0,0.0,0.0,0.0,9.3318,0.24725,-0.00023855,1.0773e-07,-1.8439e-11,0.0,137.79
c3f6o2_1st,C3F6O2,0.0,0.0,0.0,2.0,6.0,0.0,1.0,0.0,0.0,1.0,10,3,6.0,0.0,2.0,[O]OC(F)(F)[C](F)C(F)(F)F,3,0.0,5.0,0.0,1.0,0.0,0.0,1.0,0.0,0.0,0.0,0.0,0.0,5.0,0.0,1.0,0.0,0.0,2.0,0.0,0.0,0.0,0.0,0.0,0.0,0.0,0.0,0.0,0.0,0.0,0.0,0.0,0.0,0.0,8.4398,0.12567,-0.00012458,5.6876e-08,-9.7768e-12,0.0,106.04
hfp_2oh,C3HF6O,0.0,0.0,0.0,2.0,6.0,0.0,1.0,0.0,1.0,0.0,10,3,6.0,1.0,1.0,O[C@](F)([C](F)F)C(F)(F)F,3,0.0,2.0,0.0,0.0,0.0,2.0,0.0,0.0,0.0,0.0,0.0,3.0,5.0,0.0,3.0,0.0,1.0,0.0,0.0,0.0,0.0,0.0,0.0,0.0,0.0,0.0,0.0,0.0,2.0,0.0,0.0,0.0,0.0,,,,,,,
52rh,C7H5F11,0.0,0.0,0.0,6.0,11.0,5.0,0.0,0.0,0.0,0.0,22,7,11.0,5.0,0.0,CCC(F)(F)C(F)(F)C(F)(F)C(F)(F)C(F)(F)F,6,4.0,6.0,5.0,0.0,0.0,0.0,0.0,0.0,0.0,0.0,0.0,11.0,18.0,4.0,0.0,0.0,0.0,0.0,0.0,0.0,6.0,0.0,0.0,0.0,0.0,0.0,0.0,0.0,0.0,0.0,0.0,0.0,0.0,9.1028,0.24061,-0.00021253,9.0373e-08,-1.4822e-11,0.0,135.87
cpropane_intts_prod,C3F6,0.0,0.0,0.0,2.0,6.0,0.0,0.0,0.0,0.0,0.0,8,3,6.0,0.0,0.0,F[C](F)C(F)(F)[C](F)F,2,0.0,0.0,0.0,0.0,0.0,0.0,0.0,0.0,0.0,0.0,0.0,4.0,8.0,0.0,0.0,0.0,0.0,0.0,0.0,0.0,0.0,0.0,0.0,0.0,0.0,0.0,0.0,0.0,0.0,0.0,0.0,0.0,0.0,,,,,,,
pfpra,C3HF5O2,0.0,1.0,1.0,2.0,5.0,0.0,1.0,0.0,1.0,0.0,9,3,5.0,1.0,2.0,O=C(O)C(F)(F)C(F)(F)F,3,0.0,0.0,0.0,2.0,0.0,1.0,0.0,0.0,0.0,0.0,0.0,3.0,6.0,0.0,4.0,0.0,0.0,0.0,0.0,0.0,0.0,0.0,0.0,0.0,0.0,0.0,0.0,0.0,0.0,0.0,0.0,0.0,1.0,5.7283,0.12156,-0.00011688,5.2758e-08,-9.0306e-12,0.0,96.243
propane1H,C3HF7,0.0,0.0,0.0,2.0,7.0,1.0,0.0,0.0,0.0,0.0,10,3,7.0,1.0,0.0,FC(F)C(F)(F)C(F)(F)F,2,0.0,2.0,1.0,0.0,0.0,0.0,0.0,0.0,0.0,0.0,0.0,3.0,10.0,2.0,0.0,0.0,0.0,0.0,0.0,0.0,0.0,0.0,0.0,0.0,0.0,0.0,0.0,0.0,0.0,0.0,0.0,0.0,0.0,5.9291,0.11846,-0.00011,4.8063e-08,-8.007e-12,-361.38,95.555
32rh,C5H5F7,0.0,0.0,0.0,4.0,7.0,5.0,0.0,0.0,0.0,0.0,16,5,7.0,5.0,0.0,CCC(F)(F)C(F)(F)C(F)(F)F,4,2.0,2.0,5.0,0.0,0.0,0.0,0.0,0.0,0.0,0.0,0.0,7.0,10.0,4.0,0.0,0.0,0.0,0.0,0.0,0.0,6.0,0.0,0.0,0.0,0.0,0.0,0.0,0.0,0.0,0.0,0.0,0.0,0.0,5.7499,0.1636,-0.00013583,5.521e-08,-8.7559e-12,0.0,108.8
4_heptyl,C7F15,0.0,0.0,0.0,6.0,15.0,0.0,0.0,0.0,0.0,0.0,21,7,15.0,0.0,0.0,F[C](C(F)(F)C(F)(F)C(F)(F)F)C(F)(F)C(F)(F)C(F)(F)F,6,4.0,13.0,0.0,0.0,0.0,0.0,0.0,0.0,0.0,0.0,0.0,7.0,24.0,0.0,0.0,0.0,0.0,0.0,0.0,0.0,0.0,0.0,0.0,0.0,0.0,0.0,0.0,0.0,0.0,0.0,0.0,0.0,0.0,14.027,0.26742,-0.00026525,1.212e-07,-2.0855e-11,0.0,156.05
71_octene,C8H2F14,1.0,0.0,1.0,6.0,14.0,2.0,0.0,0.0,0.0,0.0,22,8,14.0,2.0,0.0,C=C(F)C(F)(F)C(F)(F)C(F)(F)C(F)(F)C(F)(F)C(F)(F)F,6,5.0,12.0,0.0,0.0,0.0,0.0,0.0,0.0,0.0,0.0,0.0,10.0,24.0,0.0,0.0,0.0,0.0,0.0,0.0,0.0,0.0,0.0,0.0,0.0,0.0,0.0,0.0,0.0,0.0,0.0,0.0,0.0,0.0,11.221,0.28505,-0.00027604,1.2486e-07,-2.1385e-11,0.0,152.36
32_pentene,C5H3F7,1.0,0.0,1.0,3.0,7.0,3.0,0.0,0.0,0.0,0.0,13,5,7.0,3.0,0.0,C=CC(F)(F)C(F)(F)C(F)(F)F,3,2.0,5.0,1.0,0.0,0.0,0.0,0.0,0.0,0.0,0.0,0.0,4.0,10.0,2.0,0.0,0.0,0.0,0.0,0.0,0.0,0.0,0.0,0.0,0.0,0.0,0.0,0.0,0.0,0.0,0.0,0.0,0.0,0.0,5.0985,0.1614,-0.00014732,6.4332e-08,-1.0771e-11,0.0,105.83
cf2_tfa_prod,C3HF5O2,0.0,1.0,1.0,1.0,5.0,1.0,2.0,0.0,0.0,0.0,9,3,5.0,1.0,2.0,O=C(OC(F)F)C(F)(F)F,3,0.0,0.0,0.0,0.0,1.0,0.0,0.0,0.0,0.0,0.0,0.0,0.0,0.0,0.0,6.0,2.0,0.0,0.0,0.0,0.0,0.0,0.0,1.0,0.0,0.0,0.0,0.0,0.0,0.0,0.0,0.0,1.0,0.0,5.8829,0.1132,-0.00010115,4.2852e-08,-6.9639e-12,0.0,97.837
octene,C8F16,1.0,0.0,1.0,6.0,16.0,0.0,0.0,0.0,0.0,0.0,22,8,16.0,0.0,0.0,FC(F)=C(F)C(F)(F)C(F)(F)C(F)(F)C(F)(F)C(F)(F)C(F)(F)F,6,5.0,12.0,0.0,0.0,0.0,0.0,0.0,0.0,0.0,0.0,0.0,10.0,24.0,0.0,0.0,0.0,0.0,0.0,0.0,0.0,0.0,0.0,0.0,0.0,0.0,0.0,0.0,0.0,0.0,0.0,0.0,0.0,0.0,15.173,0.28984,-0.00028597,1.3034e-07,-2.2403e-11,0.0,161.73
e1,C5HF11O,0.0,0.0,0.0,3.0,11.0,1.0,2.0,0.0,0.0,0.0,17,5,11.0,1.0,1.0,F[C@@H](OC(F)(F)C(F)(F)C(F)(F)F)C(F)(F)F,5,0.0,2.0,0.0,1.0,1.0,0.0,0.0,1.0,1.0,1.0,0.0,3.0,13.0,0.0,2.0,2.0,0.0,0.0,0.0,3.0,0.0,0.0,0.0,0.0,0.0,0.0,0.0,0.0,3.0,0.0,0.0,0.0,0.0,8.5402,0.21078,-0.00020132,8.9656e-08,-1.5142e-11,0.0,130.72
33_ftca,C6H5F7O2,0.0,1.0,1.0,5.0,7.0,4.0,1.0,0.0,1.0,0.0,18,6,7.0,5.0,2.0,O=C(O)CCC(F)(F)C(F)(F)C(F)(F)F,6,3.0,5.0,4.0,2.0,0.0,1.0,0.0,0.0,0.0,0.0,0.0,4.0,10.0,4.0,0.0,0.0,0.0,0.0,2.0,0.0,4.0,4.0,0.0,0.0,0.0,0.0,0.0,0.0,0.0,0.0,0.0,0.0,1.0,5.6588,0.20479,-0.00017668,7.3899e-08,-1.1968e-11,0.0,127.08
2_pentene,C5F10,1.0,0.0,1.0,3.0,10.0,0.0,0.0,0.0,0.0,0.0,13,5,10.0,0.0,0.0,F/C(=C(/F)C(F)(F)C(F)(F)F)C(F)(F)F,3,1.0,7.0,0.0,0.0,0.0,0.0,0.0,0.0,0.0,0.0,0.0,2.0,11.0,0.0,0.0,0.0,0.0,0.0,0.0,0.0,0.0,0.0,0.0,0.0,0.0,0.0,0.0,0.0,0.0,0.0,0.0,0.0,0.0,9.1206,0.17742,-0.00017433,7.9238e-08,-1.3592e-11,0.0,119.98
tfcof_oh,C2HF4O2,0.0,0.0,0.0,1.0,4.0,0.0,2.0,0.0,1.0,0.0,8,2,4.0,1.0,2.0,[O]C(O)(F)C(F)(F)F,2,0.0,0.0,0.0,0.0,0.0,1.0,0.0,0.0,0.0,0.0,0.0,0.0,3.0,0.0,6.0,0.0,1.0,0.0,0.0,0.0,0.0,0.0,0.0,0.0,0.0,0.0,0.0,0.0,0.0,0.0,0.0,0.0,1.0,4.6524,0.10215,-0.0001018,4.718e-08,-8.2299e-12,0.0,85.745
cf3cfoh,C2HF4O,0.0,0.0,0.0,1.0,4.0,0.0,1.0,0.0,1.0,0.0,7,2,4.0,1.0,1.0,O[C](F)C(F)(F)F,2,0.0,0.0,0.0,0.0,0.0,1.0,0.0,0.0,0.0,0.0,0.0,0.0,3.0,0.0,0.0,0.0,1.0,0.0,0.0,0.0,0.0,0.0,0.0,0.0,0.0,0.0,0.0,0.0,3.0,0.0,0.0,0.0,0.0,5.4323,0.083676,-8.1428e-05,3.7124e-08,-6.3984e-12,-231.88,83.107
22_butene,C4H3F5,1.0,0.0,1.0,2.0,5.0,3.0,0.0,0.0,0.0,0.0,10,4,5.0,3.0,0.0,C=CC(F)(F)C(F)(F)F,2,1.0,3.0,1.0,0.0,0.0,0.0,0.0,0.0,0.0,0.0,0.0,2.0,6.0,2.0,0.0,0.0,0.0,0.0,0.0,0.0,0.0,0.0,0.0,0.0,0.0,0.0,0.0,0.0,0.0,0.0,0.0,0.0,0.0,3.4077,0.12299,-0.00010911,4.6837e-08,-7.7562e-12,0.0,90.776
1H_hexane,C6HF13,0.0,0.0,0.0,5.0,13.0,1.0,0.0,0.0,0.0,0.0,19,6,13.0,1.0,0.0,FC(F)C(F)(F)C(F)(F)C(F)(F)C(F)(F)C(F)(F)F,5,3.0,8.0,1.0,0.0,0.0,0.0,0.0,0.0,0.0,0.0,0.0,9.0,22.0,2.0,0.0,0.0,0.0,0.0,0.0,0.0,0.0,0.0,0.0,0.0,0.0,0.0,0.0,0.0,0.0,0.0,0.0,0.0,0.0,10.97,0.23395,-0.00022503,1.008e-07,-1.7106e-11,0.0,136.86
22rh,C4H5F5,0.0,0.0,0.0,3.0,5.0,5.0,0.0,0.0,0.0,0.0,13,4,5.0,5.0,0.0,CCC(F)(F)C(F)(F)F,3,1.0,0.0,5.0,0.0,0.0,0.0,0.0,0.0,0.0,0.0,0.0,5.0,6.0,4.0,0.0,0.0,0.0,0.0,0.0,0.0,6.0,0.0,0.0,0.0,0.0,0.0,0.0,0.0,0.0,0.0,0.0,0.0,0.0,3.92,0.12557,-9.8047e-05,3.7932e-08,-5.782e-12,0.0,92.759
62_octene,C8H3F13,1.0,0.0,1.0,6.0,13.0,3.0,0.0,0.0,0.0,0.0,22,8,13.0,3.0,0.0,C=CC(F)(F)C(F)(F)C(F)(F)C(F)(F)C(F)(F)C(F)(F)F,6,5.0,11.0,1.0,0.0,0.0,0.0,0.0,0.0,0.0,0.0,0.0,10.0,22.0,2.0,0.0,0.0,0.0,0.0,0.0,0.0,0.0,0.0,0.0,0.0,0.0,0.0,0.0,0.0,0.0,0.0,0.0,0.0,0.0,10.416,0.27604,-0.00026132,1.1652e-07,-1.9764e-11,0.0,147.99
butylallyl,C4F7,1.0,0.0,1.0,2.0,7.0,0.0,0.0,0.0,0.0,0.0,9,4,7.0,0.0,0.0,F[C](C(F)=C(F)F)C(F)(F)F,2,1.0,4.0,0.0,0.0,0.0,0.0,0.0,0.0,0.0,0.0,0.0,1.0,4.0,0.0,0.0,0.0,0.0,0.0,0.0,0.0,0.0,0.0,0.0,0.0,0.0,0.0,0.0,0.0,0.0,0.0,0.0,0.0,0.0,9.4988,0.11984,-0.00011699,5.2971e-08,-9.0669e-12,-274.97,106.35
c2f3_o,C2F3O,0.0,1.0,1.0,1.0,3.0,0.0,0.0,0.0,0.0,0.0,4,2,3.0,0.0,1.0,O=C(F)[C](F)F,1,0.0,0.0,0.0,0.0,0.0,0.0,0.0,0.0,0.0,0.0,0.0,0.0,2.0,0.0,2.0,0.0,0.0,0.0,0.0,0.0,0.0,0.0,0.0,0.0,0.0,0.0,0.0,0.0,0.0,0.0,0.0,0.0,0.0,7.1063,0.052812,-4.9096e-05,2.1525e-08,-3.6064e-12,-146.25,76.899
c2f4_oh,C2HF4O,0.0,0.0,0.0,1.0,4.0,0.0,1.0,0.0,1.0,0.0,7,2,4.0,1.0,1.0,OC(F)(F)[C](F)F,2,0.0,0.0,0.0,0.0,0.0,1.0,0.0,0.0,0.0,0.0,0.0,0.0,4.0,0.0,2.0,0.0,2.0,0.0,0.0,0.0,0.0,0.0,0.0,0.0,0.0,0.0,0.0,0.0,0.0,0.0,0.0,0.0,0.0,5.5231,0.083345,-8.0976e-05,3.6864e-08,-6.3455e-12,-210.36,24.195
heptane,C7F16,0.0,0.0,0.0,6.0,16.0,0.0,0.0,0.0,0.0,0.0,22,7,16.0,0.0,0.0,FC(F)(F)C(F)(F)C(F)(F)C(F)(F)C(F)(F)C(F)(F)C(F)(F)F,6,4.0,11.0,0.0,0.0,0.0,0.0,0.0,0.0,0.0,0.0,0.0,11.0,28.0,0.0,0.0,0.0,0.0,0.0,0.0,0.0,0.0,0.0,0.0,0.0,0.0,0.0,0.0,0.0,0.0,0.0,0.0,0.0,0.0,13.078,0.28431,-0.00028241,1.2918e-07,-2.2245e-11,-811.67,153.808976
2_heptene,C7F14,1.0,0.0,1.0,5.0,14.0,0.0,0.0,0.0,0.0,0.0,19,7,14.0,0.0,0.0,F/C(=C(/F)C(F)(F)C(F)(F)C(F)(F)C(F)(F)F)C(F)(F)F,5,3.0,11.0,0.0,0.0,0.0,0.0,0.0,0.0,0.0,0.0,0.0,6.0,19.0,0.0,0.0,0.0,0.0,0.0,0.0,0.0,0.0,0.0,0.0,0.0,0.0,0.0,0.0,0.0,0.0,0.0,0.0,0.0,0.0,12.666,0.2538,-0.00025026,1.1398e-07,-1.9576e-11,0.0,149.61
42ftoh,C6H5F9O,0.0,0.0,0.0,5.0,9.0,4.0,1.0,0.0,1.0,0.0,20,6,9.0,5.0,1.0,OCCC(F)(F)C(F)(F)C(F)(F)C(F)(F)F,6,3.0,7.0,4.0,1.0,0.0,1.0,0.0,0.0,0.0,0.0,0.0,6.0,14.0,4.0,0.0,0.0,0.0,0.0,0.0,0.0,4.0,2.0,0.0,2.0,0.0,0.0,0.0,0.0,0.0,0.0,0.0,0.0,0.0,8.7226,0.21248,-0.00018413,7.7108e-08,-1.2484e-11,0.0,128.55
hexene,C6F12,1.0,0.0,1.0,4.0,12.0,0.0,0.0,0.0,0.0,0.0,16,6,12.0,0.0,0.0,FC(F)=C(F)C(F)(F)C(F)(F)C(F)(F)C(F)(F)F,4,3.0,8.0,0.0,0.0,0.0,0.0,0.0,0.0,0.0,0.0,0.0,6.0,16.0,0.0,0.0,0.0,0.0,0.0,0.0,0.0,0.0,0.0,0.0,0.0,0.0,0.0,0.0,0.0,0.0,0.0,0.0,0.0,0.0,11.802,0.21282,-0.00020922,9.5142e-08,-1.6328e-11,0.0,134.2
pfooh,C8HF17O,0.0,0.0,0.0,7.0,17.0,0.0,1.0,0.0,1.0,0.0,26,8,17.0,1.0,1.0,OC(F)(F)C(F)(F)C(F)(F)C(F)(F)C(F)(F)C(F)(F)C(F)(F)C(F)(F)F,8,5.0,15.0,0.0,1.0,0.0,1.0,0.0,0.0,0.0,0.0,0.0,10.0,30.0,0.0,2.0,0.0,2.0,0.0,0.0,0.0,0.0,0.0,0.0,0.0,0.0,0.0,0.0,0.0,0.0,0.0,0.0,0.0,0.0,14.773,0.33121,-0.00032852,1.5062e-07,-2.6011e-11,0.0,168.24
cf2o2_rad,CF2O2,0.0,0.0,0.0,0.0,2.0,0.0,1.0,0.0,0.0,1.0,4,1,2.0,0.0,2.0,[O]O[C](F)F,1,0.0,0.0,0.0,0.0,0.0,0.0,0.0,0.0,0.0,0.0,0.0,0.0,0.0,0.0,0.0,0.0,0.0,2.0,0.0,0.0,0.0,0.0,0.0,0.0,0.0,0.0,0.0,0.0,0.0,0.0,0.0,0.0,0.0,5.1022,0.046575,-4.5021e-05,2.0322e-08,-3.4783e-12,-41.1,69.181
propane,C3H8,0.0,0.0,0.0,2.0,0.0,8.0,0.0,0.0,0.0,0.0,10,3,0.0,8.0,0.0,CCC,2,0.0,0.0,6.0,0.0,0.0,0.0,0.0,0.0,0.0,0.0,0.0,0.0,0.0,0.0,0.0,0.0,0.0,0.0,0.0,0.0,12.0,0.0,0.0,0.0,0.0,0.0,0.0,0.0,0.0,0.0,0.0,0.0,0.0,,,,,,,
cf3cf2chf,C3HF6,0.0,0.0,0.0,2.0,6.0,1.0,0.0,0.0,0.0,0.0,9,3,6.0,1.0,0.0,F[CH]C(F)(F)C(F)(F)F,2,0.0,3.0,0.0,0.0,0.0,0.0,0.0,0.0,0.0,0.0,0.0,1.0,8.0,0.0,0.0,0.0,0.0,0.0,1.0,2.0,0.0,0.0,0.0,0.0,0.0,0.0,0.0,0.0,0.0,0.0,0.0,0.0,0.0,,,,,,,
hfp_2oh_1rad_prod,C3HF6O,0.0,0.0,0.0,2.0,6.0,0.0,1.0,0.0,1.0,0.0,10,3,6.0,1.0,1.0,O[C@@](F)([C](F)F)C(F)(F)F,3,0.0,2.0,0.0,0.0,0.0,2.0,0.0,0.0,0.0,0.0,0.0,3.0,5.0,0.0,3.0,0.0,1.0,0.0,0.0,0.0,0.0,0.0,0.0,0.0,0.0,0.0,0.0,0.0,2.0,0.0,0.0,0.0,0.0,,,,,,,
2Hbutane,C4HF9,0.0,0.0,0.0,3.0,9.0,1.0,0.0,0.0,0.0,0.0,13,4,9.0,1.0,0.0,F[C@H](C(F)(F)F)C(F)(F)C(F)(F)F,3,1.0,5.0,0.0,0.0,0.0,0.0,0.0,0.0,0.0,0.0,0.0,4.0,11.0,3.0,0.0,0.0,0.0,0.0,1.0,2.0,0.0,0.0,0.0,0.0,0.0,0.0,0.0,0.0,0.0,0.0,0.0,0.0,0.0,,,,,,,
hfp_1oh_ts,C3HF6O,1.0,0.0,1.0,1.0,5.0,0.0,1.0,0.0,1.0,0.0,8,3,6.0,1.0,1.0,O/C(F)=C(/F)C(F)(F)F.[F],2,0.0,0.0,0.0,0.0,0.0,1.0,0.0,0.0,0.0,0.0,0.0,3.0,3.0,0.0,0.0,0.0,1.0,0.0,0.0,0.0,0.0,0.0,0.0,0.0,0.0,0.0,0.0,0.0,0.0,0.0,0.0,0.0,0.0,,,,,,,
3_heptyl,C7F15,0.0,0.0,0.0,6.0,15.0,0.0,0.0,0.0,0.0,0.0,21,7,15.0,0.0,0.0,F[C](C(F)(F)C(F)(F)F)C(F)(F)C(F)(F)C(F)(F)C(F)(F)F,6,4.0,13.0,0.0,0.0,0.0,0.0,0.0,0.0,0.0,0.0,0.0,7.0,24.0,0.0,0.0,0.0,0.0,0.0,0.0,0.0,0.0,0.0,0.0,0.0,0.0,0.0,0.0,0.0,0.0,0.0,0.0,0.0,0.0,13.9,0.26792,-0.00026592,1.2157e-07,-2.0928e-11,0.0,156.01
51_hexene,C6H2F10,1.0,0.0,1.0,4.0,10.0,2.0,0.0,0.0,0.0,0.0,16,6,10.0,2.0,0.0,C=C(F)C(F)(F)C(F)(F)C(F)(F)C(F)(F)F,4,3.0,8.0,0.0,0.0,0.0,0.0,0.0,0.0,0.0,0.0,0.0,6.0,16.0,0.0,0.0,0.0,0.0,0.0,0.0,0.0,0.0,0.0,0.0,0.0,0.0,0.0,0.0,0.0,0.0,0.0,0.0,0.0,0.0,7.6842,0.20856,-0.00019992,8.9987e-08,-1.5373e-11,0.0,124.02
cf2hcf2,C2HF4,0.0,0.0,0.0,1.0,4.0,1.0,0.0,0.0,0.0,0.0,6,2,4.0,1.0,0.0,F[C](F)C(F)F,1,0.0,0.0,0.0,0.0,0.0,0.0,0.0,0.0,0.0,0.0,0.0,0.0,4.0,2.0,0.0,0.0,0.0,0.0,0.0,0.0,0.0,0.0,0.0,0.0,0.0,0.0,0.0,0.0,0.0,0.0,0.0,0.0,0.0,,,,,,,
c3f5co,C3F5O,0.0,1.0,1.0,2.0,5.0,0.0,0.0,0.0,0.0,0.0,7,3,5.0,0.0,1.0,O=C(F)[C](F)C(F)(F)F,2,0.0,1.0,0.0,1.0,0.0,0.0,0.0,0.0,0.0,0.0,0.0,3.0,4.0,0.0,1.0,0.0,0.0,0.0,0.0,0.0,0.0,0.0,0.0,0.0,0.0,0.0,0.0,0.0,0.0,0.0,0.0,0.0,0.0,7.1708,0.096353,-9.3121e-05,4.1865e-08,-7.1286e-12,0.0,93.212
cbutane_diradical,C4F8,0.0,0.0,0.0,3.0,8.0,0.0,0.0,0.0,0.0,0.0,11,4,8.0,0.0,0.0,F[C](F)C(F)(F)C(F)(F)[C](F)F,3,1.0,2.0,0.0,0.0,0.0,0.0,0.0,0.0,0.0,0.0,0.0,6.0,12.0,0.0,0.0,0.0,0.0,0.0,0.0,0.0,0.0,0.0,0.0,0.0,0.0,0.0,0.0,0.0,0.0,0.0,0.0,0.0,0.0,9.9754,0.13412,-0.00013135,5.9394e-08,-1.0134e-11,-296.79,107.9
